booking_id,customer_id,driver_id,booking_time,pickup_location,drop_location,city,vehicle_type,payment_method,distance_km,trip_duration_min,base_fare,surge_multiplier,traffic_level,weather_condition,ride_status,cancelled_by,driver_delay_min
B00001,C0090,D0112,2026-03-03 01:15:00,Viman Nagar,Hinjewadi,Pune,Bike,Card,2.97,6.6,57.82,1.09,Medium,Clear,Completed,Unknown,8.0
B00002,C0118,D0072,2026-03-16 13:10:00,Janakpuri,Rohini,Delhi,Bike,Cash,6.41,13.8,78.46,1.34,Low,Rain,Completed,Unknown,6.8
B00003,C0195,D0023,2026-03-31 17:35:00,Baner,Wakad,Pune,Auto,Card,3.31,6.0,89.79,1.42,Low,Clear,Completed,Unknown,7.0
B00004,C0114,D0022,2026-03-22 05:01:00,Rohini,Karol Bagh,Delhi,Auto,UPI,2.19,5.0,79.71,1.14,Low,Clear,Completed,Unknown,2.9
B00005,C0290,D0003,2026-01-23 15:02:00,Rohini,Saket,Delhi,Auto,Cash,2.38,6.9,81.42,1.12,Medium,Clear,Incomplete,Unknown,5.1
B00006,C0302,D0079,2026-02-03 08:52:00,Marathahalli,HSR Layout,Bengaluru,Bike,UPI,2.13,3.7,52.78,1.44,Low,Cloudy,Cancelled,Customer,1.5
B00007,C0359,D0126,2026-01-22 05:21:00,Gachibowli,Kukatpally,Hyderabad,Auto,Cash,3.99,6.5,95.91,1.05,Low,Clear,Incomplete,Unknown,13.1
B00008,C0174,D0056,2026-01-22 07:17:00,Colaba,Chembur,Mumbai,Bike,UPI,1.41,4.3,48.46,1.62,Medium,Rain,Completed,Unknown,4.5
B00009,C0161,D0062,2026-02-24 15:53:00,Pitampura,Janakpuri,Delhi,Auto,UPI,4.03,6.6,96.27,1.12,Low,Cloudy,Completed,Unknown,12.7
B00010,C0189,D0097,2026-01-15 08:39:00,Secunderabad,Gachibowli,Hyderabad,Cab,Wallet,3.5,12.6,139.0,1.71,High,Clear,Completed,Unknown,8.6
B00011,C0199,D0128,2026-03-20 18:42:00,Powai,Malad,Mumbai,Cab,UPI,4.05,12.6,146.7,1.78,High,Clear,Completed,Unknown,8.0
B00012,C0152,D0062,2026-02-14 05:51:00,HSR Layout,MG Road,Bengaluru,Cab,Cash,1.3,2.6,108.2,1.02,Low,Cloudy,Cancelled,Driver,10.6
B00013,C0158,D0120,2026-03-29 02:35:00,Banjara Hills,Ameerpet,Hyderabad,Bike,Cash,9.11,16.4,94.66,1.01,Low,Cloudy,Completed,Unknown,7.9
B00014,C0037,D0099,2026-03-03 20:14:00,Connaught Place,Pitampura,Delhi,Auto,UPI,14.17,28.1,187.53,1.08,Low,Cloudy,Completed,Unknown,9.1
B00015,C0030,D0102,2026-02-07 23:41:00,Kothrud,Hinjewadi,Pune,Auto,Card,6.17,22.9,115.53,1.34,High,Clear,Cancelled,Customer,4.1
B00016,C0295,D0005,2026-01-03 08:42:00,Chembur,Powai,Mumbai,Cab,UPI,1.9,4.3,116.6,1.7,Medium,Rain,Completed,Unknown,11.2
B00017,C0309,D0128,2026-03-05 08:26:00,Lajpat Nagar,Pitampura,Delhi,Bike,Card,12.28,20.4,113.68,1.5,Low,Clear,Completed,Unknown,3.3
B00018,C0390,D0064,2026-03-24 01:38:00,Baner,Hinjewadi,Pune,Cab,UPI,4.03,7.1,146.42,1.03,Low,Cloudy,Incomplete,Unknown,1.6
B00019,C0341,D0044,2026-02-27 23:22:00,Borivali,Dadar,Mumbai,Auto,UPI,6.07,17.4,114.63,1.45,High,Clear,Completed,Unknown,4.3
B00020,C0236,D0128,2026-02-19 13:26:00,Gachibowli,Banjara Hills,Hyderabad,Auto,UPI,2.39,9.4,81.51,1.32,High,Cloudy,Completed,Unknown,4.2
B00021,C0002,D0071,2026-02-18 06:42:00,Rohini,Dwarka,Delhi,Bike,Wallet,3.44,7.9,60.64,1.03,Medium,Clear,Cancelled,Customer,0.0
B00022,C0350,D0015,2026-01-28 20:27:00,Gachibowli,Madhapur,Hyderabad,Cab,Card,9.79,18.9,227.06,1.13,Low,Clear,Completed,Unknown,3.0
B00023,C0115,D0004,2026-01-15 01:26:00,Viman Nagar,Kharadi,Pune,Auto,UPI,6.51,11.8,118.59,1.22,Low,Rain,Incomplete,Unknown,11.7
B00024,C0130,D0041,2026-01-12 16:04:00,Malad,Andheri,Mumbai,Cab,Card,5.46,12.0,166.44,1.15,Low,Cloudy,Incomplete,Unknown,3.1
B00025,C0390,D0067,2026-02-08 17:47:00,Pitampura,Dwarka,Delhi,Auto,UPI,3.14,8.2,88.26,1.52,Medium,Clear,Completed,Unknown,0.0
B00026,C0076,D0051,2026-02-08 10:10:00,Kharadi,Hinjewadi,Pune,Bike,UPI,5.88,13.6,75.28,1.09,Low,Cloudy,Completed,Unknown,5.2
B00027,C0119,D0136,2026-03-09 06:57:00,Powai,Bandra,Mumbai,Bike,Wallet,10.38,28.1,102.28,1.06,Medium,Clear,Completed,Unknown,0.0
B00028,C0013,D0067,2026-03-03 04:02:00,Madhapur,Secunderabad,Hyderabad,Bike,UPI,1.4,2.6,48.4,1.01,Low,Cloudy,Completed,Unknown,0.0
B00029,C0192,D0074,2026-01-03 08:11:00,Hinjewadi,Kothrud,Pune,Cab,UPI,8.48,18.2,208.72,1.54,Medium,Smog,Completed,Unknown,4.1
B00030,C0003,D0010,2026-03-01 02:34:00,Borivali,Dadar,Mumbai,Bike,UPI,12.63,26.3,115.78,1.07,Medium,Clear,Completed,Unknown,0.0
B00031,C0264,D0073,2026-02-28 23:55:00,Ameerpet,Kukatpally,Hyderabad,Auto,UPI,6.94,26.0,122.46,1.32,High,Clear,Cancelled,Customer,5.3
B00032,C0282,D0060,2026-02-13 16:50:00,Kothrud,Kharadi,Pune,Cab,Cash,2.86,5.6,130.04,1.12,Low,Clear,Completed,Unknown,4.9
B00033,C0276,D0040,2026-03-19 12:23:00,Dwarka,Saket,Delhi,Auto,UPI,1.36,2.8,72.24,1.08,Low,Clear,Completed,Unknown,1.7
B00034,C0124,D0125,2026-01-17 23:24:00,Kothrud,Viman Nagar,Pune,Cab,UPI,5.71,15.9,169.94,1.11,Medium,Clear,Cancelled,Customer,0.0
B00035,C0079,D0112,2026-02-28 06:41:00,Dwarka,Pitampura,Delhi,Auto,UPI,5.75,9.8,111.75,1.12,Low,Cloudy,Completed,Unknown,7.3
B00036,C0255,D0016,2026-02-11 16:37:00,Andheri,Malad,Mumbai,Bike,UPI,2.02,4.8,52.12,1.32,Medium,Rain,Completed,Unknown,0.0
B00037,C0138,D0022,2026-02-17 05:31:00,Viman Nagar,Baner,Pune,Auto,UPI,6.48,18.1,118.32,1.06,Medium,Clear,Completed,Unknown,8.6
B00038,C0102,D0105,2026-03-18 19:06:00,Ameerpet,Kukatpally,Hyderabad,Auto,Card,8.02,24.9,132.18,1.77,High,Clear,Completed,Unknown,2.0
B00039,C0083,D0017,2026-02-26 06:53:00,Secunderabad,Kukatpally,Hyderabad,Cab,Wallet,4.82,10.6,157.48,1.3,Medium,Rain,Completed,Unknown,6.0
B00040,C0348,D0071,2026-03-15 08:44:00,Hauz Khas,Pitampura,Delhi,Auto,Cash,13.55,30.5,181.95,1.44,Medium,Clear,Completed,Unknown,0.0
B00041,C0239,D0027,2026-02-17 18:51:00,Whitefield,Jayanagar,Bengaluru,Cab,Wallet,2.37,7.6,123.18,1.81,High,Clear,Completed,Unknown,4.7
B00042,C0391,D0033,2026-03-14 01:35:00,Secunderabad,Kukatpally,Hyderabad,Cab,UPI,6.36,18.1,179.04,1.04,Medium,Clear,Completed,Unknown,0.0
B00043,C0012,D0093,2026-01-21 03:42:00,Hauz Khas,Rohini,Delhi,Auto,UPI,4.5,8.5,100.5,1.05,Low,Clear,Completed,Unknown,3.8
B00044,C0116,D0023,2026-02-22 09:24:00,Rohini,Lajpat Nagar,Delhi,Auto,Wallet,8.08,32.0,132.72,1.93,High,Rain,Cancelled,Customer,6.9
B00045,C0234,D0032,2026-01-31 20:16:00,HSR Layout,Koramangala,Bengaluru,Auto,UPI,17.01,33.6,213.09,1.05,Low,Clear,Completed,Unknown,0.8
B00046,C0281,D0029,2026-02-09 15:46:00,Secunderabad,Gachibowli,Hyderabad,Auto,Cash,15.71,31.8,201.39,1.03,Low,Clear,Completed,Unknown,3.9
B00047,C0226,D0004,2026-02-23 22:22:00,Malad,Borivali,Mumbai,Cab,Cash,4.67,11.8,155.38,1.05,Medium,Cloudy,Cancelled,Driver,11.7
B00048,C0152,D0035,2026-01-18 08:53:00,Baner,Kothrud,Pune,Bike,UPI,12.37,36.2,114.22,1.75,High,Clear,Completed,Unknown,10.0
B00049,C0024,D0024,2026-03-22 10:29:00,Ameerpet,Secunderabad,Hyderabad,Bike,Wallet,2.04,4.2,52.24,1.09,Low,Clear,Cancelled,Customer,0.0
B00050,C0392,D0033,2026-02-26 00:21:00,Bandra,Borivali,Mumbai,Bike,UPI,7.66,15.0,85.96,1.08,Low,Clear,Completed,Unknown,1.6
B00051,C0109,D0062,2026-02-07 13:26:00,Wakad,Baner,Pune,Bike,UPI,13.44,26.0,120.64,1.14,Low,Cloudy,Completed,Unknown,2.6
B00052,C0234,D0125,2026-02-20 00:41:00,Malad,Andheri,Mumbai,Auto,Cash,1.94,6.1,77.46,1.3,High,Cloudy,Completed,Unknown,3.8
B00053,C0193,D0093,2026-02-08 14:45:00,Banjara Hills,Secunderabad,Hyderabad,Cab,UPI,2.5,9.4,125.0,1.31,High,Cloudy,Cancelled,Customer,4.9
B00054,C0191,D0007,2026-01-20 18:55:00,Banjara Hills,Kukatpally,Hyderabad,Cab,Cash,4.07,8.1,146.98,1.53,Low,Clear,Cancelled,Customer,0.0
B00055,C0037,D0071,2026-03-09 22:15:00,Noida Sector 18,Janakpuri,Delhi,Cab,UPI,5.93,10.8,173.02,1.3,Low,Rain,Cancelled,Customer,0.3
B00056,C0139,D0114,2026-02-10 01:18:00,Electronic City,HSR Layout,Bengaluru,Cab,Cash,5.93,12.6,173.02,1.11,Low,Clear,Cancelled,Customer,0.4
B00057,C0002,D0100,2026-03-08 04:53:00,Ameerpet,Secunderabad,Hyderabad,Bike,Cash,1.07,3.0,46.42,1.06,Medium,Clear,Cancelled,Driver,0.0
B00058,C0129,D0115,2026-02-21 17:36:00,Lajpat Nagar,Dwarka,Delhi,Auto,UPI,2.32,9.4,80.88,1.97,High,Rain,Completed,Unknown,1.7
B00059,C0363,D0060,2026-02-27 00:59:00,Whitefield,HSR Layout,Bengaluru,Cab,UPI,2.48,4.5,124.72,1.14,Low,Clear,Completed,Unknown,1.6
B00060,C0003,D0028,2026-01-12 11:06:00,Saket,Hauz Khas,Delhi,Auto,Wallet,1.84,3.6,76.56,1.02,Low,Clear,Incomplete,Unknown,3.6
B00061,C0114,D0038,2026-03-10 17:35:00,Marathahalli,Whitefield,Bengaluru,Bike,Cash,2.27,5.0,53.62,1.44,Medium,Cloudy,Completed,Unknown,2.9
B00062,C0162,D0063,2026-01-10 16:49:00,Banjara Hills,Madhapur,Hyderabad,Auto,UPI,1.02,3.1,69.18,1.09,Medium,Cloudy,Cancelled,Customer,0.0
B00063,C0146,D0116,2026-01-24 01:43:00,Wakad,Kharadi,Pune,Cab,Card,45.0,172.9,720.0,1.63,High,Rain,Completed,Unknown,2.8
B00064,C0232,D0050,2026-01-28 23:59:00,Marathahalli,Jayanagar,Bengaluru,Auto,Card,4.12,8.4,97.08,1.05,Low,Cloudy,Completed,Unknown,7.4
B00065,C0006,D0095,2026-01-26 23:38:00,Baner,Wakad,Pune,Bike,UPI,1.71,4.8,50.26,1.05,Medium,Cloudy,Completed,Unknown,2.3
B00066,C0157,D0050,2026-02-08 23:15:00,Whitefield,MG Road,Bengaluru,Bike,Card,4.92,8.0,69.52,1.14,Low,Clear,Completed,Unknown,0.9
B00067,C0064,D0053,2026-02-17 03:55:00,Whitefield,Koramangala,Bengaluru,Cab,Card,16.45,36.1,320.3,1.04,Low,Cloudy,Completed,Unknown,7.2
B00068,C0291,D0099,2026-01-25 20:20:00,Secunderabad,Madhapur,Hyderabad,Bike,Card,2.51,5.4,55.06,1.11,Medium,Clear,Incomplete,Unknown,9.8
B00069,C0058,D0133,2026-03-12 21:17:00,Borivali,Chembur,Mumbai,Auto,UPI,12.4,26.2,171.6,1.21,Low,Rain,Completed,Unknown,4.6
B00070,C0279,D0031,2026-03-16 00:18:00,Kharadi,Kothrud,Pune,Bike,Card,13.54,37.8,121.24,1.04,Medium,Cloudy,Completed,Unknown,6.8
B00071,C0390,D0069,2026-01-25 05:03:00,Wakad,Baner,Pune,Bike,UPI,2.32,4.8,53.92,1.26,Low,Rain,Completed,Unknown,4.0
B00072,C0134,D0023,2026-03-03 02:02:00,Ameerpet,Madhapur,Hyderabad,Auto,UPI,3.0,6.1,87.0,1.11,Low,Clear,Incomplete,Unknown,8.5
B00073,C0187,D0121,2026-02-23 04:42:00,Noida Sector 18,Rohini,Delhi,Auto,Card,1.37,4.4,72.33,1.36,High,Clear,Cancelled,Driver,5.8
B00074,C0080,D0139,2026-02-24 00:21:00,Ameerpet,Kukatpally,Hyderabad,Auto,Card,7.64,12.8,128.76,1.12,Low,Cloudy,Completed,Unknown,1.8
B00075,C0291,D0026,2026-01-26 23:28:00,Pitampura,Connaught Place,Delhi,Cab,UPI,4.24,8.8,149.36,1.09,Medium,Clear,Completed,Unknown,4.5
B00076,C0311,D0021,2026-01-18 03:03:00,Jayanagar,Koramangala,Bengaluru,Auto,Cash,3.68,6.1,93.12,1.12,Low,Cloudy,Completed,Unknown,0.0
B00077,C0001,D0052,2026-03-12 04:54:00,Gachibowli,Kukatpally,Hyderabad,Bike,Wallet,5.75,13.8,74.5,1.0,Low,Cloudy,Completed,Unknown,5.5
B00078,C0095,D0142,2026-01-13 15:24:00,Kukatpally,Ameerpet,Hyderabad,Cab,UPI,2.16,5.2,120.24,1.13,Medium,Clear,Completed,Unknown,4.1
B00079,C0042,D0079,2026-02-25 02:27:00,Hinjewadi,Baner,Pune,Cab,UPI,1.84,4.1,115.76,1.09,Low,Clear,Completed,Unknown,6.3
B00080,C0105,D0136,2026-01-16 11:11:00,Madhapur,Ameerpet,Hyderabad,Bike,Card,5.36,10.4,72.16,1.1,Low,Clear,Cancelled,Customer,4.0
B00081,C0384,D0083,2026-03-15 12:50:00,Madhapur,Banjara Hills,Hyderabad,Cab,Cash,40.25,76.3,653.5,1.0,Low,Cloudy,Completed,Unknown,5.0
B00082,C0255,D0131,2026-03-29 17:37:00,Whitefield,Electronic City,Bengaluru,Auto,Card,4.03,9.9,96.27,1.43,Medium,Clear,Completed,Unknown,0.0
B00083,C0348,D0022,2026-01-24 08:37:00,Indiranagar,Whitefield,Bengaluru,Bike,UPI,6.02,13.5,76.12,1.43,Medium,Cloudy,Cancelled,Customer,1.0
B00084,C0277,D0140,2026-03-30 14:40:00,Karol Bagh,Connaught Place,Delhi,Cab,Cash,12.31,29.8,262.34,1.11,Medium,Clear,Completed,Unknown,5.5
B00085,C0180,D0079,2026-02-25 18:16:00,Viman Nagar,Baner,Pune,Bike,Cash,3.88,12.7,63.28,1.99,High,Rain,Cancelled,Driver,2.5
B00086,C0088,D0066,2026-02-23 13:25:00,Malad,Andheri,Mumbai,Cab,UPI,1.97,5.4,117.58,1.09,Medium,Clear,Completed,Unknown,10.8
B00087,C0161,D0026,2026-02-19 15:09:00,Madhapur,Banjara Hills,Hyderabad,Bike,UPI,14.46,31.0,126.76,1.05,Medium,Cloudy,Completed,Unknown,0.0
B00088,C0236,D0033,2026-01-24 02:42:00,Banjara Hills,Secunderabad,Hyderabad,Bike,UPI,4.06,9.0,64.36,1.06,Low,Cloudy,Completed,Unknown,0.0
B00089,C0290,D0063,2026-01-12 10:44:00,Indiranagar,Marathahalli,Bengaluru,Auto,UPI,6.87,15.4,121.83,1.22,Low,Rain,Cancelled,Customer,0.8
B00090,C0196,D0134,2026-01-24 14:53:00,Colaba,Chembur,Mumbai,Auto,UPI,5.04,12.4,105.36,1.28,Medium,Rain,Cancelled,Customer,0.0
B00091,C0209,D0015,2026-03-19 04:44:00,Baner,Kharadi,Pune,Auto,Card,1.38,3.1,72.42,1.13,Low,Clear,Completed,Unknown,1.0
B00092,C0206,D0062,2026-01-12 14:54:00,Dadar,Andheri,Mumbai,Cab,UPI,1.49,3.2,110.86,1.11,Medium,Clear,Completed,Unknown,2.1
B00093,C0040,D0118,2026-03-22 13:19:00,Kukatpally,Ameerpet,Hyderabad,Auto,Card,1.66,4.0,74.94,1.21,Low,Rain,Cancelled,Customer,4.5
B00094,C0063,D0140,2026-02-28 23:19:00,Baner,Wakad,Pune,Cab,Wallet,1.49,3.2,110.86,1.33,Low,Rain,Completed,Unknown,5.7
B00095,C0386,D0005,2026-01-03 15:51:00,Hauz Khas,Saket,Delhi,Cab,Card,12.62,29.8,266.68,1.15,Low,Clear,Completed,Unknown,7.9
B00096,C0371,D0071,2026-02-24 05:08:00,Ameerpet,Gachibowli,Hyderabad,Auto,Cash,3.21,7.5,88.89,1.11,Low,Clear,Completed,Unknown,6.3
B00097,C0279,D0013,2026-03-15 19:09:00,Madhapur,Secunderabad,Hyderabad,Bike,Cash,2.57,7.2,55.42,1.48,Medium,Clear,Completed,Unknown,9.8
B00098,C0301,D0094,2026-01-22 02:44:00,Hinjewadi,Wakad,Pune,Cab,Card,3.88,8.6,144.32,1.02,Medium,Cloudy,Completed,Unknown,9.0
B00099,C0295,D0076,2026-03-13 14:41:00,Malad,Dadar,Mumbai,Auto,Cash,5.99,17.6,113.91,1.01,Medium,Cloudy,Cancelled,Customer,0.0
B00100,C0139,D0023,2026-01-28 10:12:00,Secunderabad,Kukatpally,Hyderabad,Auto,Cash,11.34,32.1,162.06,1.23,Medium,Rain,Completed,Unknown,11.2
B00101,C0078,D0056,2026-03-21 07:49:00,Chembur,Powai,Mumbai,Auto,Cash,13.77,27.7,183.93,1.67,Low,Rain,Incomplete,Unknown,6.9
B00102,C0095,D0005,2026-03-22 16:56:00,HSR Layout,Indiranagar,Bengaluru,Bike,Cash,1.36,4.1,48.16,1.0,Medium,Smog,Completed,Unknown,9.6
B00103,C0050,D0029,2026-02-12 14:34:00,Malad,Powai,Mumbai,Auto,UPI,4.76,14.0,102.84,1.11,Medium,Clear,Completed,Unknown,3.2
B00104,C0307,D0142,2026-01-15 02:28:00,Karol Bagh,Dwarka,Delhi,Auto,UPI,1.48,3.6,73.32,1.03,Medium,Clear,Completed,Unknown,1.0
B00105,C0332,D0079,2026-03-28 02:07:00,Bandra,Chembur,Mumbai,Auto,UPI,4.55,13.1,100.95,1.02,Medium,Clear,Cancelled,Driver,0.7
B00106,C0201,D0039,2026-02-11 06:52:00,Baner,Kharadi,Pune,Auto,Card,2.09,5.0,78.81,1.02,Low,Clear,Completed,Unknown,10.3
B00107,C0323,D0131,2026-01-22 07:31:00,Baner,Kharadi,Pune,Bike,UPI,9.67,21.8,98.02,1.52,Medium,Cloudy,Incomplete,Unknown,5.3
B00108,C0227,D0022,2026-01-23 02:16:00,Chembur,Dadar,Mumbai,Auto,UPI,4.13,9.4,97.17,1.1,Low,Cloudy,Completed,Unknown,2.1
B00109,C0209,D0011,2026-02-17 08:46:00,Connaught Place,Janakpuri,Delhi,Bike,UPI,5.99,15.1,75.94,1.5,Medium,Clear,Completed,Unknown,0.0
B00110,C0147,D0006,2026-02-14 03:18:00,Gachibowli,Ameerpet,Hyderabad,Auto,Wallet,1.82,5.0,76.38,1.12,Medium,Clear,Completed,Unknown,0.8
B00111,C0139,D0005,2026-02-02 08:50:00,Madhapur,Secunderabad,Hyderabad,Auto,Cash,8.2,19.9,133.8,1.7,Medium,Rain,Incomplete,Unknown,11.2
B00112,C0324,D0068,2026-03-03 16:57:00,Karol Bagh,Janakpuri,Delhi,Cab,UPI,7.26,16.4,191.64,1.13,Low,Cloudy,Cancelled,Customer,4.5
B00113,C0025,D0023,2026-03-30 20:22:00,Dwarka,Rohini,Delhi,Cab,Wallet,3.38,9.2,137.32,1.02,Medium,Clear,Completed,Unknown,9.6
B00114,C0068,D0055,2026-03-22 17:07:00,Banjara Hills,Ameerpet,Hyderabad,Cab,Card,2.28,6.6,121.92,1.84,High,Clear,Completed,Unknown,15.9
B00115,C0149,D0014,2026-03-08 05:49:00,Bandra,Colaba,Mumbai,Auto,Cash,1.06,2.8,69.54,1.06,Medium,Smog,Cancelled,Customer,0.0
B00116,C0155,D0022,2026-01-21 06:01:00,Andheri,Colaba,Mumbai,Bike,Card,5.29,15.9,71.74,1.3,Medium,Rain,Completed,Unknown,10.1
B00117,C0237,D0053,2026-01-03 06:35:00,MG Road,HSR Layout,Bengaluru,Cab,UPI,1.56,3.5,111.84,1.08,Low,Clear,Cancelled,Driver,7.3
B00118,C0046,D0093,2026-01-08 22:05:00,Karol Bagh,Janakpuri,Delhi,Cab,UPI,23.7,51.7,421.8,1.01,Low,Clear,Completed,Unknown,6.9
B00119,C0391,D0018,2026-01-03 15:22:00,Andheri,Malad,Mumbai,Auto,UPI,3.17,8.0,88.53,1.35,Medium,Rain,Completed,Unknown,6.5
B00120,C0024,D0053,2026-01-24 04:57:00,Hauz Khas,Dwarka,Delhi,Auto,UPI,6.28,14.4,116.52,1.0,Low,Clear,Completed,Unknown,0.8
B00121,C0094,D0141,2026-03-29 00:56:00,Electronic City,Whitefield,Bengaluru,Bike,UPI,6.61,15.6,79.66,1.05,Medium,Cloudy,Cancelled,Customer,0.0
B00122,C0317,D0109,2026-01-09 11:38:00,Chembur,Bandra,Mumbai,Auto,UPI,5.04,15.3,105.36,1.11,Medium,Clear,Completed,Unknown,0.9
B00123,C0248,D0090,2026-02-16 01:16:00,Electronic City,Koramangala,Bengaluru,Cab,Card,21.9,58.5,396.6,1.13,Medium,Clear,Completed,Unknown,0.0
B00124,C0166,D0005,2026-02-08 13:23:00,Noida Sector 18,Janakpuri,Delhi,Auto,UPI,2.3,7.4,80.7,1.36,High,Cloudy,Completed,Unknown,9.9
B00125,C0159,D0121,2026-01-12 06:42:00,Rohini,Connaught Place,Delhi,Auto,Wallet,2.18,4.3,79.62,1.01,Low,Clear,Incomplete,Unknown,0.0
B00126,C0335,D0004,2026-02-14 07:33:00,Kukatpally,Gachibowli,Hyderabad,Bike,UPI,2.46,7.7,54.76,1.7,High,Clear,Completed,Unknown,12.9
B00127,C0046,D0072,2026-02-01 16:22:00,Indiranagar,Jayanagar,Bengaluru,Auto,UPI,5.13,8.8,106.17,1.08,Low,Cloudy,Completed,Unknown,8.5
B00128,C0216,D0095,2026-02-14 23:49:00,Dwarka,Noida Sector 18,Delhi,Bike,Card,4.0,8.5,64.0,1.13,Low,Clear,Completed,Unknown,0.1
B00129,C0364,D0136,2026-01-24 22:37:00,Janakpuri,Karol Bagh,Delhi,Auto,Cash,6.36,16.1,117.24,1.05,Medium,Clear,Completed,Unknown,9.5
B00130,C0015,D0004,2026-03-21 10:08:00,Kothrud,Baner,Pune,Bike,Cash,10.46,17.4,102.76,1.32,Low,Rain,Completed,Unknown,13.2
B00131,C0036,D0126,2026-02-05 17:39:00,Wakad,Hinjewadi,Pune,Auto,Wallet,14.25,25.9,188.25,1.46,Low,Cloudy,Completed,Unknown,7.5
B00132,C0245,D0040,2026-03-22 12:43:00,Whitefield,Indiranagar,Bengaluru,Cab,Cash,17.18,65.3,330.52,1.42,High,Clear,Completed,Unknown,5.9
B00133,C0062,D0105,2026-03-17 02:04:00,Gachibowli,Banjara Hills,Hyderabad,Cab,Card,3.65,10.8,141.1,1.14,Medium,Clear,Completed,Unknown,0.5
B00134,C0222,D0060,2026-02-24 23:13:00,Secunderabad,Banjara Hills,Hyderabad,Auto,Wallet,11.49,20.1,163.41,1.13,Low,Cloudy,Completed,Unknown,2.6
B00135,C0350,D0067,2026-03-18 17:52:00,Marathahalli,HSR Layout,Bengaluru,Auto,Wallet,4.33,10.0,98.97,1.54,Low,Cloudy,Completed,Unknown,0.0
B00136,C0122,D0139,2026-02-14 17:41:00,Whitefield,Jayanagar,Bengaluru,Cab,Cash,4.98,15.4,159.72,1.77,High,Clear,Completed,Unknown,7.8
B00137,C0389,D0107,2026-03-27 20:54:00,Wakad,Viman Nagar,Pune,Auto,UPI,3.34,10.0,90.06,1.01,Medium,Cloudy,Completed,Unknown,9.8
B00138,C0104,D0018,2026-01-27 19:27:00,Marathahalli,Electronic City,Bengaluru,Cab,Cash,16.96,50.1,327.44,1.83,High,Cloudy,Completed,Unknown,1.3
B00139,C0002,D0078,2026-02-03 14:03:00,Wakad,Kothrud,Pune,Cab,UPI,4.44,10.0,152.16,1.23,Medium,Rain,Cancelled,Driver,8.1
B00140,C0079,D0131,2026-01-20 10:01:00,Kukatpally,Banjara Hills,Hyderabad,Cab,Card,3.89,11.4,144.46,1.37,High,Clear,Completed,Unknown,2.1
B00141,C0365,D0090,2026-03-24 00:17:00,Dadar,Chembur,Mumbai,Auto,UPI,4.14,8.1,97.26,1.02,Low,Clear,Completed,Unknown,1.6
B00142,C0178,D0102,2026-02-21 17:29:00,Lajpat Nagar,Pitampura,Delhi,Cab,Cash,3.93,11.5,145.02,1.8,High,Clear,Completed,Unknown,1.1
B00143,C0101,D0084,2026-03-30 17:44:00,Bandra,Dadar,Mumbai,Cab,UPI,10.1,37.6,231.4,1.81,High,Clear,Completed,Unknown,10.8
B00144,C0296,D0069,2026-03-31 16:34:00,Andheri,Borivali,Mumbai,Bike,Wallet,3.37,7.9,60.22,1.05,Medium,Clear,Completed,Unknown,9.2
B00145,C0006,D0066,2026-01-02 15:27:00,Ameerpet,Secunderabad,Hyderabad,Cab,Cash,3.26,7.3,135.64,1.33,Medium,Rain,Completed,Unknown,0.2
B00146,C0220,D0121,2026-01-30 06:34:00,Noida Sector 18,Rohini,Delhi,Cab,UPI,20.49,33.5,376.86,1.29,Low,Rain,Cancelled,Customer,0.8
B00147,C0400,D0044,2026-03-23 15:45:00,Dwarka,Rohini,Delhi,Bike,UPI,6.96,12.4,81.76,1.05,Low,Clear,Cancelled,Customer,4.2
B00148,C0355,D0035,2026-03-05 18:03:00,Marathahalli,Whitefield,Bengaluru,Auto,UPI,2.96,5.9,86.64,1.51,Low,Cloudy,Completed,Unknown,4.3
B00149,C0146,D0129,2026-01-05 13:02:00,Noida Sector 18,Pitampura,Delhi,Bike,Cash,11.55,19.2,109.3,1.22,Low,Rain,Cancelled,Driver,5.7
B00150,C0271,D0079,2026-01-11 12:56:00,Ameerpet,Banjara Hills,Hyderabad,Auto,UPI,3.06,8.3,87.54,1.13,Medium,Clear,Completed,Unknown,0.0
B00151,C0099,D0001,2026-03-26 18:24:00,Indiranagar,Electronic City,Bengaluru,Cab,UPI,14.03,41.6,286.42,1.77,High,Cloudy,Completed,Unknown,2.1
B00152,C0007,D0016,2026-02-09 07:48:00,Kharadi,Baner,Pune,Cab,Card,4.29,9.3,150.06,1.46,Medium,Clear,Completed,Unknown,0.6
B00153,C0050,D0062,2026-01-10 05:32:00,Connaught Place,Rohini,Delhi,Bike,UPI,9.24,15.6,95.44,1.15,Low,Clear,Completed,Unknown,9.2
B00154,C0271,D0102,2026-01-25 05:00:00,Lajpat Nagar,Janakpuri,Delhi,Auto,UPI,1.02,3.6,69.18,1.33,High,Cloudy,Cancelled,Driver,3.2
B00155,C0031,D0004,2026-01-30 19:03:00,Andheri,Malad,Mumbai,Bike,Card,5.08,13.9,70.48,1.41,Medium,Clear,Completed,Unknown,8.2
B00156,C0124,D0132,2026-03-02 12:31:00,Electronic City,Marathahalli,Bengaluru,Auto,Card,4.47,13.0,100.23,1.06,Medium,Smog,Cancelled,Driver,3.8
B00157,C0168,D0132,2026-01-07 04:53:00,Ameerpet,Secunderabad,Hyderabad,Auto,Card,4.51,12.6,100.59,1.02,Medium,Clear,Cancelled,Customer,5.1
B00158,C0025,D0132,2026-03-16 13:13:00,Baner,Viman Nagar,Pune,Auto,UPI,16.57,55.8,209.13,1.37,High,Cloudy,Completed,Unknown,7.8
B00159,C0202,D0092,2026-02-21 13:54:00,Andheri,Powai,Mumbai,Auto,Card,5.76,11.5,111.84,1.03,Low,Clear,Completed,Unknown,2.0
B00160,C0145,D0063,2026-02-26 00:37:00,Whitefield,MG Road,Bengaluru,Cab,UPI,12.84,32.7,269.76,1.06,Medium,Cloudy,Cancelled,Customer,0.2
B00161,C0227,D0121,2026-01-07 13:39:00,Indiranagar,Marathahalli,Bengaluru,Auto,UPI,2.9,9.0,86.1,1.0,Medium,Clear,Completed,Unknown,5.3
B00162,C0103,D0120,2026-01-01 23:05:00,Kothrud,Hinjewadi,Pune,Bike,UPI,4.01,11.2,64.06,1.0,Medium,Clear,Completed,Unknown,6.9
B00163,C0329,D0071,2026-01-26 09:53:00,Jayanagar,Whitefield,Bengaluru,Bike,Cash,5.05,15.9,70.3,1.8,High,Cloudy,Completed,Unknown,1.4
B00164,C0147,D0093,2026-03-29 01:30:00,MG Road,HSR Layout,Bengaluru,Auto,Cash,4.96,14.0,104.64,1.06,Medium,Clear,Cancelled,Customer,4.7
B00165,C0075,D0084,2026-01-22 20:20:00,Kukatpally,Secunderabad,Hyderabad,Bike,Cash,8.21,21.8,89.26,1.12,Medium,Cloudy,Cancelled,Customer,0.0
B00166,C0043,D0074,2026-03-21 06:46:00,HSR Layout,Jayanagar,Bengaluru,Auto,UPI,2.66,6.3,83.94,1.05,Medium,Clear,Cancelled,Customer,1.4
B00167,C0289,D0073,2026-03-30 22:19:00,Lajpat Nagar,Hauz Khas,Delhi,Bike,Wallet,2.84,8.5,57.04,1.09,Medium,Clear,Completed,Unknown,0.0
B00168,C0126,D0090,2026-01-15 06:03:00,Bandra,Powai,Mumbai,Auto,Wallet,9.11,37.1,141.99,1.41,High,Cloudy,Cancelled,Customer,1.6
B00169,C0084,D0134,2026-02-21 17:27:00,Marathahalli,MG Road,Bengaluru,Bike,UPI,13.42,30.9,120.52,1.42,Medium,Clear,Cancelled,Customer,0.0
B00170,C0191,D0004,2026-01-04 11:38:00,Bandra,Borivali,Mumbai,Auto,UPI,4.31,10.5,98.79,1.03,Medium,Clear,Cancelled,Customer,14.7
B00171,C0121,D0008,2026-01-09 19:43:00,Viman Nagar,Baner,Pune,Cab,UPI,6.68,18.3,183.52,1.49,Medium,Cloudy,Completed,Unknown,7.5
B00172,C0323,D0114,2026-01-02 20:36:00,Kharadi,Wakad,Pune,Cab,UPI,1.51,3.6,111.14,1.07,Medium,Cloudy,Completed,Unknown,1.7
B00173,C0291,D0121,2026-02-21 15:25:00,Chembur,Bandra,Mumbai,Cab,UPI,24.04,43.9,426.56,1.09,Low,Cloudy,Completed,Unknown,0.4
B00174,C0245,D0107,2026-01-24 12:54:00,Ameerpet,Madhapur,Hyderabad,Bike,UPI,14.79,30.5,128.74,1.1,Low,Cloudy,Completed,Unknown,5.6
B00175,C0354,D0090,2026-03-26 11:30:00,Kothrud,Wakad,Pune,Auto,Cash,7.22,20.4,124.98,1.11,Medium,Cloudy,Completed,Unknown,5.5
B00176,C0150,D0014,2026-02-12 06:17:00,Chembur,Dadar,Mumbai,Auto,Cash,4.39,13.0,99.51,1.39,High,Clear,Completed,Unknown,4.0
B00177,C0387,D0142,2026-03-05 05:50:00,Ameerpet,Kukatpally,Hyderabad,Auto,UPI,1.21,3.5,70.89,1.11,Medium,Clear,Completed,Unknown,4.2
B00178,C0312,D0126,2026-02-23 19:03:00,Baner,Kharadi,Pune,Bike,Card,2.4,5.6,54.4,1.48,Low,Clear,Completed,Unknown,8.4
B00179,C0200,D0010,2026-01-09 21:30:00,Chembur,Powai,Mumbai,Auto,Card,7.1,11.7,123.9,1.2,Low,Rain,Completed,Unknown,2.4
B00180,C0184,D0014,2026-03-29 12:22:00,Chembur,Bandra,Mumbai,Bike,UPI,1.09,3.4,46.54,1.05,Medium,Smog,Completed,Unknown,7.1
B00181,C0353,D0137,2026-03-14 00:36:00,Kukatpally,Ameerpet,Hyderabad,Bike,UPI,3.52,5.9,61.12,1.11,Low,Cloudy,Completed,Unknown,2.3
B00182,C0141,D0063,2026-03-28 23:57:00,Indiranagar,HSR Layout,Bengaluru,Auto,UPI,7.36,22.8,126.24,1.03,Medium,Clear,Cancelled,Customer,0.0
B00183,C0163,D0107,2026-02-09 04:52:00,Kothrud,Viman Nagar,Pune,Bike,UPI,2.97,6.5,57.82,1.34,Low,Rain,Completed,Unknown,4.9
B00184,C0081,D0095,2026-03-13 09:27:00,Janakpuri,Hauz Khas,Delhi,Bike,UPI,24.69,95.3,188.14,2.02,High,Rain,Completed,Unknown,9.2
B00185,C0005,D0051,2026-03-06 13:32:00,Viman Nagar,Kothrud,Pune,Cab,UPI,6.53,12.2,181.42,1.04,Low,Clear,Incomplete,Unknown,2.2
B00186,C0202,D0124,2026-01-05 22:38:00,Kothrud,Baner,Pune,Auto,Card,3.12,6.5,88.08,1.1,Low,Smog,Completed,Unknown,1.0
B00187,C0336,D0045,2026-03-10 09:38:00,Kothrud,Wakad,Pune,Cab,UPI,11.38,27.4,249.32,1.47,Medium,Smog,Completed,Unknown,0.5
B00188,C0299,D0014,2026-01-28 11:40:00,Dwarka,Lajpat Nagar,Delhi,Bike,UPI,2.3,5.8,53.8,1.11,Medium,Clear,Completed,Unknown,8.6
B00189,C0066,D0089,2026-01-28 14:12:00,Jayanagar,Whitefield,Bengaluru,Cab,Card,14.93,45.9,299.02,1.23,Medium,Rain,Incomplete,Unknown,4.5
B00190,C0247,D0053,2026-02-07 08:43:00,Malad,Andheri,Mumbai,Bike,Wallet,4.39,8.9,66.34,1.51,Low,Clear,Cancelled,Customer,0.6
B00191,C0255,D0078,2026-03-17 10:23:00,Powai,Dadar,Mumbai,Auto,Cash,3.8,7.1,94.2,1.02,Low,Clear,Completed,Unknown,2.3
B00192,C0391,D0092,2026-03-28 14:07:00,Secunderabad,Madhapur,Hyderabad,Cab,UPI,6.02,14.7,174.28,1.0,Medium,Clear,Completed,Unknown,0.0
B00193,C0104,D0029,2026-02-21 12:58:00,Hinjewadi,Viman Nagar,Pune,Auto,UPI,16.9,47.3,212.1,1.11,Medium,Clear,Cancelled,Customer,2.9
B00194,C0144,D0092,2026-01-10 17:01:00,Banjara Hills,Kukatpally,Hyderabad,Bike,Cash,1.24,3.7,47.44,1.73,High,Clear,Completed,Unknown,7.0
B00195,C0228,D0079,2026-01-10 06:27:00,Jayanagar,Marathahalli,Bengaluru,Cab,Cash,9.23,27.6,219.22,1.62,High,Rain,Completed,Unknown,7.6
B00196,C0215,D0007,2026-02-10 09:54:00,Gachibowli,Kukatpally,Hyderabad,Cab,Card,2.07,7.2,118.98,1.9,High,Rain,Cancelled,Customer,1.4
B00197,C0036,D0023,2026-03-22 05:50:00,Dadar,Colaba,Mumbai,Cab,Card,2.67,7.6,127.38,1.11,Medium,Cloudy,Cancelled,Driver,6.8
B00198,C0265,D0012,2026-02-21 20:11:00,Gachibowli,Secunderabad,Hyderabad,Auto,Cash,2.73,7.5,84.57,1.15,Medium,Clear,Completed,Unknown,4.0
B00199,C0105,D0060,2026-03-25 11:20:00,Kukatpally,Gachibowli,Hyderabad,Auto,UPI,1.32,3.3,71.88,1.06,Medium,Clear,Completed,Unknown,0.0
B00200,C0131,D0143,2026-03-29 00:27:00,Colaba,Chembur,Mumbai,Bike,UPI,2.75,6.4,56.5,1.11,Low,Clear,Completed,Unknown,0.0
B00201,C0209,D0041,2026-02-08 08:17:00,Bandra,Andheri,Mumbai,Auto,Cash,6.66,19.3,119.94,1.84,High,Clear,Completed,Unknown,3.6
B00202,C0147,D0107,2026-02-12 13:15:00,Gachibowli,Banjara Hills,Hyderabad,Bike,Cash,1.15,2.4,46.9,1.07,Low,Smog,Cancelled,Customer,8.5
B00203,C0332,D0079,2026-02-02 19:25:00,Kukatpally,Secunderabad,Hyderabad,Bike,UPI,7.59,30.2,85.54,1.94,High,Rain,Completed,Unknown,0.6
B00204,C0211,D0018,2026-02-08 09:21:00,Noida Sector 18,Lajpat Nagar,Delhi,Auto,UPI,5.63,16.2,110.67,1.82,High,Clear,Cancelled,Customer,3.4
B00205,C0006,D0142,2026-03-28 21:27:00,Jayanagar,Marathahalli,Bengaluru,Bike,UPI,2.64,5.3,55.84,1.08,Low,Clear,Completed,Unknown,0.4
B00206,C0039,D0015,2026-03-08 17:05:00,MG Road,Jayanagar,Bengaluru,Auto,UPI,12.94,50.6,176.46,1.77,High,Clear,Cancelled,Customer,3.0
B00207,C0037,D0053,2026-01-28 14:59:00,Kukatpally,Secunderabad,Hyderabad,Cab,Card,11.21,23.4,246.94,1.07,Medium,Clear,Incomplete,Unknown,1.9
B00208,C0092,D0046,2026-03-06 17:09:00,Baner,Kharadi,Pune,Bike,Cash,2.79,9.4,56.74,1.77,High,Clear,Completed,Unknown,7.2
B00209,C0082,D0026,2026-03-18 02:21:00,Chembur,Borivali,Mumbai,Auto,UPI,5.11,12.1,105.99,1.2,Low,Rain,Completed,Unknown,7.4
B00210,C0192,D0136,2026-02-01 19:27:00,Ameerpet,Secunderabad,Hyderabad,Auto,UPI,2.63,6.6,83.67,1.54,Medium,Clear,Completed,Unknown,2.7
B00211,C0287,D0050,2026-03-17 00:28:00,Hauz Khas,Pitampura,Delhi,Bike,Cash,16.16,46.3,136.96,1.43,High,Cloudy,Completed,Unknown,1.3
B00212,C0230,D0081,2026-01-17 08:26:00,Janakpuri,Pitampura,Delhi,Auto,Card,12.68,45.2,174.12,1.99,High,Rain,Cancelled,Customer,6.9
B00213,C0301,D0057,2026-02-25 00:53:00,Malad,Borivali,Mumbai,Auto,UPI,5.03,9.0,105.27,1.12,Low,Clear,Cancelled,Customer,3.9
B00214,C0246,D0144,2026-01-31 17:57:00,Connaught Place,Rohini,Delhi,Auto,Cash,38.99,91.9,410.91,1.46,Low,Clear,Completed,Unknown,4.4
B00215,C0121,D0129,2026-03-02 00:18:00,Whitefield,Koramangala,Bengaluru,Auto,UPI,6.18,14.4,115.62,1.04,Low,Cloudy,Completed,Unknown,0.0
B00216,C0377,D0011,2026-02-09 02:17:00,Wakad,Hinjewadi,Pune,Cab,Wallet,1.58,4.9,112.12,1.3,Medium,Rain,Cancelled,Customer,0.0
B00217,C0400,D0093,2026-03-15 08:08:00,Secunderabad,Gachibowli,Hyderabad,Cab,Card,1.47,4.8,110.58,1.72,High,Cloudy,Completed,Unknown,16.8
B00218,C0195,D0087,2026-02-25 22:53:00,MG Road,Koramangala,Bengaluru,Bike,Card,10.88,26.1,105.28,1.15,Low,Cloudy,Completed,Unknown,3.5
B00219,C0264,D0111,2026-03-12 21:25:00,Hauz Khas,Connaught Place,Delhi,Cab,Card,8.42,18.9,207.88,1.04,Low,Clear,Completed,Unknown,4.8
B00220,C0273,D0132,2026-01-13 23:25:00,Banjara Hills,Gachibowli,Hyderabad,Bike,Cash,5.36,20.7,72.16,1.38,High,Clear,Completed,Unknown,7.3
B00221,C0147,D0048,2026-02-13 08:05:00,Secunderabad,Kukatpally,Hyderabad,Cab,UPI,5.0,15.3,160.0,1.71,High,Cloudy,Completed,Unknown,6.0
B00222,C0372,D0022,2026-03-10 04:47:00,Saket,Dwarka,Delhi,Cab,UPI,2.78,8.6,128.92,1.1,Medium,Clear,Completed,Unknown,3.3
B00223,C0364,D0144,2026-02-17 23:15:00,Borivali,Chembur,Mumbai,Cab,Cash,9.16,16.6,218.24,1.14,Low,Clear,Completed,Unknown,2.8
B00224,C0157,D0033,2026-01-03 16:50:00,Dwarka,Lajpat Nagar,Delhi,Auto,UPI,9.29,15.1,143.61,1.06,Low,Clear,Completed,Unknown,0.0
B00225,C0176,D0056,2026-01-22 13:57:00,Madhapur,Secunderabad,Hyderabad,Auto,Card,12.34,32.2,171.06,1.03,Medium,Clear,Completed,Unknown,7.5
B00226,C0341,D0008,2026-01-22 05:16:00,Dwarka,Rohini,Delhi,Bike,UPI,7.32,18.6,83.92,1.03,Medium,Cloudy,Completed,Unknown,15.5
B00227,C0285,D0066,2026-03-25 14:21:00,Viman Nagar,Hinjewadi,Pune,Auto,Cash,11.59,26.2,164.31,1.06,Low,Clear,Cancelled,Customer,5.5
B00228,C0101,D0134,2026-03-23 05:47:00,Janakpuri,Lajpat Nagar,Delhi,Auto,Wallet,3.45,10.1,91.05,1.13,Medium,Clear,Completed,Unknown,0.0
B00229,C0281,D0056,2026-01-27 08:27:00,Borivali,Andheri,Mumbai,Auto,UPI,16.7,45.8,210.3,1.4,Medium,Clear,Completed,Unknown,9.0
B00230,C0298,D0042,2026-01-08 16:57:00,Bandra,Andheri,Mumbai,Auto,UPI,3.3,5.8,89.7,1.31,Low,Rain,Completed,Unknown,0.0
B00231,C0284,D0034,2026-03-24 20:40:00,Kharadi,Viman Nagar,Pune,Bike,UPI,13.49,33.8,120.94,1.1,Medium,Clear,Completed,Unknown,3.7
B00232,C0011,D0019,2026-03-14 21:21:00,Colaba,Bandra,Mumbai,Auto,UPI,2.53,6.2,82.77,1.14,Medium,Cloudy,Completed,Unknown,3.1
B00233,C0394,D0031,2026-01-01 13:20:00,Baner,Viman Nagar,Pune,Cab,Card,8.24,19.9,205.36,1.04,Medium,Cloudy,Completed,Unknown,5.1
B00234,C0285,D0050,2026-03-29 10:41:00,Madhapur,Banjara Hills,Hyderabad,Bike,UPI,6.11,14.4,76.66,1.11,Medium,Clear,Completed,Unknown,0.5
B00235,C0184,D0038,2026-01-01 06:07:00,Chembur,Borivali,Mumbai,Bike,UPI,6.13,18.1,76.78,1.09,Medium,Clear,Completed,Unknown,6.7
B00236,C0072,D0089,2026-03-08 18:36:00,Colaba,Chembur,Mumbai,Bike,UPI,3.31,8.5,59.86,1.4,Medium,Cloudy,Completed,Unknown,2.4
B00237,C0123,D0107,2026-02-11 13:57:00,Wakad,Kothrud,Pune,Auto,Card,3.49,10.8,91.41,1.5,High,Rain,Cancelled,Customer,6.6
B00238,C0382,D0045,2026-02-18 11:54:00,Rohini,Dwarka,Delhi,Bike,Wallet,2.32,4.8,53.92,1.01,Low,Cloudy,Completed,Unknown,4.2
B00239,C0345,D0133,2026-02-01 04:22:00,Electronic City,Marathahalli,Bengaluru,Cab,UPI,5.44,9.3,166.16,1.06,Low,Smog,Completed,Unknown,1.4
B00240,C0169,D0001,2026-02-08 13:39:00,Ameerpet,Secunderabad,Hyderabad,Auto,Cash,13.05,29.8,177.45,1.23,Medium,Rain,Completed,Unknown,1.7
B00241,C0265,D0076,2026-01-24 14:03:00,Secunderabad,Gachibowli,Hyderabad,Bike,Wallet,4.78,8.3,68.68,1.05,Low,Cloudy,Completed,Unknown,0.0
B00242,C0137,D0037,2026-01-26 10:54:00,Koramangala,HSR Layout,Bengaluru,Auto,Card,21.2,81.8,250.8,1.4,High,Clear,Cancelled,Driver,4.5
B00243,C0006,D0120,2026-01-13 19:40:00,Viman Nagar,Baner,Pune,Cab,Wallet,1.31,2.3,108.34,1.48,Low,Cloudy,Completed,Unknown,1.1
B00244,C0376,D0099,2026-02-09 16:23:00,Malad,Dadar,Mumbai,Cab,UPI,4.83,14.5,157.62,1.44,High,Cloudy,Completed,Unknown,14.3
B00245,C0010,D0120,2026-01-11 08:20:00,Electronic City,MG Road,Bengaluru,Auto,Card,7.35,29.0,126.15,1.74,High,Cloudy,Completed,Unknown,4.8
B00246,C0123,D0094,2026-03-28 13:43:00,Janakpuri,Karol Bagh,Delhi,Auto,UPI,1.84,4.1,76.56,1.11,Low,Clear,Cancelled,Customer,11.4
B00247,C0002,D0130,2026-03-06 09:53:00,Colaba,Bandra,Mumbai,Cab,Card,17.19,60.0,330.66,1.75,High,Clear,Completed,Unknown,0.3
B00248,C0269,D0058,2026-02-06 14:50:00,Madhapur,Banjara Hills,Hyderabad,Auto,Card,7.08,16.9,123.72,1.08,Low,Cloudy,Completed,Unknown,6.6
B00249,C0372,D0023,2026-01-04 13:23:00,Secunderabad,Gachibowli,Hyderabad,Cab,Wallet,4.4,11.6,151.6,1.11,Medium,Clear,Cancelled,Customer,5.8
B00250,C0081,D0093,2026-02-18 23:13:00,HSR Layout,Koramangala,Bengaluru,Auto,Card,4.66,11.1,101.94,1.15,Low,Clear,Cancelled,Customer,4.8
B00251,C0033,D0079,2026-02-21 11:14:00,Kothrud,Kharadi,Pune,Bike,UPI,1.15,1.9,46.9,1.13,Low,Smog,Completed,Unknown,3.9
B00252,C0111,D0038,2026-03-09 00:43:00,Karol Bagh,Rohini,Delhi,Auto,UPI,1.11,2.3,69.99,1.29,Low,Rain,Completed,Unknown,10.7
B00253,C0135,D0063,2026-03-13 08:14:00,Secunderabad,Madhapur,Hyderabad,Cab,Cash,7.83,23.4,199.62,1.84,High,Cloudy,Completed,Unknown,6.0
B00254,C0105,D0038,2026-03-14 04:49:00,Marathahalli,MG Road,Bengaluru,Bike,Cash,3.79,10.9,62.74,1.05,Medium,Clear,Cancelled,Customer,0.0
B00255,C0345,D0031,2026-01-13 19:53:00,Wakad,Kothrud,Pune,Auto,UPI,7.22,25.8,124.98,2.05,High,Rain,Cancelled,Customer,6.1
B00256,C0032,D0132,2026-02-04 09:40:00,Saket,Noida Sector 18,Delhi,Auto,UPI,2.54,9.0,82.86,1.78,High,Cloudy,Completed,Unknown,3.5
B00257,C0258,D0128,2026-03-22 12:13:00,Kothrud,Wakad,Pune,Auto,Cash,5.27,11.1,107.43,1.12,Low,Clear,Cancelled,Driver,2.8
B00258,C0142,D0060,2026-01-20 10:26:00,Rohini,Noida Sector 18,Delhi,Bike,UPI,1.38,4.9,48.28,1.35,High,Clear,Completed,Unknown,5.8
B00259,C0307,D0050,2026-03-16 14:13:00,Lajpat Nagar,Pitampura,Delhi,Bike,UPI,10.96,32.1,105.76,1.05,Medium,Clear,Completed,Unknown,1.3
B00260,C0044,D0136,2026-01-15 00:56:00,Marathahalli,Jayanagar,Bengaluru,Auto,UPI,2.4,5.0,81.6,1.33,Low,Rain,Completed,Unknown,4.5
B00261,C0150,D0020,2026-01-16 23:17:00,Hinjewadi,Wakad,Pune,Cab,Card,1.57,3.0,111.98,1.01,Low,Clear,Completed,Unknown,3.8
B00262,C0258,D0142,2026-03-11 14:14:00,Jayanagar,Indiranagar,Bengaluru,Cab,Card,17.45,39.5,334.3,1.14,Low,Clear,Completed,Unknown,7.3
B00263,C0121,D0071,2026-02-04 03:19:00,Wakad,Kothrud,Pune,Cab,Cash,1.95,4.3,117.3,1.14,Low,Clear,Completed,Unknown,0.0
B00264,C0005,D0103,2026-01-16 03:24:00,Viman Nagar,Hinjewadi,Pune,Cab,UPI,1.78,4.2,114.92,1.07,Low,Cloudy,Completed,Unknown,4.8
B00265,C0142,D0143,2026-03-31 16:08:00,Wakad,Hinjewadi,Pune,Bike,UPI,9.98,27.9,99.88,1.1,Medium,Clear,Completed,Unknown,2.2
B00266,C0026,D0139,2026-01-19 12:32:00,Indiranagar,Whitefield,Bengaluru,Cab,Card,4.65,7.6,155.1,1.08,Low,Clear,Completed,Unknown,0.0
B00267,C0044,D0060,2026-03-11 11:17:00,Janakpuri,Rohini,Delhi,Auto,Cash,3.5,9.8,91.5,1.12,Medium,Clear,Completed,Unknown,3.3
B00268,C0351,D0124,2026-02-01 13:49:00,Hauz Khas,Rohini,Delhi,Auto,Card,24.11,39.6,276.99,1.14,Low,Clear,Cancelled,Customer,0.0
B00269,C0296,D0050,2026-01-03 03:48:00,Hinjewadi,Viman Nagar,Pune,Cab,UPI,10.29,24.5,234.06,1.02,Low,Cloudy,Cancelled,Customer,0.0
B00270,C0044,D0045,2026-02-27 13:34:00,Dwarka,Pitampura,Delhi,Cab,Cash,20.44,40.8,376.16,1.08,Low,Clear,Cancelled,Customer,0.0
B00271,C0391,D0122,2026-01-08 16:06:00,Powai,Borivali,Mumbai,Auto,Cash,1.8,3.7,76.2,1.11,Low,Clear,Completed,Unknown,1.1
B00272,C0240,D0042,2026-03-25 23:49:00,Powai,Colaba,Mumbai,Bike,UPI,7.37,26.9,84.22,1.38,High,Cloudy,Cancelled,Driver,4.6
B00273,C0226,D0002,2026-01-02 20:31:00,Saket,Connaught Place,Delhi,Cab,Card,3.57,8.3,139.98,1.14,Medium,Cloudy,Cancelled,Driver,8.0
B00274,C0341,D0003,2026-02-07 09:47:00,Secunderabad,Kukatpally,Hyderabad,Cab,Card,3.94,12.4,145.16,1.76,High,Clear,Completed,Unknown,2.9
B00275,C0366,D0097,2026-03-29 03:16:00,Baner,Kharadi,Pune,Bike,Cash,1.63,5.9,49.78,1.58,High,Rain,Completed,Unknown,2.6
B00276,C0089,D0122,2026-02-15 16:31:00,Viman Nagar,Hinjewadi,Pune,Auto,Card,14.93,31.5,194.37,1.04,Medium,Clear,Completed,Unknown,0.0
B00277,C0080,D0137,2026-02-21 19:47:00,Lajpat Nagar,Connaught Place,Delhi,Cab,Cash,7.57,28.8,195.98,1.81,High,Clear,Completed,Unknown,5.9
B00278,C0104,D0087,2026-03-24 01:33:00,Bandra,Andheri,Mumbai,Bike,Card,1.09,2.9,46.54,1.1,Medium,Clear,Incomplete,Unknown,8.9
B00279,C0234,D0053,2026-03-12 12:17:00,Whitefield,Marathahalli,Bengaluru,Auto,Card,11.88,41.2,166.92,1.32,High,Clear,Completed,Unknown,7.6
B00280,C0089,D0015,2026-03-04 22:44:00,Kharadi,Hinjewadi,Pune,Bike,UPI,18.57,43.6,151.42,1.11,Low,Clear,Completed,Unknown,8.8
B00281,C0232,D0096,2026-01-26 07:58:00,Janakpuri,Karol Bagh,Delhi,Bike,UPI,2.98,11.1,57.88,1.8,High,Cloudy,Completed,Unknown,3.2
B00282,C0140,D0133,2026-03-08 11:17:00,Kothrud,Kharadi,Pune,Cab,Card,16.9,30.4,326.6,1.26,Low,Rain,Incomplete,Unknown,0.6
B00283,C0224,D0053,2026-03-27 19:30:00,Electronic City,Jayanagar,Bengaluru,Cab,Card,7.41,15.5,193.74,1.42,Low,Clear,Completed,Unknown,5.1
B00284,C0033,D0120,2026-01-13 05:26:00,Dadar,Borivali,Mumbai,Auto,UPI,4.35,13.0,99.15,1.07,Medium,Clear,Completed,Unknown,3.7
B00285,C0065,D0022,2026-03-10 01:12:00,Hauz Khas,Lajpat Nagar,Delhi,Cab,UPI,9.21,20.2,218.94,1.04,Low,Clear,Completed,Unknown,5.3
B00286,C0262,D0051,2026-02-27 18:34:00,Electronic City,Koramangala,Bengaluru,Auto,Card,3.64,12.9,92.76,1.93,High,Rain,Cancelled,Customer,5.6
B00287,C0106,D0147,2026-02-04 00:55:00,HSR Layout,Whitefield,Bengaluru,Bike,UPI,2.02,4.1,52.12,1.0,Low,Clear,Cancelled,Customer,7.4
B00288,C0081,D0027,2026-01-23 09:27:00,Secunderabad,Kukatpally,Hyderabad,Auto,UPI,3.04,8.8,87.36,1.75,High,Smog,Completed,Unknown,2.3
B00289,C0131,D0147,2026-01-31 22:51:00,Indiranagar,Marathahalli,Bengaluru,Auto,Card,2.73,8.2,84.57,1.01,Medium,Cloudy,Completed,Unknown,4.5
B00290,C0050,D0121,2026-03-02 19:46:00,Pitampura,Connaught Place,Delhi,Auto,Cash,2.66,10.4,83.94,1.74,High,Cloudy,Completed,Unknown,4.7
B00291,C0211,D0031,2026-03-02 00:06:00,Bandra,Dadar,Mumbai,Auto,UPI,1.98,3.3,77.82,1.04,Low,Clear,Completed,Unknown,8.9
B00292,C0011,D0029,2026-01-04 14:02:00,Banjara Hills,Gachibowli,Hyderabad,Auto,Card,7.32,15.9,125.88,1.0,Low,Cloudy,Cancelled,Customer,2.4
B00293,C0202,D0056,2026-01-27 18:40:00,HSR Layout,MG Road,Bengaluru,Cab,UPI,13.64,33.5,280.96,1.43,Medium,Clear,Completed,Unknown,5.6
B00294,C0154,D0105,2026-01-31 00:47:00,Chembur,Borivali,Mumbai,Auto,Cash,1.06,3.0,69.54,1.09,Medium,Clear,Completed,Unknown,1.1
B00295,C0227,D0015,2026-03-14 18:12:00,Powai,Chembur,Mumbai,Bike,UPI,2.71,6.7,56.26,1.43,Medium,Clear,Completed,Unknown,7.7
B00296,C0262,D0026,2026-03-13 22:59:00,Viman Nagar,Baner,Pune,Auto,Card,1.45,3.1,73.05,1.11,Low,Smog,Completed,Unknown,4.2
B00297,C0324,D0132,2026-02-06 03:34:00,Saket,Noida Sector 18,Delhi,Bike,Card,15.33,32.6,131.98,1.05,Low,Cloudy,Completed,Unknown,5.7
B00298,C0082,D0121,2026-02-23 11:28:00,Baner,Viman Nagar,Pune,Auto,Card,2.41,4.4,81.69,1.02,Low,Clear,Completed,Unknown,2.0
B00299,C0303,D0133,2026-03-31 19:23:00,MG Road,Marathahalli,Bengaluru,Auto,Card,30.19,117.6,331.71,1.82,High,Clear,Cancelled,Customer,4.7
B00300,C0149,D0012,2026-03-06 12:57:00,Wakad,Viman Nagar,Pune,Bike,UPI,7.15,12.0,82.9,1.09,Low,Cloudy,Completed,Unknown,8.0
B00301,C0390,D0058,2026-02-05 03:21:00,Andheri,Borivali,Mumbai,Auto,Cash,5.79,15.6,112.11,1.32,Medium,Rain,Cancelled,Customer,9.0
B00302,C0028,D0071,2026-03-21 00:57:00,Karol Bagh,Janakpuri,Delhi,Bike,Cash,7.27,16.6,83.62,1.09,Low,Clear,Cancelled,Customer,1.1
B00303,C0279,D0139,2026-01-26 00:02:00,Banjara Hills,Gachibowli,Hyderabad,Bike,UPI,5.0,14.8,70.0,1.37,High,Cloudy,Completed,Unknown,3.3
B00304,C0048,D0034,2026-02-23 19:46:00,Gachibowli,Kukatpally,Hyderabad,Bike,UPI,17.42,53.2,144.52,1.76,High,Cloudy,Completed,Unknown,6.4
B00305,C0191,D0093,2026-03-04 08:20:00,Colaba,Bandra,Mumbai,Bike,UPI,2.76,8.4,56.56,1.76,High,Clear,Cancelled,Customer,6.3
B00306,C0385,D0056,2026-03-09 11:24:00,Hinjewadi,Wakad,Pune,Cab,UPI,1.02,2.0,104.28,1.11,Low,Clear,Completed,Unknown,13.1
B00307,C0029,D0119,2026-02-26 19:28:00,Karol Bagh,Janakpuri,Delhi,Bike,UPI,1.13,2.5,46.78,1.62,Medium,Rain,Completed,Unknown,4.4
B00308,C0260,D0096,2026-02-10 10:09:00,Wakad,Kharadi,Pune,Bike,UPI,6.17,12.2,77.02,1.06,Low,Smog,Cancelled,Customer,0.0
B00309,C0328,D0008,2026-02-28 08:09:00,Electronic City,HSR Layout,Bengaluru,Auto,Wallet,3.36,13.1,90.24,1.76,High,Clear,Incomplete,Unknown,7.0
B00310,C0390,D0004,2026-02-26 18:31:00,Pitampura,Rohini,Delhi,Auto,UPI,4.19,15.7,97.71,1.74,High,Cloudy,Completed,Unknown,10.7
B00311,C0011,D0002,2026-03-16 22:07:00,Gachibowli,Madhapur,Hyderabad,Auto,Cash,28.64,66.9,317.76,1.27,Medium,Rain,Completed,Unknown,10.9
B00312,C0149,D0107,2026-01-03 16:26:00,Kharadi,Wakad,Pune,Auto,Wallet,25.34,57.7,288.06,1.1,Low,Smog,Completed,Unknown,5.9
B00313,C0152,D0132,2026-03-16 17:12:00,Banjara Hills,Secunderabad,Hyderabad,Cab,Wallet,13.53,25.3,279.42,1.54,Low,Clear,Completed,Unknown,0.5
B00314,C0101,D0060,2026-02-02 07:02:00,Dadar,Borivali,Mumbai,Bike,UPI,2.14,5.1,52.84,1.41,Medium,Cloudy,Completed,Unknown,3.2
B00315,C0365,D0072,2026-02-16 18:16:00,Electronic City,Koramangala,Bengaluru,Cab,UPI,6.73,25.9,184.22,1.83,High,Clear,Completed,Unknown,10.5
B00316,C0324,D0103,2026-03-02 03:20:00,Kothrud,Baner,Pune,Bike,UPI,2.9,8.3,57.4,1.02,Medium,Cloudy,Cancelled,Customer,9.7
B00317,C0052,D0033,2026-03-21 00:00:00,Wakad,Hinjewadi,Pune,Bike,UPI,8.97,24.8,93.82,1.08,Medium,Clear,Cancelled,Customer,6.8
B00318,C0171,D0124,2026-03-29 09:18:00,Janakpuri,Karol Bagh,Delhi,Auto,Cash,3.86,14.3,94.74,1.73,High,Cloudy,Completed,Unknown,1.5
B00319,C0131,D0129,2026-02-06 20:08:00,Gachibowli,Banjara Hills,Hyderabad,Auto,UPI,21.35,85.9,252.15,1.43,High,Cloudy,Completed,Unknown,2.4
B00320,C0118,D0022,2026-01-09 01:44:00,Rohini,Karol Bagh,Delhi,Auto,UPI,7.39,14.8,126.51,1.09,Low,Cloudy,Completed,Unknown,7.7
B00321,C0389,D0071,2026-03-30 17:27:00,Janakpuri,Rohini,Delhi,Auto,UPI,5.09,9.6,105.81,1.48,Low,Clear,Completed,Unknown,5.8
B00322,C0049,D0023,2026-02-06 01:19:00,Indiranagar,Whitefield,Bengaluru,Cab,Card,14.79,36.9,297.06,1.09,Medium,Clear,Completed,Unknown,5.3
B00323,C0153,D0146,2026-02-06 21:57:00,Dadar,Andheri,Mumbai,Auto,Card,4.05,10.2,96.45,1.01,Medium,Clear,Completed,Unknown,0.0
B00324,C0216,D0035,2026-03-09 11:39:00,Wakad,Baner,Pune,Auto,UPI,5.27,13.6,107.43,1.02,Medium,Clear,Completed,Unknown,0.0
B00325,C0146,D0019,2026-01-28 08:01:00,Chembur,Colaba,Mumbai,Cab,Wallet,4.85,13.8,157.9,1.54,Medium,Clear,Cancelled,Customer,2.2
B00326,C0400,D0120,2026-03-12 17:09:00,Noida Sector 18,Lajpat Nagar,Delhi,Cab,UPI,4.24,9.0,149.36,1.52,Medium,Cloudy,Completed,Unknown,4.6
B00327,C0188,D0004,2026-03-11 21:45:00,Kukatpally,Secunderabad,Hyderabad,Bike,Cash,3.31,10.2,59.86,1.04,Medium,Cloudy,Incomplete,Unknown,17.4
B00328,C0081,D0079,2026-02-02 09:37:00,Dwarka,Noida Sector 18,Delhi,Cab,UPI,1.52,4.4,111.28,1.52,Medium,Cloudy,Completed,Unknown,1.1
B00329,C0027,D0116,2026-03-07 16:13:00,Powai,Colaba,Mumbai,Bike,Cash,18.76,43.6,152.56,1.33,Low,Rain,Completed,Unknown,2.8
B00330,C0186,D0015,2026-03-19 04:02:00,Hinjewadi,Wakad,Pune,Bike,UPI,7.83,26.4,86.98,1.33,High,Smog,Completed,Unknown,4.9
B00331,C0309,D0055,2026-03-14 16:05:00,Viman Nagar,Hinjewadi,Pune,Bike,Cash,4.7,10.0,68.2,1.21,Low,Rain,Cancelled,Customer,6.5
B00332,C0373,D0132,2026-03-25 13:20:00,Dwarka,Lajpat Nagar,Delhi,Auto,UPI,3.48,9.3,91.32,1.03,Medium,Clear,Completed,Unknown,5.2
B00333,C0236,D0006,2026-02-09 03:19:00,Karol Bagh,Rohini,Delhi,Auto,Card,4.81,10.3,103.29,1.09,Medium,Clear,Completed,Unknown,4.2
B00334,C0238,D0087,2026-02-07 19:32:00,Secunderabad,Gachibowli,Hyderabad,Auto,Card,6.2,14.1,115.8,1.43,Low,Clear,Completed,Unknown,9.2
B00335,C0029,D0040,2026-02-08 12:41:00,Gachibowli,Ameerpet,Hyderabad,Cab,Cash,5.22,11.1,163.08,1.09,Low,Smog,Completed,Unknown,0.2
B00336,C0387,D0087,2026-01-24 09:42:00,MG Road,Koramangala,Bengaluru,Cab,UPI,13.34,37.8,276.76,2.0,High,Rain,Cancelled,Driver,7.7
B00337,C0238,D0127,2026-03-29 11:28:00,Wakad,Viman Nagar,Pune,Auto,Card,3.16,9.6,88.44,1.5,High,Rain,Completed,Unknown,8.2
B00338,C0232,D0073,2026-03-19 00:47:00,Kothrud,Baner,Pune,Auto,UPI,13.74,35.2,183.66,1.11,Medium,Clear,Cancelled,Driver,0.0
B00339,C0013,D0087,2026-02-25 23:29:00,Gachibowli,Madhapur,Hyderabad,Auto,UPI,3.52,10.9,91.68,1.01,Medium,Clear,Cancelled,Customer,6.0
B00340,C0104,D0115,2026-03-03 08:50:00,Viman Nagar,Kothrud,Pune,Auto,Wallet,3.59,13.5,92.31,1.78,High,Clear,Completed,Unknown,2.3
B00341,C0314,D0099,2026-02-13 17:23:00,Powai,Borivali,Mumbai,Auto,UPI,6.32,19.3,116.88,1.44,Medium,Clear,Incomplete,Unknown,9.1
B00342,C0079,D0093,2026-02-22 09:58:00,Koramangala,Indiranagar,Bengaluru,Cab,Card,1.14,3.5,105.96,1.44,Medium,Clear,Completed,Unknown,6.8
B00343,C0135,D0150,2026-03-13 01:54:00,Wakad,Hinjewadi,Pune,Cab,UPI,4.65,13.2,155.1,1.14,Medium,Clear,Completed,Unknown,0.0
B00344,C0064,D0012,2026-02-15 03:57:00,Jayanagar,MG Road,Bengaluru,Cab,Cash,2.98,10.5,131.72,1.51,High,Rain,Cancelled,Driver,2.8
B00345,C0095,D0124,2026-03-25 13:51:00,Bandra,Borivali,Mumbai,Auto,Card,4.0,10.8,96.0,1.07,Medium,Clear,Incomplete,Unknown,3.0
B00346,C0193,D0012,2026-01-28 22:08:00,Ameerpet,Banjara Hills,Hyderabad,Cab,Cash,2.87,4.8,130.18,1.09,Low,Clear,Completed,Unknown,2.8
B00347,C0380,D0066,2026-01-28 11:04:00,Janakpuri,Dwarka,Delhi,Auto,UPI,15.41,25.7,198.69,1.15,Low,Cloudy,Completed,Unknown,0.0
B00348,C0008,D0053,2026-03-04 10:31:00,Kothrud,Kharadi,Pune,Bike,Card,12.31,20.7,113.86,1.02,Low,Cloudy,Completed,Unknown,4.4
B00349,C0048,D0097,2026-02-18 01:27:00,Madhapur,Kukatpally,Hyderabad,Auto,UPI,15.04,25.0,195.36,1.29,Low,Rain,Completed,Unknown,0.0
B00350,C0320,D0129,2026-01-14 03:40:00,Gachibowli,Kukatpally,Hyderabad,Bike,Card,1.61,3.7,49.66,1.12,Medium,Clear,Completed,Unknown,0.0
B00351,C0207,D0079,2026-02-11 02:06:00,Hinjewadi,Kharadi,Pune,Auto,UPI,2.47,4.6,82.23,1.11,Low,Clear,Completed,Unknown,3.9
B00352,C0022,D0066,2026-03-26 10:30:00,Kharadi,Kothrud,Pune,Auto,UPI,4.43,15.9,99.87,1.34,High,Cloudy,Cancelled,Customer,5.5
B00353,C0387,D0033,2026-03-21 17:44:00,Kukatpally,Banjara Hills,Hyderabad,Cab,UPI,3.65,10.1,141.1,1.72,Medium,Rain,Completed,Unknown,0.8
B00354,C0190,D0063,2026-03-14 15:36:00,Secunderabad,Kukatpally,Hyderabad,Bike,Cash,6.97,11.7,81.82,1.33,Low,Rain,Completed,Unknown,0.0
B00355,C0138,D0116,2026-01-28 03:30:00,Pitampura,Lajpat Nagar,Delhi,Cab,UPI,8.44,19.8,208.16,1.06,Low,Clear,Completed,Unknown,0.0
B00356,C0155,D0015,2026-03-28 22:59:00,Ameerpet,Secunderabad,Hyderabad,Cab,UPI,12.36,29.0,263.04,1.08,Low,Smog,Completed,Unknown,8.9
B00357,C0062,D0067,2026-01-25 00:56:00,Hauz Khas,Janakpuri,Delhi,Bike,Cash,1.42,3.3,48.52,1.21,Low,Rain,Cancelled,Driver,2.0
B00358,C0115,D0018,2026-02-11 05:25:00,Kothrud,Viman Nagar,Pune,Bike,Card,7.26,17.3,83.56,1.04,Low,Clear,Completed,Unknown,1.5
B00359,C0005,D0112,2026-02-15 09:04:00,Borivali,Malad,Mumbai,Cab,UPI,1.01,2.2,104.14,1.53,Medium,Clear,Completed,Unknown,4.1
B00360,C0069,D0012,2026-03-14 01:14:00,Kothrud,Baner,Pune,Bike,Card,4.73,15.3,68.38,1.45,High,Clear,Cancelled,Customer,4.6
B00361,C0381,D0132,2026-01-12 13:59:00,Marathahalli,HSR Layout,Bengaluru,Cab,Cash,15.13,44.7,301.82,1.22,Medium,Rain,Completed,Unknown,4.6
B00362,C0173,D0079,2026-03-09 01:31:00,Kukatpally,Banjara Hills,Hyderabad,Bike,UPI,5.6,20.8,73.6,1.34,High,Clear,Cancelled,Customer,0.3
B00363,C0196,D0099,2026-02-02 13:27:00,Chembur,Andheri,Mumbai,Bike,Cash,1.41,4.1,48.46,1.03,Medium,Cloudy,Incomplete,Unknown,9.0
B00364,C0232,D0003,2026-02-03 09:12:00,Banjara Hills,Madhapur,Hyderabad,Cab,UPI,2.27,3.7,121.78,1.43,Low,Clear,Cancelled,Customer,3.8
B00365,C0146,D0094,2026-01-06 17:15:00,Borivali,Bandra,Mumbai,Cab,UPI,5.55,12.3,167.7,1.45,Low,Clear,Cancelled,Driver,5.8
B00366,C0363,D0074,2026-02-05 02:53:00,Jayanagar,Koramangala,Bengaluru,Cab,Card,25.11,62.3,441.54,1.01,Medium,Clear,Completed,Unknown,4.6
B00367,C0082,D0027,2026-03-27 17:01:00,Saket,Rohini,Delhi,Bike,Cash,8.87,27.4,93.22,1.69,Medium,Rain,Completed,Unknown,0.0
B00368,C0039,D0098,2026-02-05 09:22:00,Wakad,Kharadi,Pune,Bike,UPI,2.43,7.1,54.58,1.72,High,Clear,Completed,Unknown,5.0
B00369,C0325,D0098,2026-02-08 22:42:00,Dadar,Powai,Mumbai,Auto,UPI,1.01,3.1,69.09,1.01,Medium,Clear,Completed,Unknown,0.0
B00370,C0341,D0114,2026-03-19 12:10:00,Karol Bagh,Lajpat Nagar,Delhi,Auto,Wallet,5.55,10.4,109.95,1.03,Low,Cloudy,Completed,Unknown,6.0
B00371,C0087,D0030,2026-01-01 00:40:00,Janakpuri,Pitampura,Delhi,Auto,Cash,19.94,55.8,239.46,1.14,Medium,Cloudy,Completed,Unknown,4.2
B00372,C0122,D0045,2026-02-19 23:47:00,Kharadi,Hinjewadi,Pune,Bike,UPI,13.25,30.6,119.5,1.04,Low,Cloudy,Completed,Unknown,2.1
B00373,C0193,D0011,2026-02-27 12:33:00,Banjara Hills,Secunderabad,Hyderabad,Bike,Card,3.05,8.4,58.3,1.42,High,Cloudy,Completed,Unknown,7.2
B00374,C0115,D0004,2026-01-26 00:16:00,Dadar,Andheri,Mumbai,Cab,Cash,3.87,14.7,144.18,1.39,High,Clear,Completed,Unknown,7.4
B00375,C0175,D0067,2026-01-31 19:49:00,Hinjewadi,Baner,Pune,Auto,UPI,7.13,23.7,124.17,1.75,High,Clear,Incomplete,Unknown,0.1
B00376,C0045,D0107,2026-02-25 18:10:00,Andheri,Dadar,Mumbai,Auto,UPI,8.8,16.5,139.2,1.5,Low,Smog,Completed,Unknown,5.1
B00377,C0109,D0051,2026-02-02 23:22:00,Chembur,Bandra,Mumbai,Auto,UPI,5.79,14.1,112.11,1.25,Medium,Rain,Completed,Unknown,4.5
B00378,C0114,D0023,2026-01-28 17:09:00,Powai,Colaba,Mumbai,Auto,Card,3.77,11.3,93.93,1.71,High,Cloudy,Cancelled,Driver,9.0
B00379,C0106,D0045,2026-01-09 03:20:00,Connaught Place,Dwarka,Delhi,Bike,UPI,8.54,24.2,91.24,1.03,Medium,Clear,Completed,Unknown,0.0
B00380,C0373,D0133,2026-01-15 20:52:00,Wakad,Hinjewadi,Pune,Auto,Cash,9.74,21.4,147.66,1.15,Medium,Cloudy,Completed,Unknown,0.9
B00381,C0002,D0003,2026-01-31 14:21:00,Kothrud,Hinjewadi,Pune,Bike,Card,5.51,17.0,73.06,1.11,Medium,Clear,Completed,Unknown,0.5
B00382,C0220,D0136,2026-01-02 21:23:00,Banjara Hills,Madhapur,Hyderabad,Cab,UPI,9.82,37.6,227.48,1.31,High,Clear,Incomplete,Unknown,1.8
B00383,C0196,D0033,2026-02-08 07:22:00,Banjara Hills,Kukatpally,Hyderabad,Bike,Card,11.96,44.2,111.76,1.81,High,Clear,Cancelled,Driver,3.7
B00384,C0013,D0143,2026-01-15 04:29:00,Kharadi,Wakad,Pune,Auto,Card,3.37,7.7,90.33,1.1,Low,Cloudy,Cancelled,Customer,3.8
B00385,C0122,D0129,2026-03-15 15:05:00,Colaba,Malad,Mumbai,Bike,Cash,3.03,9.8,58.18,1.34,High,Clear,Cancelled,Customer,2.2
B00386,C0049,D0057,2026-01-07 12:13:00,Whitefield,HSR Layout,Bengaluru,Bike,Cash,3.15,5.1,58.9,1.14,Low,Clear,Completed,Unknown,4.6
B00387,C0055,D0077,2026-01-24 05:18:00,Secunderabad,Madhapur,Hyderabad,Auto,UPI,5.56,12.6,110.04,1.05,Low,Clear,Completed,Unknown,1.1
B00388,C0309,D0049,2026-03-02 00:28:00,Banjara Hills,Ameerpet,Hyderabad,Cab,Cash,1.38,2.6,109.32,1.07,Low,Clear,Completed,Unknown,5.3
B00389,C0353,D0027,2026-01-01 02:47:00,Whitefield,Electronic City,Bengaluru,Cab,UPI,5.87,20.0,172.18,1.35,High,Clear,Cancelled,Customer,2.9
B00390,C0093,D0032,2026-03-20 07:36:00,Viman Nagar,Baner,Pune,Bike,UPI,1.66,3.4,49.96,1.45,Low,Clear,Completed,Unknown,7.4
B00391,C0187,D0107,2026-02-01 22:23:00,Pitampura,Dwarka,Delhi,Auto,UPI,7.21,20.8,124.89,1.06,Medium,Cloudy,Completed,Unknown,7.0
B00392,C0001,D0008,2026-02-02 18:00:00,Saket,Lajpat Nagar,Delhi,Auto,Card,1.01,3.5,69.09,1.8,High,Cloudy,Completed,Unknown,11.4
B00393,C0104,D0121,2026-02-10 17:50:00,Baner,Kharadi,Pune,Bike,UPI,2.55,7.3,55.3,1.45,Medium,Clear,Incomplete,Unknown,0.0
B00394,C0148,D0005,2026-02-06 23:17:00,Banjara Hills,Ameerpet,Hyderabad,Bike,Wallet,3.7,8.2,62.2,1.01,Low,Clear,Completed,Unknown,5.8
B00395,C0028,D0034,2026-02-07 16:10:00,Ameerpet,Secunderabad,Hyderabad,Cab,UPI,5.57,12.6,167.98,1.34,Low,Rain,Cancelled,Customer,4.9
B00396,C0178,D0006,2026-01-21 17:41:00,HSR Layout,MG Road,Bengaluru,Cab,Card,16.0,35.5,314.0,1.51,Medium,Clear,Completed,Unknown,5.6
B00397,C0335,D0051,2026-02-24 04:19:00,Banjara Hills,Secunderabad,Hyderabad,Cab,Cash,8.78,16.2,212.92,1.11,Low,Clear,Cancelled,Customer,6.1
B00398,C0273,D0019,2026-01-23 04:34:00,Pitampura,Noida Sector 18,Delhi,Auto,Card,4.8,16.4,103.2,1.32,High,Cloudy,Cancelled,Customer,6.2
B00399,C0002,D0034,2026-01-13 12:23:00,Hauz Khas,Pitampura,Delhi,Auto,Card,14.02,37.6,186.18,1.03,Medium,Clear,Incomplete,Unknown,0.1
B00400,C0277,D0120,2026-03-18 16:33:00,Viman Nagar,Baner,Pune,Bike,UPI,2.37,9.4,54.22,1.35,High,Cloudy,Completed,Unknown,9.1
B00401,C0263,D0072,2026-01-03 13:39:00,Kharadi,Viman Nagar,Pune,Cab,Card,3.27,7.2,135.78,1.07,Low,Cloudy,Completed,Unknown,0.0
B00402,C0393,D0034,2026-02-18 20:11:00,HSR Layout,MG Road,Bengaluru,Auto,Card,1.42,2.8,72.78,1.07,Low,Cloudy,Cancelled,Customer,0.5
B00403,C0115,D0095,2026-02-03 06:56:00,Baner,Kharadi,Pune,Bike,UPI,5.94,17.4,75.64,1.11,Medium,Clear,Completed,Unknown,1.6
B00404,C0317,D0137,2026-03-26 14:34:00,Powai,Chembur,Mumbai,Auto,UPI,5.1,9.8,105.9,1.14,Low,Clear,Cancelled,Customer,0.0
B00405,C0386,D0071,2026-02-14 16:59:00,Karol Bagh,Connaught Place,Delhi,Bike,UPI,1.32,2.7,47.92,1.05,Low,Clear,Cancelled,Customer,0.0
B00406,C0002,D0094,2026-02-08 13:15:00,Madhapur,Kukatpally,Hyderabad,Auto,UPI,8.84,17.2,139.56,1.09,Low,Cloudy,Completed,Unknown,16.0
B00407,C0013,D0128,2026-01-22 21:31:00,Bandra,Colaba,Mumbai,Auto,Cash,8.67,18.2,138.03,1.08,Low,Smog,Cancelled,Customer,1.4
B00408,C0389,D0099,2026-03-13 06:11:00,Wakad,Baner,Pune,Auto,Card,11.03,27.5,159.27,1.09,Medium,Clear,Cancelled,Driver,8.6
B00409,C0184,D0064,2026-01-29 11:41:00,Noida Sector 18,Hauz Khas,Delhi,Bike,UPI,6.66,16.6,79.96,1.21,Medium,Rain,Cancelled,Driver,8.1
B00410,C0172,D0140,2026-02-28 19:15:00,Whitefield,MG Road,Bengaluru,Auto,UPI,2.89,6.1,86.01,1.44,Low,Smog,Cancelled,Driver,9.3
B00411,C0036,D0003,2026-02-23 18:10:00,Electronic City,MG Road,Bengaluru,Bike,UPI,1.89,7.1,51.34,1.79,High,Cloudy,Completed,Unknown,6.2
B00412,C0008,D0072,2026-03-24 11:10:00,HSR Layout,Koramangala,Bengaluru,Bike,Wallet,6.52,19.7,79.12,1.11,Medium,Smog,Completed,Unknown,0.0
B00413,C0303,D0077,2026-03-04 12:07:00,Hinjewadi,Baner,Pune,Bike,Cash,3.68,9.0,62.08,1.1,Medium,Clear,Completed,Unknown,0.0
B00414,C0082,D0137,2026-03-11 16:14:00,Secunderabad,Gachibowli,Hyderabad,Cab,UPI,9.76,19.8,226.64,1.14,Low,Cloudy,Cancelled,Driver,2.1
B00415,C0329,D0049,2026-01-13 20:26:00,Andheri,Malad,Mumbai,Auto,Cash,15.56,30.3,200.04,1.03,Low,Cloudy,Completed,Unknown,10.3
B00416,C0159,D0076,2026-02-06 15:49:00,HSR Layout,Electronic City,Bengaluru,Auto,Card,11.71,19.5,165.39,1.12,Low,Clear,Completed,Unknown,2.5
B00417,C0088,D0071,2026-02-27 03:57:00,Janakpuri,Karol Bagh,Delhi,Bike,Card,20.02,58.3,160.12,1.07,Medium,Clear,Cancelled,Driver,0.0
B00418,C0076,D0131,2026-03-13 19:25:00,Colaba,Dadar,Mumbai,Bike,Card,6.57,24.7,79.42,1.93,High,Rain,Cancelled,Customer,3.1
B00419,C0338,D0092,2026-03-23 11:41:00,Colaba,Andheri,Mumbai,Cab,Wallet,3.7,6.6,141.8,1.01,Low,Cloudy,Incomplete,Unknown,0.0
B00420,C0307,D0144,2026-02-27 10:04:00,Chembur,Bandra,Mumbai,Cab,Cash,13.45,37.7,278.3,1.13,Medium,Clear,Completed,Unknown,8.5
B00421,C0297,D0068,2026-01-01 05:30:00,Dadar,Chembur,Mumbai,Auto,Card,7.13,12.9,124.17,1.1,Low,Clear,Completed,Unknown,2.7
B00422,C0311,D0041,2026-03-12 10:13:00,Ameerpet,Banjara Hills,Hyderabad,Auto,Cash,1.74,2.9,75.66,1.03,Low,Clear,Completed,Unknown,1.9
B00423,C0328,D0131,2026-02-24 02:29:00,Dwarka,Connaught Place,Delhi,Auto,Card,7.85,22.0,130.65,1.28,Medium,Rain,Completed,Unknown,0.0
B00424,C0298,D0060,2026-01-07 16:13:00,Malad,Borivali,Mumbai,Cab,Cash,1.42,3.3,109.88,1.13,Low,Cloudy,Cancelled,Customer,4.4
B00425,C0193,D0119,2026-02-23 15:27:00,Colaba,Malad,Mumbai,Cab,UPI,5.56,11.6,167.84,1.04,Low,Clear,Cancelled,Customer,10.5
B00426,C0013,D0107,2026-01-16 10:59:00,Kukatpally,Gachibowli,Hyderabad,Cab,Cash,16.94,51.0,327.16,1.08,Medium,Cloudy,Completed,Unknown,7.8
B00427,C0190,D0126,2026-01-03 17:39:00,MG Road,Whitefield,Bengaluru,Cab,UPI,3.88,8.6,144.32,1.68,Low,Rain,Incomplete,Unknown,6.8
B00428,C0073,D0103,2026-03-03 13:10:00,Indiranagar,Whitefield,Bengaluru,Auto,UPI,6.22,19.0,115.98,1.14,Medium,Clear,Cancelled,Driver,5.6
B00429,C0352,D0072,2026-02-22 19:09:00,Borivali,Bandra,Mumbai,Bike,Cash,2.66,5.9,55.96,1.45,Medium,Cloudy,Completed,Unknown,1.1
B00430,C0372,D0125,2026-01-24 23:14:00,Kukatpally,Ameerpet,Hyderabad,Cab,UPI,6.79,14.3,185.06,1.03,Medium,Clear,Completed,Unknown,2.8
B00431,C0224,D0041,2026-01-18 07:16:00,MG Road,HSR Layout,Bengaluru,Cab,UPI,3.46,7.4,138.44,1.48,Medium,Cloudy,Cancelled,Customer,0.0
B00432,C0381,D0015,2026-01-28 00:42:00,Viman Nagar,Baner,Pune,Bike,UPI,1.15,2.7,46.9,1.05,Medium,Cloudy,Incomplete,Unknown,2.8
B00433,C0033,D0051,2026-01-29 12:55:00,Janakpuri,Rohini,Delhi,Auto,Card,24.06,51.7,276.54,1.05,Low,Clear,Completed,Unknown,2.6
B00434,C0193,D0068,2026-02-27 03:14:00,Secunderabad,Madhapur,Hyderabad,Cab,Card,1.57,4.4,111.98,1.42,High,Cloudy,Incomplete,Unknown,9.3
B00435,C0102,D0004,2026-01-10 16:49:00,Indiranagar,Marathahalli,Bengaluru,Auto,Cash,5.92,13.6,113.28,1.08,Medium,Clear,Cancelled,Customer,7.4
B00436,C0043,D0129,2026-03-15 12:15:00,Secunderabad,Gachibowli,Hyderabad,Cab,Card,2.54,4.7,125.56,1.12,Low,Clear,Completed,Unknown,3.2
B00437,C0384,D0044,2026-03-10 20:08:00,Kothrud,Hinjewadi,Pune,Bike,UPI,5.67,11.2,74.02,1.3,Low,Rain,Completed,Unknown,6.7
B00438,C0369,D0107,2026-01-29 16:24:00,MG Road,Indiranagar,Bengaluru,Auto,Card,3.39,5.5,90.51,1.12,Low,Cloudy,Completed,Unknown,9.0
B00439,C0111,D0027,2026-03-15 10:36:00,Kharadi,Hinjewadi,Pune,Cab,Card,1.01,2.9,104.14,1.06,Medium,Cloudy,Completed,Unknown,5.8
B00440,C0144,D0136,2026-01-24 15:47:00,Banjara Hills,Secunderabad,Hyderabad,Cab,Cash,3.46,7.7,138.44,1.09,Low,Clear,Completed,Unknown,4.3
B00441,C0296,D0136,2026-01-26 23:39:00,Powai,Malad,Mumbai,Cab,Cash,8.83,20.8,213.62,1.05,Low,Clear,Completed,Unknown,0.3
B00442,C0156,D0083,2026-03-30 08:13:00,Viman Nagar,Hinjewadi,Pune,Bike,UPI,11.47,27.0,108.82,1.49,Low,Clear,Completed,Unknown,2.7
B00443,C0276,D0033,2026-03-05 10:56:00,Powai,Borivali,Mumbai,Auto,Card,3.7,6.4,93.3,1.02,Low,Clear,Cancelled,Driver,0.9
B00444,C0363,D0123,2026-03-06 14:33:00,HSR Layout,Electronic City,Bengaluru,Bike,Card,13.64,39.2,121.84,1.08,Medium,Clear,Cancelled,Driver,0.3
B00445,C0219,D0077,2026-02-22 15:46:00,Koramangala,HSR Layout,Bengaluru,Cab,UPI,20.96,65.2,383.44,1.45,High,Cloudy,Incomplete,Unknown,3.4
B00446,C0145,D0039,2026-03-28 19:46:00,Whitefield,Marathahalli,Bengaluru,Bike,Card,8.45,16.9,90.7,1.74,Low,Rain,Completed,Unknown,4.9
B00447,C0317,D0132,2026-02-09 10:09:00,MG Road,HSR Layout,Bengaluru,Cab,UPI,15.84,29.0,311.76,1.09,Low,Cloudy,Completed,Unknown,0.0
B00448,C0034,D0062,2026-02-02 05:52:00,Bandra,Borivali,Mumbai,Auto,UPI,3.88,9.1,94.92,1.14,Medium,Clear,Completed,Unknown,3.0
B00449,C0381,D0046,2026-01-30 21:53:00,Koramangala,Indiranagar,Bengaluru,Auto,Card,2.8,10.9,85.2,1.35,High,Clear,Cancelled,Customer,10.4
B00450,C0262,D0056,2026-01-18 15:42:00,Colaba,Chembur,Mumbai,Bike,UPI,8.59,29.8,91.54,1.34,High,Cloudy,Cancelled,Driver,10.2
B00451,C0138,D0058,2026-02-19 02:53:00,Viman Nagar,Kharadi,Pune,Auto,UPI,24.32,47.7,278.88,1.06,Low,Cloudy,Completed,Unknown,3.4
B00452,C0033,D0141,2026-02-14 10:09:00,Kukatpally,Madhapur,Hyderabad,Auto,UPI,1.28,3.4,71.52,1.3,Medium,Rain,Completed,Unknown,0.0
B00453,C0183,D0025,2026-03-26 05:17:00,Connaught Place,Noida Sector 18,Delhi,Bike,Card,10.41,31.0,102.46,1.34,Medium,Rain,Completed,Unknown,2.1
B00454,C0088,D0114,2026-01-13 10:40:00,Koramangala,Marathahalli,Bengaluru,Bike,Wallet,2.37,4.1,54.22,1.02,Low,Cloudy,Incomplete,Unknown,1.7
B00455,C0351,D0111,2026-01-29 06:45:00,Electronic City,MG Road,Bengaluru,Cab,Card,1.44,5.1,110.16,1.5,High,Rain,Completed,Unknown,11.6
B00456,C0235,D0130,2026-02-22 08:30:00,Lajpat Nagar,Noida Sector 18,Delhi,Auto,UPI,4.18,12.7,97.62,1.7,High,Cloudy,Cancelled,Customer,2.4
B00457,C0040,D0112,2026-02-22 02:46:00,Andheri,Dadar,Mumbai,Auto,UPI,7.49,16.9,127.41,1.02,Medium,Clear,Incomplete,Unknown,6.6
B00458,C0034,D0023,2026-01-15 00:30:00,Gachibowli,Madhapur,Hyderabad,Auto,UPI,3.9,8.7,95.1,1.05,Low,Cloudy,Incomplete,Unknown,5.9
B00459,C0261,D0114,2026-02-17 08:22:00,Powai,Colaba,Mumbai,Bike,Card,4.42,8.1,66.52,1.51,Low,Clear,Cancelled,Driver,6.6
B00460,C0246,D0125,2026-02-23 21:26:00,Secunderabad,Banjara Hills,Hyderabad,Cab,Cash,26.15,43.5,456.1,1.08,Low,Cloudy,Completed,Unknown,6.8
B00461,C0186,D0039,2026-02-21 11:05:00,Bandra,Malad,Mumbai,Bike,Cash,2.1,3.7,52.6,1.05,Low,Clear,Completed,Unknown,6.7
B00462,C0382,D0030,2026-01-06 08:08:00,Gachibowli,Madhapur,Hyderabad,Auto,UPI,6.59,12.2,119.31,1.45,Low,Clear,Cancelled,Customer,3.7
B00463,C0167,D0033,2026-03-09 02:15:00,MG Road,Whitefield,Bengaluru,Auto,Cash,1.34,5.4,72.06,1.44,High,Clear,Completed,Unknown,0.7
B00464,C0335,D0120,2026-03-18 23:43:00,Secunderabad,Banjara Hills,Hyderabad,Cab,Card,19.81,61.6,367.34,1.14,Medium,Clear,Completed,Unknown,4.0
B00465,C0269,D0035,2026-03-29 09:02:00,Bandra,Andheri,Mumbai,Auto,Cash,2.76,5.2,84.84,1.4,Low,Clear,Completed,Unknown,0.1
B00466,C0158,D0062,2026-01-14 04:20:00,Powai,Colaba,Mumbai,Auto,Cash,1.62,4.4,74.58,1.14,Medium,Smog,Cancelled,Customer,0.0
B00467,C0163,D0142,2026-02-12 14:16:00,Malad,Powai,Mumbai,Bike,UPI,2.56,7.3,55.36,1.01,Medium,Clear,Cancelled,Customer,2.1
B00468,C0114,D0094,2026-01-15 20:31:00,Connaught Place,Dwarka,Delhi,Cab,Card,3.36,6.6,137.04,1.33,Low,Rain,Completed,Unknown,10.4
B00469,C0228,D0041,2026-01-20 04:44:00,Borivali,Malad,Mumbai,Bike,Cash,14.09,32.7,124.54,1.05,Low,Clear,Completed,Unknown,0.0
B00470,C0273,D0063,2026-01-31 18:15:00,Borivali,Dadar,Mumbai,Bike,Card,10.7,20.0,104.2,1.47,Low,Clear,Completed,Unknown,0.0
B00471,C0143,D0076,2026-02-03 23:57:00,HSR Layout,Jayanagar,Bengaluru,Auto,Card,4.62,8.9,101.58,1.1,Low,Cloudy,Cancelled,Customer,0.0
B00472,C0248,D0017,2026-03-27 05:44:00,Kukatpally,Gachibowli,Hyderabad,Cab,UPI,10.75,30.4,240.5,1.22,Medium,Rain,Cancelled,Customer,1.7
B00473,C0295,D0128,2026-02-24 03:10:00,Koramangala,Jayanagar,Bengaluru,Cab,UPI,7.7,18.7,197.8,1.04,Medium,Clear,Completed,Unknown,1.5
B00474,C0140,D0013,2026-01-26 11:01:00,Connaught Place,Rohini,Delhi,Cab,UPI,4.85,14.3,157.9,1.14,Medium,Clear,Completed,Unknown,5.7
B00475,C0135,D0125,2026-03-02 00:06:00,Andheri,Malad,Mumbai,Auto,UPI,11.53,25.2,163.77,1.26,Low,Rain,Completed,Unknown,2.2
B00476,C0236,D0018,2026-01-08 06:03:00,Andheri,Chembur,Mumbai,Bike,Wallet,2.91,11.3,57.46,1.39,High,Cloudy,Completed,Unknown,2.7
B00477,C0394,D0079,2026-01-01 17:53:00,Viman Nagar,Kharadi,Pune,Bike,Cash,1.11,2.1,46.66,1.4,Low,Cloudy,Completed,Unknown,0.8
B00478,C0400,D0089,2026-02-25 19:53:00,Lajpat Nagar,Dwarka,Delhi,Bike,Wallet,7.94,14.6,87.64,1.64,Low,Rain,Cancelled,Customer,0.9
B00479,C0279,D0120,2026-02-20 13:05:00,Malad,Powai,Mumbai,Bike,UPI,5.41,12.1,72.46,1.21,Low,Rain,Completed,Unknown,4.0
B00480,C0164,D0128,2026-01-10 06:14:00,Malad,Chembur,Mumbai,Auto,UPI,3.27,9.7,89.43,1.21,Medium,Rain,Cancelled,Customer,3.1
B00481,C0278,D0090,2026-02-04 03:02:00,Indiranagar,Whitefield,Bengaluru,Auto,UPI,2.52,5.8,82.68,1.14,Medium,Clear,Completed,Unknown,0.1
B00482,C0121,D0134,2026-01-14 16:25:00,Kothrud,Viman Nagar,Pune,Auto,UPI,8.97,20.3,140.73,1.15,Low,Cloudy,Completed,Unknown,0.0
B00483,C0083,D0016,2026-02-19 13:15:00,Kothrud,Hinjewadi,Pune,Cab,Wallet,6.01,14.3,174.14,1.32,Low,Rain,Cancelled,Customer,5.3
B00484,C0100,D0147,2026-02-07 21:16:00,Chembur,Malad,Mumbai,Auto,UPI,2.8,8.3,85.2,1.02,Medium,Clear,Cancelled,Customer,3.9
B00485,C0106,D0034,2026-03-01 01:16:00,Banjara Hills,Gachibowli,Hyderabad,Bike,Card,2.66,8.5,55.96,1.32,High,Clear,Completed,Unknown,9.1
B00486,C0058,D0072,2026-01-28 10:12:00,Colaba,Andheri,Mumbai,Cab,Card,2.32,6.1,122.48,1.03,Medium,Cloudy,Completed,Unknown,0.8
B00487,C0126,D0126,2026-02-03 17:30:00,MG Road,Whitefield,Bengaluru,Auto,Cash,4.35,15.3,99.15,1.75,High,Clear,Incomplete,Unknown,11.3
B00488,C0148,D0109,2026-02-23 21:20:00,Saket,Rohini,Delhi,Auto,Cash,2.5,8.2,82.5,1.35,High,Cloudy,Completed,Unknown,3.6
B00489,C0139,D0060,2026-01-15 15:07:00,Powai,Borivali,Mumbai,Cab,Wallet,1.03,2.4,104.42,1.08,Low,Clear,Completed,Unknown,0.0
B00490,C0100,D0045,2026-03-17 23:11:00,Colaba,Andheri,Mumbai,Bike,Cash,12.87,36.8,117.22,1.03,Medium,Clear,Completed,Unknown,3.2
B00491,C0176,D0097,2026-03-31 09:38:00,Chembur,Dadar,Mumbai,Bike,UPI,3.45,7.0,60.7,1.41,Low,Clear,Completed,Unknown,0.0
B00492,C0226,D0045,2026-03-17 20:52:00,Kukatpally,Banjara Hills,Hyderabad,Bike,Card,28.94,63.0,213.64,1.08,Medium,Smog,Cancelled,Customer,5.3
B00493,C0138,D0108,2026-02-14 20:49:00,Andheri,Borivali,Mumbai,Cab,Wallet,1.6,4.7,112.4,1.32,Medium,Rain,Completed,Unknown,3.2
B00494,C0236,D0086,2026-02-07 04:54:00,Whitefield,Marathahalli,Bengaluru,Bike,Wallet,1.41,3.2,48.46,1.02,Low,Cloudy,Completed,Unknown,1.4
B00495,C0294,D0002,2026-01-20 13:43:00,Marathahalli,Whitefield,Bengaluru,Auto,UPI,2.14,3.5,79.26,1.29,Low,Rain,Cancelled,Customer,7.5
B00496,C0222,D0105,2026-01-21 13:01:00,Chembur,Colaba,Mumbai,Bike,Cash,8.17,13.4,89.02,1.28,Low,Rain,Completed,Unknown,1.6
B00497,C0128,D0023,2026-01-14 04:27:00,Madhapur,Gachibowli,Hyderabad,Auto,UPI,20.78,45.5,247.02,1.07,Low,Cloudy,Completed,Unknown,6.1
B00498,C0177,D0137,2026-03-08 13:40:00,Secunderabad,Ameerpet,Hyderabad,Auto,Card,2.87,8.5,85.83,1.14,Medium,Clear,Completed,Unknown,7.7
B00499,C0178,D0027,2026-03-24 01:57:00,Indiranagar,Electronic City,Bengaluru,Cab,UPI,3.44,9.6,138.16,1.04,Medium,Cloudy,Incomplete,Unknown,2.5
B00500,C0364,D0129,2026-02-22 02:26:00,Colaba,Bandra,Mumbai,Bike,Cash,8.39,23.0,90.34,1.2,Medium,Rain,Completed,Unknown,1.4
B00501,C0120,D0033,2026-02-01 12:12:00,Powai,Colaba,Mumbai,Bike,Cash,1.13,2.6,46.78,1.04,Low,Clear,Completed,Unknown,0.0
B00502,C0083,D0005,2026-03-31 00:50:00,Dwarka,Noida Sector 18,Delhi,Cab,UPI,1.68,4.9,113.52,1.03,Medium,Clear,Completed,Unknown,11.1
B00503,C0118,D0060,2026-03-22 19:10:00,Kukatpally,Banjara Hills,Hyderabad,Bike,UPI,3.81,13.4,62.86,2.04,High,Rain,Completed,Unknown,3.2
B00504,C0379,D0014,2026-01-14 08:35:00,Dwarka,Saket,Delhi,Cab,UPI,1.9,3.4,116.6,1.46,Low,Clear,Completed,Unknown,0.0
B00505,C0392,D0125,2026-01-20 14:53:00,Kothrud,Viman Nagar,Pune,Auto,UPI,6.46,25.7,118.14,1.54,High,Rain,Completed,Unknown,6.5
B00506,C0329,D0121,2026-03-04 22:43:00,Baner,Kharadi,Pune,Cab,Cash,3.96,8.7,145.44,1.11,Low,Clear,Completed,Unknown,1.6
B00507,C0072,D0095,2026-01-16 21:52:00,Kharadi,Viman Nagar,Pune,Auto,UPI,18.98,44.2,230.82,1.04,Medium,Clear,Cancelled,Customer,0.2
B00508,C0081,D0073,2026-02-09 08:04:00,Baner,Wakad,Pune,Cab,UPI,19.29,55.8,360.06,1.81,High,Cloudy,Cancelled,Driver,1.0
B00509,C0031,D0070,2026-03-20 12:11:00,Wakad,Baner,Pune,Cab,UPI,5.34,15.3,164.76,1.34,High,Clear,Incomplete,Unknown,7.7
B00510,C0099,D0129,2026-01-18 10:10:00,HSR Layout,Electronic City,Bengaluru,Bike,UPI,2.6,5.5,55.6,1.34,Low,Rain,Cancelled,Customer,1.5
B00511,C0363,D0118,2026-02-03 14:55:00,Viman Nagar,Wakad,Pune,Auto,Card,2.66,8.2,83.94,1.34,High,Clear,Completed,Unknown,9.8
B00512,C0121,D0003,2026-02-05 10:03:00,Powai,Andheri,Mumbai,Cab,Wallet,19.77,46.8,366.78,1.07,Medium,Clear,Completed,Unknown,0.0
B00513,C0203,D0109,2026-03-29 12:35:00,Electronic City,HSR Layout,Bengaluru,Auto,Card,1.76,4.0,75.84,1.08,Low,Clear,Completed,Unknown,4.8
B00514,C0058,D0013,2026-01-05 15:07:00,Noida Sector 18,Dwarka,Delhi,Cab,Cash,9.75,21.1,226.5,1.08,Low,Clear,Completed,Unknown,4.7
B00515,C0067,D0142,2026-03-28 09:29:00,Whitefield,MG Road,Bengaluru,Bike,UPI,9.26,29.3,95.56,1.77,High,Cloudy,Cancelled,Customer,1.2
B00516,C0121,D0102,2026-02-20 23:59:00,Andheri,Chembur,Mumbai,Auto,Cash,7.47,17.3,127.23,1.13,Low,Clear,Completed,Unknown,1.8
B00517,C0046,D0130,2026-03-05 14:07:00,Ameerpet,Gachibowli,Hyderabad,Bike,UPI,7.98,15.3,87.88,1.06,Low,Clear,Completed,Unknown,2.9
B00518,C0165,D0112,2026-02-24 04:36:00,Powai,Colaba,Mumbai,Auto,UPI,4.62,7.5,101.58,1.07,Low,Clear,Incomplete,Unknown,7.0
B00519,C0113,D0099,2026-03-06 01:35:00,Hauz Khas,Noida Sector 18,Delhi,Auto,UPI,38.35,92.0,405.15,1.32,Low,Rain,Cancelled,Driver,9.4
B00520,C0245,D0129,2026-03-14 04:52:00,Whitefield,HSR Layout,Bengaluru,Auto,UPI,4.83,13.9,103.47,1.26,Medium,Rain,Cancelled,Customer,2.7
B00521,C0277,D0017,2026-01-19 13:32:00,Ameerpet,Kukatpally,Hyderabad,Cab,Cash,5.88,12.9,172.32,1.13,Medium,Cloudy,Completed,Unknown,5.3
B00522,C0334,D0041,2026-03-06 05:04:00,Lajpat Nagar,Karol Bagh,Delhi,Bike,UPI,9.85,35.0,99.1,1.38,High,Clear,Completed,Unknown,4.6
B00523,C0068,D0022,2026-02-19 09:13:00,Noida Sector 18,Pitampura,Delhi,Cab,UPI,12.45,40.5,264.3,1.7,High,Cloudy,Cancelled,Customer,4.5
B00524,C0363,D0077,2026-01-14 13:08:00,Indiranagar,Whitefield,Bengaluru,Bike,UPI,14.75,42.2,128.5,1.29,Medium,Rain,Completed,Unknown,0.0
B00525,C0267,D0109,2026-03-06 19:27:00,Powai,Dadar,Mumbai,Auto,Card,1.71,3.2,75.39,1.55,Low,Clear,Completed,Unknown,6.2
B00526,C0031,D0136,2026-01-21 11:00:00,Janakpuri,Connaught Place,Delhi,Auto,UPI,26.4,80.3,297.6,1.03,Medium,Clear,Completed,Unknown,1.6
B00527,C0200,D0062,2026-02-10 16:33:00,Kharadi,Hinjewadi,Pune,Auto,UPI,7.73,26.5,129.57,1.4,High,Cloudy,Cancelled,Customer,7.4
B00528,C0279,D0015,2026-03-05 20:00:00,Whitefield,Marathahalli,Bengaluru,Bike,UPI,20.25,39.8,161.5,1.03,Low,Clear,Completed,Unknown,3.8
B00529,C0253,D0005,2026-02-14 04:55:00,Karol Bagh,Pitampura,Delhi,Bike,UPI,11.1,23.7,106.6,1.28,Low,Rain,Completed,Unknown,4.0
B00530,C0238,D0097,2026-01-19 06:32:00,Jayanagar,Electronic City,Bengaluru,Cab,UPI,9.2,20.0,218.8,1.03,Low,Cloudy,Completed,Unknown,0.0
B00531,C0364,D0074,2026-02-26 10:59:00,Borivali,Bandra,Mumbai,Auto,Card,1.42,3.0,72.78,1.25,Low,Rain,Completed,Unknown,0.6
B00532,C0151,D0026,2026-03-17 18:31:00,Viman Nagar,Kharadi,Pune,Auto,UPI,32.66,71.5,353.94,1.45,Medium,Clear,Completed,Unknown,3.8
B00533,C0235,D0067,2026-01-26 15:21:00,Kukatpally,Banjara Hills,Hyderabad,Bike,Card,1.5,3.0,49.0,1.11,Low,Clear,Completed,Unknown,0.0
B00534,C0235,D0031,2026-02-07 22:09:00,Banjara Hills,Secunderabad,Hyderabad,Bike,UPI,17.72,35.5,146.32,1.27,Low,Rain,Completed,Unknown,2.7
B00535,C0207,D0034,2026-01-20 01:18:00,Kharadi,Kothrud,Pune,Bike,UPI,8.6,34.2,91.6,1.53,High,Rain,Completed,Unknown,0.7
B00536,C0121,D0085,2026-01-18 04:04:00,Bandra,Borivali,Mumbai,Cab,Cash,1.77,3.4,114.78,1.12,Low,Cloudy,Completed,Unknown,5.2
B00537,C0039,D0090,2026-02-23 08:21:00,Kukatpally,Ameerpet,Hyderabad,Cab,Card,1.35,2.4,108.9,1.46,Low,Clear,Completed,Unknown,3.4
B00538,C0364,D0140,2026-03-26 21:43:00,Dadar,Powai,Mumbai,Auto,Wallet,1.31,3.7,71.79,1.12,Medium,Cloudy,Completed,Unknown,9.0
B00539,C0353,D0150,2026-02-21 04:55:00,Hinjewadi,Wakad,Pune,Bike,Card,11.58,18.8,109.48,1.1,Low,Clear,Completed,Unknown,3.6
B00540,C0245,D0064,2026-03-29 23:42:00,Marathahalli,Koramangala,Bengaluru,Auto,UPI,1.54,3.0,73.86,1.13,Low,Clear,Incomplete,Unknown,8.3
B00541,C0088,D0060,2026-02-17 19:52:00,Electronic City,HSR Layout,Bengaluru,Bike,UPI,7.73,26.6,86.38,1.83,High,Cloudy,Completed,Unknown,4.5
B00542,C0083,D0031,2026-01-08 15:50:00,Colaba,Bandra,Mumbai,Cab,Card,9.35,16.6,220.9,1.11,Low,Clear,Cancelled,Customer,6.2
B00543,C0168,D0131,2026-02-02 11:28:00,HSR Layout,MG Road,Bengaluru,Auto,Cash,1.36,3.8,72.24,1.03,Medium,Cloudy,Cancelled,Customer,2.0
B00544,C0092,D0132,2026-02-27 02:55:00,Kharadi,Wakad,Pune,Auto,Card,4.36,9.5,99.24,1.01,Low,Clear,Completed,Unknown,2.5
B00545,C0122,D0015,2026-01-23 16:56:00,Viman Nagar,Kothrud,Pune,Bike,Cash,4.06,11.6,64.36,1.08,Medium,Clear,Completed,Unknown,3.8
B00546,C0214,D0056,2026-01-22 06:39:00,Dwarka,Noida Sector 18,Delhi,Bike,Wallet,2.09,3.6,52.54,1.03,Low,Cloudy,Completed,Unknown,5.5
B00547,C0335,D0030,2026-01-19 20:17:00,Whitefield,Koramangala,Bengaluru,Bike,UPI,9.37,18.2,96.22,1.11,Low,Clear,Cancelled,Customer,5.8
B00548,C0127,D0114,2026-02-15 11:56:00,Secunderabad,Kukatpally,Hyderabad,Auto,UPI,2.79,5.0,85.11,1.04,Low,Cloudy,Completed,Unknown,0.9
B00549,C0162,D0145,2026-02-04 23:59:00,Pitampura,Hauz Khas,Delhi,Auto,UPI,16.61,45.0,209.49,1.06,Medium,Clear,Cancelled,Customer,5.1
B00550,C0345,D0121,2026-03-09 09:38:00,Borivali,Andheri,Mumbai,Bike,Card,1.84,5.3,51.04,1.5,Medium,Clear,Completed,Unknown,1.2
B00551,C0239,D0134,2026-02-20 15:51:00,Ameerpet,Secunderabad,Hyderabad,Cab,UPI,10.92,32.7,242.88,1.41,High,Clear,Completed,Unknown,6.3
B00552,C0304,D0120,2026-03-05 19:09:00,MG Road,Indiranagar,Bengaluru,Cab,Cash,4.28,13.3,149.92,1.51,Medium,Clear,Completed,Unknown,6.7
B00553,C0005,D0121,2026-03-16 06:08:00,Colaba,Powai,Mumbai,Bike,Cash,11.55,32.9,109.3,1.4,High,Clear,Completed,Unknown,2.3
B00554,C0297,D0015,2026-01-26 11:24:00,Banjara Hills,Madhapur,Hyderabad,Cab,Cash,3.62,7.0,140.68,1.02,Low,Clear,Completed,Unknown,5.4
B00555,C0028,D0105,2026-02-14 22:23:00,Karol Bagh,Noida Sector 18,Delhi,Cab,UPI,3.88,8.9,144.32,1.07,Medium,Cloudy,Completed,Unknown,1.2
B00556,C0390,D0047,2026-01-13 07:36:00,Marathahalli,HSR Layout,Bengaluru,Bike,Cash,1.35,2.4,48.1,1.49,Low,Cloudy,Cancelled,Customer,0.0
B00557,C0269,D0114,2026-01-12 03:44:00,Gachibowli,Kukatpally,Hyderabad,Bike,Card,4.57,15.6,67.42,1.42,High,Clear,Completed,Unknown,3.5
B00558,C0089,D0098,2026-03-02 10:22:00,Secunderabad,Madhapur,Hyderabad,Cab,UPI,2.19,3.9,120.66,1.1,Low,Clear,Completed,Unknown,0.5
B00559,C0345,D0099,2026-01-28 09:35:00,Dwarka,Lajpat Nagar,Delhi,Bike,Wallet,1.79,3.0,50.74,1.42,Low,Smog,Incomplete,Unknown,9.3
B00560,C0068,D0030,2026-01-22 15:51:00,Koramangala,Electronic City,Bengaluru,Cab,Card,7.95,29.4,201.3,1.43,High,Clear,Completed,Unknown,2.1
B00561,C0111,D0056,2026-01-15 08:15:00,Kharadi,Kothrud,Pune,Bike,Cash,6.05,13.5,76.3,1.64,Low,Rain,Completed,Unknown,2.2
B00562,C0102,D0105,2026-03-06 21:27:00,Kharadi,Viman Nagar,Pune,Bike,UPI,1.12,1.9,46.72,1.08,Low,Cloudy,Cancelled,Customer,0.0
B00563,C0304,D0120,2026-02-26 18:31:00,Whitefield,Koramangala,Bengaluru,Cab,UPI,9.39,22.8,221.46,1.51,Medium,Cloudy,Incomplete,Unknown,3.1
B00564,C0253,D0015,2026-01-01 21:11:00,Karol Bagh,Dwarka,Delhi,Auto,Wallet,6.43,13.6,117.87,1.14,Low,Cloudy,Cancelled,Customer,10.1
B00565,C0334,D0041,2026-03-16 07:33:00,MG Road,Electronic City,Bengaluru,Auto,UPI,1.1,2.7,69.9,1.54,Medium,Clear,Completed,Unknown,0.0
B00566,C0022,D0023,2026-03-01 23:50:00,Kukatpally,Ameerpet,Hyderabad,Cab,Wallet,3.78,9.3,142.92,1.08,Medium,Clear,Completed,Unknown,5.7
B00567,C0312,D0005,2026-01-22 23:56:00,Madhapur,Secunderabad,Hyderabad,Auto,Wallet,14.77,30.0,192.93,1.06,Low,Clear,Completed,Unknown,10.7
B00568,C0349,D0034,2026-01-23 23:55:00,Bandra,Colaba,Mumbai,Auto,UPI,1.68,3.5,75.12,1.08,Low,Cloudy,Cancelled,Customer,4.1
B00569,C0071,D0096,2026-02-13 04:32:00,Banjara Hills,Kukatpally,Hyderabad,Bike,Card,1.33,3.3,47.98,1.12,Medium,Clear,Completed,Unknown,3.6
B00570,C0327,D0040,2026-03-19 14:55:00,Wakad,Kothrud,Pune,Cab,UPI,6.75,13.2,184.5,1.31,Low,Rain,Cancelled,Customer,3.0
B00571,C0273,D0045,2026-02-06 08:01:00,Janakpuri,Karol Bagh,Delhi,Cab,Wallet,10.26,40.3,233.64,1.81,High,Clear,Cancelled,Customer,1.2
B00572,C0080,D0140,2026-03-26 00:30:00,Indiranagar,Electronic City,Bengaluru,Cab,UPI,2.56,7.8,125.84,1.03,Medium,Cloudy,Incomplete,Unknown,4.1
B00573,C0298,D0051,2026-02-16 13:23:00,Hinjewadi,Baner,Pune,Auto,Card,10.76,34.0,156.84,1.35,High,Clear,Completed,Unknown,6.7
B00574,C0204,D0136,2026-02-12 10:16:00,Bandra,Borivali,Mumbai,Auto,Wallet,2.55,5.6,82.95,1.04,Medium,Clear,Cancelled,Customer,4.2
B00575,C0141,D0008,2026-03-23 14:14:00,Gachibowli,Secunderabad,Hyderabad,Cab,Card,10.2,23.4,232.8,1.01,Medium,Cloudy,Incomplete,Unknown,3.7
B00576,C0232,D0059,2026-01-07 20:40:00,Secunderabad,Gachibowli,Hyderabad,Auto,UPI,4.47,9.7,100.23,1.11,Medium,Clear,Completed,Unknown,0.6
B00577,C0331,D0080,2026-03-09 11:40:00,Pitampura,Janakpuri,Delhi,Auto,Card,4.65,14.0,101.85,1.05,Medium,Clear,Completed,Unknown,0.0
B00578,C0393,D0038,2026-02-08 20:34:00,Dadar,Powai,Mumbai,Auto,Card,6.39,16.3,117.51,1.09,Medium,Clear,Completed,Unknown,1.9
B00579,C0179,D0034,2026-02-05 04:09:00,Chembur,Powai,Mumbai,Auto,UPI,6.01,9.9,114.09,1.06,Low,Clear,Completed,Unknown,4.1
B00580,C0178,D0015,2026-01-12 15:00:00,Baner,Hinjewadi,Pune,Auto,Card,8.36,26.0,135.24,1.15,Medium,Clear,Completed,Unknown,10.2
B00581,C0010,D0086,2026-03-03 23:20:00,Borivali,Andheri,Mumbai,Bike,UPI,4.71,8.6,68.26,1.04,Low,Clear,Completed,Unknown,0.0
B00582,C0255,D0022,2026-02-23 12:57:00,Noida Sector 18,Lajpat Nagar,Delhi,Auto,UPI,1.01,2.2,69.09,1.29,Medium,Rain,Completed,Unknown,11.5
B00583,C0281,D0053,2026-03-07 18:55:00,Gachibowli,Secunderabad,Hyderabad,Cab,UPI,11.18,30.5,246.52,1.47,Medium,Clear,Cancelled,Driver,3.9
B00584,C0013,D0023,2026-02-14 08:45:00,Banjara Hills,Secunderabad,Hyderabad,Auto,UPI,5.98,13.3,113.82,1.46,Low,Clear,Completed,Unknown,1.4
B00585,C0331,D0080,2026-02-13 08:20:00,Chembur,Powai,Mumbai,Bike,Cash,3.29,5.4,59.74,1.42,Low,Clear,Completed,Unknown,0.0
B00586,C0049,D0097,2026-02-18 04:23:00,Kothrud,Baner,Pune,Cab,Cash,23.57,49.7,419.98,1.08,Low,Cloudy,Completed,Unknown,0.0
B00587,C0155,D0004,2026-01-05 02:22:00,Karol Bagh,Janakpuri,Delhi,Bike,Cash,6.13,13.9,76.78,1.11,Medium,Clear,Completed,Unknown,11.7
B00588,C0353,D0004,2026-03-08 08:46:00,Indiranagar,HSR Layout,Bengaluru,Auto,UPI,9.22,30.3,142.98,1.97,High,Rain,Cancelled,Customer,13.0
B00589,C0047,D0074,2026-02-17 07:04:00,Pitampura,Janakpuri,Delhi,Bike,Wallet,12.95,25.6,117.7,1.62,Low,Rain,Completed,Unknown,9.0
B00590,C0293,D0041,2026-03-25 00:09:00,Powai,Borivali,Mumbai,Bike,UPI,12.99,21.8,117.94,1.01,Low,Clear,Completed,Unknown,0.0
B00591,C0158,D0063,2026-03-31 20:28:00,Madhapur,Secunderabad,Hyderabad,Bike,Cash,4.35,11.5,66.1,1.04,Medium,Clear,Completed,Unknown,0.3
B00592,C0232,D0077,2026-03-07 19:21:00,Wakad,Baner,Pune,Auto,UPI,1.59,6.3,74.31,1.79,High,Clear,Completed,Unknown,2.6
B00593,C0291,D0031,2026-03-30 15:52:00,Hinjewadi,Viman Nagar,Pune,Bike,UPI,5.14,11.0,70.84,1.1,Low,Cloudy,Cancelled,Customer,0.5
B00594,C0057,D0116,2026-01-29 23:59:00,Bandra,Borivali,Mumbai,Bike,UPI,6.42,19.5,78.52,1.43,High,Smog,Cancelled,Customer,2.8
B00595,C0239,D0064,2026-01-16 01:40:00,HSR Layout,Marathahalli,Bengaluru,Auto,UPI,1.41,2.5,72.69,1.08,Low,Clear,Completed,Unknown,3.1
B00596,C0400,D0034,2026-03-22 16:13:00,Viman Nagar,Baner,Pune,Auto,Wallet,6.0,11.1,114.0,1.0,Low,Cloudy,Completed,Unknown,5.0
B00597,C0088,D0076,2026-03-20 23:34:00,Lajpat Nagar,Noida Sector 18,Delhi,Auto,Card,18.03,32.6,222.27,1.07,Low,Clear,Completed,Unknown,0.0
B00598,C0263,D0003,2026-03-22 04:37:00,Ameerpet,Secunderabad,Hyderabad,Bike,UPI,7.77,14.4,86.62,1.09,Low,Clear,Completed,Unknown,0.1
B00599,C0363,D0037,2026-02-08 18:36:00,Ameerpet,Madhapur,Hyderabad,Bike,Cash,1.03,3.7,46.18,1.79,High,Smog,Cancelled,Customer,4.8
B00600,C0026,D0008,2026-02-13 11:22:00,Hauz Khas,Saket,Delhi,Bike,Card,11.59,25.5,109.54,1.01,Medium,Clear,Cancelled,Driver,8.9
B00601,C0161,D0014,2026-01-25 17:52:00,Electronic City,Marathahalli,Bengaluru,Cab,UPI,6.29,18.9,178.06,1.71,High,Cloudy,Cancelled,Customer,7.6
B00602,C0372,D0134,2026-02-06 07:18:00,Kharadi,Kothrud,Pune,Auto,Card,3.22,5.2,88.98,1.5,Low,Clear,Cancelled,Driver,0.0
B00603,C0311,D0130,2026-02-26 05:42:00,Hauz Khas,Saket,Delhi,Auto,UPI,6.97,13.9,122.73,1.35,Low,Rain,Completed,Unknown,8.4
B00604,C0031,D0073,2026-01-13 11:23:00,Noida Sector 18,Janakpuri,Delhi,Auto,UPI,4.24,8.0,98.16,1.1,Low,Clear,Completed,Unknown,1.6
B00605,C0206,D0058,2026-01-29 05:08:00,Indiranagar,Marathahalli,Bengaluru,Bike,Cash,3.0,5.8,58.0,1.24,Low,Rain,Completed,Unknown,12.2
B00606,C0263,D0126,2026-01-31 00:58:00,Ameerpet,Banjara Hills,Hyderabad,Auto,UPI,2.29,7.6,80.61,1.35,High,Smog,Incomplete,Unknown,5.0
B00607,C0026,D0062,2026-01-19 02:15:00,Gachibowli,Ameerpet,Hyderabad,Cab,Cash,5.62,9.6,168.68,1.33,Low,Rain,Completed,Unknown,10.1
B00608,C0101,D0102,2026-02-21 11:08:00,Whitefield,Indiranagar,Bengaluru,Cab,UPI,3.95,7.9,145.3,1.08,Low,Clear,Cancelled,Customer,7.9
B00609,C0377,D0052,2026-03-16 17:42:00,Kothrud,Kharadi,Pune,Bike,Card,3.91,14.1,63.46,1.81,High,Clear,Cancelled,Customer,7.9
B00610,C0166,D0038,2026-01-14 02:31:00,Karol Bagh,Hauz Khas,Delhi,Cab,Card,2.35,5.9,122.9,1.29,Medium,Rain,Incomplete,Unknown,3.0
B00611,C0141,D0055,2026-02-28 13:55:00,Baner,Kharadi,Pune,Bike,UPI,6.98,12.7,81.88,1.12,Low,Cloudy,Completed,Unknown,5.8
B00612,C0100,D0014,2026-01-31 14:06:00,MG Road,Koramangala,Bengaluru,Auto,Cash,9.25,24.4,143.25,1.23,Medium,Rain,Completed,Unknown,7.4
B00613,C0359,D0015,2026-02-11 01:22:00,Viman Nagar,Hinjewadi,Pune,Cab,UPI,8.15,18.9,204.1,1.04,Low,Cloudy,Completed,Unknown,7.2
B00614,C0387,D0137,2026-03-14 03:59:00,Electronic City,Koramangala,Bengaluru,Bike,Card,2.71,6.0,56.26,1.01,Low,Clear,Cancelled,Customer,0.0
B00615,C0345,D0050,2026-02-27 01:16:00,Koramangala,Jayanagar,Bengaluru,Auto,Cash,6.88,15.3,121.92,1.06,Medium,Clear,Cancelled,Driver,2.1
B00616,C0198,D0142,2026-02-07 01:59:00,Secunderabad,Ameerpet,Hyderabad,Cab,Card,3.05,6.5,132.7,1.1,Low,Clear,Completed,Unknown,4.8
B00617,C0236,D0093,2026-02-23 15:32:00,MG Road,HSR Layout,Bengaluru,Bike,UPI,7.29,16.5,83.74,1.05,Low,Clear,Cancelled,Customer,0.5
B00618,C0345,D0018,2026-01-02 16:58:00,Kukatpally,Ameerpet,Hyderabad,Auto,Cash,4.68,16.6,102.12,1.4,High,Clear,Cancelled,Driver,5.1
B00619,C0337,D0139,2026-01-24 23:57:00,Banjara Hills,Ameerpet,Hyderabad,Auto,UPI,5.36,10.5,108.24,1.22,Low,Rain,Cancelled,Driver,0.0
B00620,C0236,D0116,2026-03-18 12:08:00,Saket,Karol Bagh,Delhi,Bike,UPI,4.3,7.7,65.8,1.12,Low,Clear,Cancelled,Customer,0.0
B00621,C0371,D0062,2026-03-12 08:35:00,Connaught Place,Karol Bagh,Delhi,Cab,Wallet,2.4,8.5,123.6,1.78,High,Clear,Completed,Unknown,10.2
B00622,C0123,D0079,2026-03-06 13:52:00,Rohini,Hauz Khas,Delhi,Cab,UPI,10.62,25.4,238.68,1.07,Low,Cloudy,Cancelled,Customer,2.3
B00623,C0084,D0027,2026-03-29 04:59:00,Indiranagar,Jayanagar,Bengaluru,Bike,UPI,5.0,10.8,70.0,1.02,Low,Clear,Completed,Unknown,5.3
B00624,C0177,D0139,2026-01-06 01:52:00,Bandra,Powai,Mumbai,Bike,Wallet,1.73,5.0,50.38,1.01,Medium,Clear,Cancelled,Customer,4.7
B00625,C0291,D0128,2026-01-25 03:07:00,Dadar,Bandra,Mumbai,Bike,Card,6.14,11.0,76.84,1.1,Low,Clear,Completed,Unknown,0.0
B00626,C0142,D0140,2026-03-23 18:36:00,Gachibowli,Kukatpally,Hyderabad,Auto,Cash,5.45,20.8,109.05,1.98,High,Rain,Completed,Unknown,3.9
B00627,C0039,D0041,2026-03-11 21:12:00,Baner,Wakad,Pune,Auto,UPI,2.27,6.0,80.43,1.13,Medium,Cloudy,Completed,Unknown,1.4
B00628,C0145,D0050,2026-02-07 15:27:00,Kothrud,Baner,Pune,Auto,Cash,5.69,11.9,111.21,1.1,Low,Cloudy,Cancelled,Driver,1.3
B00629,C0005,D0126,2026-03-09 08:14:00,Viman Nagar,Kharadi,Pune,Cab,UPI,1.57,6.4,111.98,1.81,High,Clear,Completed,Unknown,11.8
B00630,C0068,D0092,2026-02-09 14:51:00,Dadar,Chembur,Mumbai,Bike,UPI,6.79,11.1,80.74,1.06,Low,Cloudy,Completed,Unknown,0.0
B00631,C0259,D0076,2026-02-06 00:13:00,Janakpuri,Rohini,Delhi,Bike,UPI,6.15,22.6,76.9,1.4,High,Clear,Completed,Unknown,3.4
B00632,C0158,D0002,2026-03-31 00:54:00,Lajpat Nagar,Connaught Place,Delhi,Bike,UPI,2.08,3.9,52.48,1.1,Low,Cloudy,Completed,Unknown,5.2
B00633,C0232,D0114,2026-01-31 18:57:00,Kharadi,Viman Nagar,Pune,Auto,Card,9.43,25.5,144.87,1.51,Medium,Clear,Cancelled,Driver,7.4
B00634,C0193,D0129,2026-02-14 13:29:00,Kothrud,Wakad,Pune,Bike,UPI,5.26,12.3,71.56,1.05,Low,Cloudy,Completed,Unknown,3.0
B00635,C0356,D0078,2026-02-24 02:21:00,Kothrud,Viman Nagar,Pune,Cab,UPI,2.56,8.4,125.84,1.43,High,Clear,Cancelled,Customer,6.7
B00636,C0062,D0136,2026-01-18 09:28:00,Gachibowli,Secunderabad,Hyderabad,Auto,UPI,6.28,24.8,116.52,1.8,High,Smog,Completed,Unknown,3.7
B00637,C0372,D0062,2026-02-12 08:48:00,HSR Layout,Jayanagar,Bengaluru,Auto,Card,14.89,50.8,194.01,1.71,High,Cloudy,Completed,Unknown,10.1
B00638,C0295,D0075,2026-03-20 08:06:00,Koramangala,Whitefield,Bengaluru,Cab,Card,2.82,5.3,129.48,1.54,Low,Cloudy,Completed,Unknown,10.1
B00639,C0159,D0128,2026-02-19 07:11:00,Noida Sector 18,Dwarka,Delhi,Auto,Card,7.93,26.7,131.37,1.81,High,Cloudy,Completed,Unknown,10.4
B00640,C0360,D0121,2026-03-05 12:12:00,Banjara Hills,Ameerpet,Hyderabad,Bike,Wallet,17.41,53.4,144.46,1.07,Medium,Clear,Completed,Unknown,3.5
B00641,C0382,D0063,2026-01-21 09:21:00,MG Road,Electronic City,Bengaluru,Bike,Card,5.46,14.1,72.76,1.73,Medium,Rain,Completed,Unknown,0.0
B00642,C0363,D0090,2026-01-27 07:01:00,Ameerpet,Secunderabad,Hyderabad,Auto,UPI,2.39,9.6,81.51,1.85,High,Clear,Cancelled,Driver,8.7
B00643,C0104,D0068,2026-03-15 20:38:00,Andheri,Bandra,Mumbai,Cab,Cash,1.01,2.5,104.14,1.04,Medium,Clear,Incomplete,Unknown,8.0
B00644,C0355,D0067,2026-03-02 23:14:00,Jayanagar,MG Road,Bengaluru,Bike,UPI,3.91,15.7,63.46,1.4,High,Smog,Completed,Unknown,3.2
B00645,C0198,D0112,2026-02-13 08:15:00,Baner,Kothrud,Pune,Cab,Card,2.99,10.4,131.86,1.76,High,Clear,Completed,Unknown,8.8
B00646,C0279,D0130,2026-02-12 17:34:00,Kothrud,Wakad,Pune,Auto,Wallet,43.12,149.7,448.08,1.82,High,Clear,Completed,Unknown,6.5
B00647,C0049,D0015,2026-03-13 07:22:00,Gachibowli,Banjara Hills,Hyderabad,Cab,UPI,7.63,20.0,196.82,1.46,Medium,Clear,Cancelled,Customer,5.1
B00648,C0217,D0069,2026-02-23 08:57:00,Wakad,Viman Nagar,Pune,Cab,UPI,12.31,45.0,262.34,1.77,High,Cloudy,Completed,Unknown,7.3
B00649,C0075,D0073,2026-01-24 02:41:00,Marathahalli,Electronic City,Bengaluru,Auto,Card,3.11,5.2,87.99,1.07,Low,Clear,Completed,Unknown,0.0
B00650,C0397,D0130,2026-02-04 06:47:00,HSR Layout,Koramangala,Bengaluru,Bike,UPI,18.4,42.9,150.4,1.14,Medium,Clear,Completed,Unknown,1.3
B00651,C0264,D0040,2026-03-18 23:14:00,Hauz Khas,Karol Bagh,Delhi,Auto,UPI,3.17,7.2,88.53,1.0,Low,Clear,Completed,Unknown,0.0
B00652,C0335,D0087,2026-02-27 11:56:00,Borivali,Dadar,Mumbai,Bike,Wallet,10.14,39.5,100.84,1.44,High,Clear,Completed,Unknown,19.0
B00653,C0246,D0123,2026-02-01 12:01:00,Saket,Lajpat Nagar,Delhi,Auto,Wallet,13.01,32.0,177.09,1.34,Medium,Rain,Completed,Unknown,7.0
B00654,C0335,D0107,2026-02-06 19:46:00,Lajpat Nagar,Connaught Place,Delhi,Cab,Cash,10.75,36.5,240.5,1.99,High,Rain,Cancelled,Customer,7.6
B00655,C0034,D0072,2026-01-15 06:51:00,Kukatpally,Madhapur,Hyderabad,Auto,UPI,5.4,12.2,108.6,1.07,Low,Clear,Completed,Unknown,0.0
B00656,C0356,D0133,2026-01-15 06:19:00,Gachibowli,Ameerpet,Hyderabad,Auto,UPI,8.4,24.4,135.6,1.11,Medium,Clear,Completed,Unknown,3.6
B00657,C0022,D0033,2026-02-21 12:37:00,Lajpat Nagar,Saket,Delhi,Cab,UPI,11.07,41.5,244.98,1.44,High,Clear,Completed,Unknown,0.5
B00658,C0380,D0063,2026-01-29 13:52:00,Kothrud,Baner,Pune,Auto,UPI,5.9,10.9,113.1,1.13,Low,Clear,Completed,Unknown,1.5
B00659,C0240,D0002,2026-03-15 22:36:00,Kothrud,Baner,Pune,Cab,UPI,3.29,7.8,136.06,1.09,Low,Clear,Cancelled,Customer,11.2
B00660,C0006,D0134,2026-02-24 16:35:00,Whitefield,Electronic City,Bengaluru,Auto,Cash,1.06,1.9,69.54,1.11,Low,Cloudy,Completed,Unknown,0.2
B00661,C0239,D0079,2026-03-29 12:16:00,Banjara Hills,Secunderabad,Hyderabad,Bike,Card,1.62,4.8,49.72,1.13,Medium,Cloudy,Completed,Unknown,0.0
B00662,C0289,D0105,2026-02-06 21:43:00,Ameerpet,Gachibowli,Hyderabad,Auto,Cash,2.99,7.6,86.91,1.03,Medium,Clear,Completed,Unknown,3.1
B00663,C0139,D0014,2026-01-19 08:25:00,HSR Layout,Koramangala,Bengaluru,Auto,Cash,9.86,38.7,148.74,1.72,High,Clear,Completed,Unknown,2.6
B00664,C0320,D0072,2026-03-25 12:28:00,Kothrud,Viman Nagar,Pune,Bike,Cash,11.2,18.2,107.2,1.03,Low,Clear,Completed,Unknown,0.2
B00665,C0071,D0142,2026-02-26 12:11:00,Jayanagar,Marathahalli,Bengaluru,Auto,Cash,29.4,62.0,324.6,1.05,Low,Clear,Completed,Unknown,0.0
B00666,C0113,D0064,2026-01-04 20:03:00,Colaba,Andheri,Mumbai,Bike,UPI,4.54,11.5,67.24,1.09,Medium,Clear,Completed,Unknown,5.3
B00667,C0059,D0142,2026-03-22 23:03:00,Gachibowli,Madhapur,Hyderabad,Bike,UPI,7.09,21.6,82.54,1.12,Medium,Clear,Cancelled,Customer,4.3
B00668,C0129,D0137,2026-02-21 10:15:00,Wakad,Kothrud,Pune,Cab,Cash,15.59,61.6,308.26,1.6,High,Rain,Cancelled,Customer,1.8
B00669,C0124,D0006,2026-03-27 13:48:00,Connaught Place,Lajpat Nagar,Delhi,Cab,UPI,3.92,7.9,144.88,1.06,Low,Cloudy,Completed,Unknown,5.1
B00670,C0357,D0113,2026-03-08 23:13:00,Borivali,Malad,Mumbai,Auto,UPI,2.45,4.2,82.05,1.04,Low,Cloudy,Completed,Unknown,0.0
B00671,C0285,D0062,2026-01-22 16:03:00,Kharadi,Baner,Pune,Bike,Cash,1.22,3.3,47.32,1.13,Medium,Clear,Incomplete,Unknown,7.8
B00672,C0266,D0124,2026-03-26 23:12:00,HSR Layout,Electronic City,Bengaluru,Auto,Card,2.0,4.3,78.0,1.05,Low,Clear,Completed,Unknown,0.4
B00673,C0273,D0103,2026-03-23 08:55:00,Hinjewadi,Kharadi,Pune,Bike,Card,11.24,23.5,107.44,1.45,Low,Clear,Completed,Unknown,2.1
B00674,C0258,D0092,2026-01-08 12:34:00,Ameerpet,Gachibowli,Hyderabad,Cab,Card,5.24,10.8,163.36,1.05,Low,Clear,Completed,Unknown,0.2
B00675,C0312,D0067,2026-02-27 04:37:00,Viman Nagar,Baner,Pune,Cab,Cash,4.39,7.1,151.46,1.06,Low,Clear,Completed,Unknown,0.0
B00676,C0039,D0119,2026-03-02 05:51:00,Jayanagar,MG Road,Bengaluru,Bike,Card,4.66,13.6,67.96,1.05,Medium,Clear,Completed,Unknown,6.5
B00677,C0235,D0100,2026-01-22 23:11:00,Kothrud,Viman Nagar,Pune,Auto,Cash,6.54,13.0,118.86,1.33,Low,Rain,Completed,Unknown,2.5
B00678,C0037,D0093,2026-03-28 00:58:00,Marathahalli,Jayanagar,Bengaluru,Auto,UPI,6.97,18.9,122.73,1.01,Medium,Cloudy,Completed,Unknown,6.2
B00679,C0105,D0135,2026-02-17 15:37:00,Chembur,Andheri,Mumbai,Cab,Wallet,2.4,4.0,123.6,1.09,Low,Clear,Completed,Unknown,4.5
B00680,C0015,D0013,2026-03-12 18:47:00,Viman Nagar,Wakad,Pune,Cab,Card,2.05,7.1,118.7,1.78,High,Clear,Cancelled,Customer,6.1
B00681,C0282,D0078,2026-03-08 00:25:00,Borivali,Chembur,Mumbai,Bike,UPI,4.83,15.1,68.98,1.32,Medium,Rain,Completed,Unknown,3.9
B00682,C0043,D0040,2026-03-30 14:19:00,Wakad,Kharadi,Pune,Bike,Cash,3.63,7.7,61.78,1.01,Low,Clear,Completed,Unknown,0.0
B00683,C0364,D0019,2026-02-11 07:19:00,Borivali,Powai,Mumbai,Bike,UPI,4.76,14.8,68.56,1.72,Medium,Rain,Completed,Unknown,2.5
B00684,C0202,D0112,2026-03-08 22:43:00,Kukatpally,Ameerpet,Hyderabad,Cab,UPI,9.1,35.3,217.4,1.53,High,Rain,Completed,Unknown,8.3
B00685,C0291,D0147,2026-02-03 01:19:00,Kothrud,Viman Nagar,Pune,Cab,Cash,4.03,8.1,146.42,1.15,Low,Cloudy,Incomplete,Unknown,4.9
B00686,C0213,D0048,2026-02-12 15:12:00,Indiranagar,Jayanagar,Bengaluru,Bike,Card,4.4,12.1,66.4,1.11,Medium,Clear,Completed,Unknown,4.3
B00687,C0168,D0092,2026-01-20 03:13:00,Borivali,Powai,Mumbai,Bike,UPI,9.14,32.3,94.84,1.32,High,Cloudy,Cancelled,Customer,6.0
B00688,C0046,D0031,2026-02-28 08:28:00,Kharadi,Kothrud,Pune,Cab,Cash,5.8,9.5,171.2,1.52,Low,Clear,Completed,Unknown,6.5
B00689,C0279,D0058,2026-01-28 02:52:00,HSR Layout,Electronic City,Bengaluru,Cab,Cash,3.57,10.3,139.98,1.34,Medium,Rain,Completed,Unknown,1.2
B00690,C0329,D0069,2026-03-20 10:54:00,Colaba,Andheri,Mumbai,Bike,Card,13.4,29.0,120.4,1.03,Low,Cloudy,Completed,Unknown,8.5
B00691,C0365,D0027,2026-02-24 04:36:00,Andheri,Borivali,Mumbai,Bike,Cash,3.3,7.5,59.8,1.09,Medium,Cloudy,Completed,Unknown,2.0
B00692,C0203,D0015,2026-01-04 18:20:00,Lajpat Nagar,Pitampura,Delhi,Cab,UPI,1.99,5.9,117.86,1.81,High,Cloudy,Completed,Unknown,3.0
B00693,C0302,D0081,2026-01-15 16:16:00,Hinjewadi,Kharadi,Pune,Cab,UPI,8.77,18.4,212.78,1.08,Low,Cloudy,Completed,Unknown,3.1
B00694,C0104,D0132,2026-03-28 21:53:00,HSR Layout,Whitefield,Bengaluru,Bike,Cash,3.85,9.0,63.1,1.32,Low,Rain,Cancelled,Customer,4.0
B00695,C0112,D0126,2026-03-02 04:54:00,Hauz Khas,Janakpuri,Delhi,Bike,Cash,1.19,2.6,47.14,1.07,Low,Clear,Cancelled,Driver,7.5
B00696,C0298,D0120,2026-02-21 17:48:00,Kharadi,Baner,Pune,Bike,Cash,1.41,4.8,48.46,1.98,High,Rain,Completed,Unknown,9.4
B00697,C0197,D0001,2026-01-16 19:59:00,Ameerpet,Banjara Hills,Hyderabad,Bike,Wallet,8.25,22.4,89.5,1.51,Medium,Clear,Completed,Unknown,3.9
B00698,C0018,D0088,2026-03-20 14:00:00,Banjara Hills,Madhapur,Hyderabad,Bike,Card,5.32,13.9,71.92,1.25,Medium,Rain,Cancelled,Driver,5.2
B00699,C0226,D0050,2026-02-03 10:03:00,Hinjewadi,Kharadi,Pune,Auto,UPI,5.21,20.5,106.89,1.36,High,Clear,Completed,Unknown,0.3
B00700,C0288,D0103,2026-02-25 15:02:00,Viman Nagar,Kharadi,Pune,Bike,Cash,1.67,2.9,50.02,1.09,Low,Clear,Incomplete,Unknown,2.5
B00701,C0169,D0001,2026-03-12 05:39:00,Gachibowli,Kukatpally,Hyderabad,Bike,Cash,7.39,12.7,84.34,1.02,Low,Clear,Completed,Unknown,1.8
B00702,C0005,D0118,2026-03-20 23:34:00,Malad,Borivali,Mumbai,Auto,Cash,7.59,21.7,128.31,1.41,High,Clear,Cancelled,Customer,9.3
B00703,C0045,D0005,2026-02-20 10:56:00,Jayanagar,HSR Layout,Bengaluru,Auto,UPI,5.97,17.8,113.73,1.01,Medium,Clear,Completed,Unknown,9.7
B00704,C0157,D0093,2026-02-03 21:20:00,Kothrud,Hinjewadi,Pune,Auto,UPI,7.63,16.1,128.67,1.04,Low,Clear,Completed,Unknown,3.1
B00705,C0178,D0124,2026-02-07 19:38:00,Gachibowli,Kukatpally,Hyderabad,Auto,UPI,8.38,18.3,135.42,1.5,Medium,Clear,Completed,Unknown,2.5
B00706,C0216,D0136,2026-03-16 10:05:00,Bandra,Malad,Mumbai,Cab,Card,2.12,6.1,119.68,1.03,Medium,Clear,Completed,Unknown,0.0
B00707,C0141,D0025,2026-02-10 11:20:00,Saket,Hauz Khas,Delhi,Auto,UPI,15.53,37.5,199.77,1.11,Medium,Clear,Incomplete,Unknown,0.0
B00708,C0384,D0114,2026-01-13 21:03:00,Kothrud,Hinjewadi,Pune,Cab,Card,9.95,24.3,229.3,1.12,Medium,Cloudy,Completed,Unknown,5.3
B00709,C0340,D0125,2026-03-20 08:44:00,Hinjewadi,Viman Nagar,Pune,Cab,Cash,8.84,20.7,213.76,1.5,Low,Cloudy,Completed,Unknown,0.0
B00710,C0114,D0129,2026-03-23 00:08:00,Andheri,Colaba,Mumbai,Bike,Card,6.73,18.1,80.38,1.22,Medium,Rain,Cancelled,Customer,1.0
B00711,C0168,D0133,2026-03-23 07:16:00,Colaba,Powai,Mumbai,Auto,UPI,1.94,4.4,77.46,1.52,Low,Clear,Completed,Unknown,7.6
B00712,C0255,D0089,2026-03-18 02:54:00,Baner,Viman Nagar,Pune,Cab,UPI,3.86,9.0,144.04,1.07,Medium,Cloudy,Completed,Unknown,0.6
B00713,C0195,D0088,2026-01-17 00:44:00,Kothrud,Wakad,Pune,Bike,UPI,3.41,10.0,60.46,1.02,Medium,Clear,Completed,Unknown,1.0
B00714,C0324,D0131,2026-03-30 10:50:00,Kothrud,Baner,Pune,Cab,Cash,14.67,43.8,295.38,1.32,Medium,Rain,Cancelled,Customer,0.0
B00715,C0236,D0087,2026-01-19 15:50:00,Hinjewadi,Baner,Pune,Cab,Card,1.28,3.0,107.92,1.03,Low,Clear,Completed,Unknown,2.1
B00716,C0300,D0027,2026-01-09 19:22:00,Baner,Wakad,Pune,Auto,UPI,1.37,5.3,72.33,1.72,High,Clear,Completed,Unknown,10.4
B00717,C0010,D0063,2026-01-16 22:57:00,Kukatpally,Ameerpet,Hyderabad,Auto,UPI,8.0,15.3,132.0,1.11,Low,Cloudy,Completed,Unknown,0.0
B00718,C0161,D0039,2026-03-18 19:12:00,Secunderabad,Banjara Hills,Hyderabad,Auto,Card,1.18,3.6,70.62,1.47,Medium,Clear,Completed,Unknown,7.3
B00719,C0215,D0085,2026-02-14 20:43:00,Powai,Borivali,Mumbai,Bike,UPI,2.41,7.0,54.46,1.08,Medium,Clear,Cancelled,Customer,2.5
B00720,C0376,D0004,2026-03-27 15:02:00,Janakpuri,Noida Sector 18,Delhi,Auto,UPI,2.34,5.5,81.06,1.05,Low,Smog,Completed,Unknown,7.9
B00721,C0193,D0029,2026-01-06 07:56:00,Borivali,Colaba,Mumbai,Auto,Card,4.3,9.4,98.7,1.45,Low,Clear,Cancelled,Customer,0.0
B00722,C0087,D0069,2026-03-02 16:22:00,Indiranagar,HSR Layout,Bengaluru,Cab,Wallet,1.38,3.8,109.32,1.38,High,Clear,Completed,Unknown,7.1
B00723,C0291,D0139,2026-03-28 19:41:00,Malad,Powai,Mumbai,Bike,UPI,2.47,5.9,54.82,1.49,Medium,Clear,Cancelled,Customer,9.3
B00724,C0292,D0034,2026-02-26 15:46:00,MG Road,Whitefield,Bengaluru,Bike,UPI,17.14,41.2,142.84,1.31,Medium,Rain,Completed,Unknown,3.1
B00725,C0118,D0046,2026-01-27 18:32:00,Malad,Powai,Mumbai,Auto,Card,2.26,7.7,80.34,1.78,High,Cloudy,Completed,Unknown,4.7
B00726,C0230,D0123,2026-01-24 11:30:00,Lajpat Nagar,Rohini,Delhi,Bike,Wallet,7.91,22.5,87.46,1.04,Medium,Cloudy,Cancelled,Driver,4.6
B00727,C0276,D0027,2026-01-28 13:43:00,Lajpat Nagar,Pitampura,Delhi,Cab,Cash,1.74,5.1,114.36,1.31,High,Clear,Cancelled,Customer,4.7
B00728,C0028,D0102,2026-01-16 11:01:00,Saket,Janakpuri,Delhi,Auto,UPI,3.07,5.7,87.63,1.11,Low,Clear,Completed,Unknown,0.8
B00729,C0303,D0060,2026-02-15 23:53:00,Pitampura,Rohini,Delhi,Bike,Card,45.0,105.7,310.0,1.02,Low,Clear,Completed,Unknown,5.6
B00730,C0320,D0035,2026-03-23 16:11:00,Baner,Hinjewadi,Pune,Bike,UPI,5.16,8.8,70.96,1.03,Low,Smog,Incomplete,Unknown,0.9
B00731,C0026,D0068,2026-01-10 06:18:00,Pitampura,Rohini,Delhi,Cab,UPI,4.6,12.2,154.4,1.11,Medium,Clear,Cancelled,Driver,0.0
B00732,C0002,D0086,2026-03-25 20:18:00,Dadar,Andheri,Mumbai,Bike,Cash,1.38,4.1,48.28,1.1,Medium,Clear,Completed,Unknown,0.0
B00733,C0163,D0069,2026-02-19 13:03:00,Bandra,Andheri,Mumbai,Cab,Cash,8.45,20.0,208.3,1.06,Low,Clear,Incomplete,Unknown,7.2
B00734,C0181,D0099,2026-03-08 02:05:00,Marathahalli,MG Road,Bengaluru,Auto,Card,1.01,1.9,69.09,1.13,Low,Cloudy,Completed,Unknown,11.7
B00735,C0380,D0005,2026-03-19 07:31:00,Secunderabad,Ameerpet,Hyderabad,Cab,Card,3.24,12.1,135.36,1.75,High,Clear,Cancelled,Driver,10.5
B00736,C0337,D0084,2026-01-10 16:34:00,Koramangala,MG Road,Bengaluru,Bike,Card,1.5,3.9,49.0,1.04,Medium,Clear,Completed,Unknown,1.6
B00737,C0068,D0053,2026-03-31 06:35:00,Indiranagar,MG Road,Bengaluru,Auto,Card,1.82,5.5,76.38,1.04,Medium,Cloudy,Completed,Unknown,8.6
B00738,C0079,D0080,2026-03-09 11:14:00,MG Road,Koramangala,Bengaluru,Bike,Card,4.08,8.5,64.48,1.1,Medium,Clear,Cancelled,Customer,0.0
B00739,C0192,D0141,2026-01-03 18:14:00,Andheri,Chembur,Mumbai,Auto,Card,3.98,12.9,95.82,1.75,High,Clear,Completed,Unknown,6.1
B00740,C0353,D0016,2026-03-23 22:20:00,Madhapur,Banjara Hills,Hyderabad,Auto,UPI,7.88,25.0,130.92,1.4,High,Clear,Cancelled,Driver,1.4
B00741,C0071,D0033,2026-01-18 13:45:00,Viman Nagar,Wakad,Pune,Bike,Card,19.57,32.0,157.42,1.22,Low,Rain,Completed,Unknown,0.0
B00742,C0050,D0014,2026-02-17 03:19:00,Kukatpally,Gachibowli,Hyderabad,Cab,Cash,1.82,3.2,115.48,1.09,Low,Clear,Completed,Unknown,5.0
B00743,C0131,D0023,2026-02-03 16:44:00,Whitefield,Indiranagar,Bengaluru,Cab,UPI,8.25,17.9,205.5,1.05,Low,Cloudy,Completed,Unknown,2.1
B00744,C0400,D0056,2026-01-16 22:47:00,Connaught Place,Noida Sector 18,Delhi,Cab,Cash,8.48,14.1,208.72,1.09,Low,Clear,Cancelled,Customer,3.9
B00745,C0193,D0041,2026-02-24 02:33:00,Bandra,Borivali,Mumbai,Auto,UPI,2.22,5.6,79.98,1.12,Medium,Cloudy,Completed,Unknown,1.8
B00746,C0088,D0080,2026-03-11 11:06:00,Secunderabad,Ameerpet,Hyderabad,Auto,Cash,1.38,3.4,72.42,1.28,Medium,Rain,Completed,Unknown,0.0
B00747,C0094,D0007,2026-02-27 16:47:00,Kothrud,Wakad,Pune,Auto,Wallet,7.33,19.6,125.97,1.13,Medium,Cloudy,Completed,Unknown,5.7
B00748,C0379,D0040,2026-03-24 12:33:00,Kukatpally,Gachibowli,Hyderabad,Cab,UPI,14.82,30.9,297.48,1.04,Medium,Clear,Completed,Unknown,0.2
B00749,C0041,D0041,2026-01-06 13:16:00,Bandra,Colaba,Mumbai,Bike,Cash,5.39,15.7,72.34,1.09,Medium,Clear,Completed,Unknown,0.0
B00750,C0104,D0031,2026-02-18 07:28:00,Borivali,Andheri,Mumbai,Auto,Cash,1.88,4.0,76.92,1.5,Low,Clear,Completed,Unknown,5.4
B00751,C0291,D0141,2026-03-18 12:56:00,Wakad,Viman Nagar,Pune,Auto,UPI,2.31,3.8,80.79,1.09,Low,Clear,Incomplete,Unknown,3.8
B00752,C0121,D0095,2026-02-06 07:18:00,Marathahalli,Whitefield,Bengaluru,Cab,Card,1.27,3.5,107.78,1.51,Medium,Clear,Completed,Unknown,1.4
B00753,C0335,D0022,2026-01-21 17:04:00,Kukatpally,Secunderabad,Hyderabad,Auto,Cash,2.91,5.5,86.19,1.4,Low,Clear,Completed,Unknown,6.3
B00754,C0262,D0120,2026-02-25 05:45:00,HSR Layout,Indiranagar,Bengaluru,Cab,Wallet,11.48,20.4,250.72,1.12,Low,Cloudy,Completed,Unknown,2.6
B00755,C0206,D0024,2026-02-07 19:16:00,Indiranagar,Electronic City,Bengaluru,Cab,Card,2.21,4.7,120.94,1.69,Medium,Rain,Cancelled,Driver,0.0
B00756,C0098,D0144,2026-02-28 01:24:00,Ameerpet,Secunderabad,Hyderabad,Bike,Card,15.29,36.0,131.74,1.05,Low,Clear,Cancelled,Customer,4.0
B00757,C0238,D0014,2026-03-23 23:33:00,Secunderabad,Kukatpally,Hyderabad,Auto,UPI,2.12,6.6,79.08,1.62,High,Rain,Completed,Unknown,5.8
B00758,C0260,D0129,2026-02-07 15:25:00,Noida Sector 18,Janakpuri,Delhi,Cab,Wallet,2.94,6.6,131.16,1.07,Low,Clear,Cancelled,Driver,0.1
B00759,C0313,D0051,2026-02-16 15:09:00,MG Road,Indiranagar,Bengaluru,Cab,Cash,1.93,5.4,117.02,1.13,Medium,Clear,Completed,Unknown,0.0
B00760,C0135,D0006,2026-02-18 15:45:00,Baner,Wakad,Pune,Auto,UPI,2.89,6.2,86.01,1.08,Low,Clear,Completed,Unknown,8.9
B00761,C0338,D0071,2026-01-25 16:46:00,Borivali,Bandra,Mumbai,Bike,UPI,11.49,27.4,108.94,1.0,Medium,Clear,Completed,Unknown,4.6
B00762,C0225,D0073,2026-01-11 10:27:00,MG Road,Jayanagar,Bengaluru,Cab,UPI,2.23,7.3,121.22,1.3,High,Cloudy,Cancelled,Customer,4.5
B00763,C0003,D0136,2026-01-03 17:22:00,Banjara Hills,Ameerpet,Hyderabad,Cab,UPI,5.51,11.7,167.14,1.51,Medium,Cloudy,Completed,Unknown,0.0
B00764,C0121,D0144,2026-03-08 19:48:00,Viman Nagar,Wakad,Pune,Cab,UPI,1.16,2.5,106.24,1.49,Low,Clear,Cancelled,Driver,10.9
B00765,C0278,D0015,2026-01-13 18:31:00,Gachibowli,Secunderabad,Hyderabad,Auto,Wallet,1.77,4.5,75.93,1.53,Medium,Cloudy,Completed,Unknown,9.4
B00766,C0165,D0012,2026-01-03 19:44:00,Electronic City,MG Road,Bengaluru,Bike,UPI,5.6,19.3,73.6,1.79,High,Cloudy,Completed,Unknown,9.1
B00767,C0273,D0147,2026-03-03 08:56:00,Lajpat Nagar,Dwarka,Delhi,Cab,Wallet,6.43,24.1,180.02,1.91,High,Rain,Incomplete,Unknown,6.3
B00768,C0258,D0142,2026-01-09 09:28:00,Jayanagar,MG Road,Bengaluru,Bike,Cash,4.26,17.1,65.56,1.71,High,Clear,Completed,Unknown,8.2
B00769,C0041,D0051,2026-03-30 10:52:00,Kothrud,Baner,Pune,Cab,Card,3.22,7.0,135.08,1.34,Medium,Rain,Completed,Unknown,2.4
B00770,C0376,D0125,2026-03-16 03:10:00,MG Road,Indiranagar,Bengaluru,Bike,UPI,3.42,6.3,60.52,1.13,Low,Clear,Cancelled,Customer,0.0
B00771,C0358,D0001,2026-03-03 15:51:00,Dadar,Colaba,Mumbai,Auto,Cash,10.76,19.1,156.84,1.22,Low,Rain,Completed,Unknown,0.0
B00772,C0381,D0046,2026-03-19 01:49:00,Marathahalli,Electronic City,Bengaluru,Auto,Card,15.79,31.5,202.11,1.01,Low,Cloudy,Cancelled,Driver,3.3
B00773,C0298,D0087,2026-03-29 15:00:00,Jayanagar,Indiranagar,Bengaluru,Cab,UPI,6.65,12.1,183.1,1.04,Low,Clear,Cancelled,Customer,3.9
B00774,C0130,D0123,2026-03-06 03:39:00,Marathahalli,Koramangala,Bengaluru,Bike,UPI,1.28,3.5,47.68,1.15,Medium,Cloudy,Completed,Unknown,7.9
B00775,C0391,D0004,2026-01-20 16:05:00,Noida Sector 18,Janakpuri,Delhi,Auto,UPI,21.85,65.4,256.65,1.01,Medium,Clear,Incomplete,Unknown,11.5
B00776,C0228,D0072,2026-01-14 21:43:00,Kukatpally,Madhapur,Hyderabad,Auto,UPI,2.2,5.2,79.8,1.02,Low,Clear,Completed,Unknown,0.0
B00777,C0201,D0108,2026-03-04 15:54:00,Electronic City,Jayanagar,Bengaluru,Bike,Card,1.65,3.7,49.9,1.04,Low,Smog,Completed,Unknown,6.6
B00778,C0376,D0095,2026-02-17 16:12:00,Marathahalli,Indiranagar,Bengaluru,Bike,Card,8.62,19.6,91.72,1.11,Medium,Smog,Completed,Unknown,0.0
B00779,C0114,D0077,2026-01-06 11:08:00,MG Road,Marathahalli,Bengaluru,Cab,UPI,1.97,4.5,117.58,1.03,Low,Clear,Cancelled,Driver,0.0
B00780,C0391,D0107,2026-03-13 19:38:00,Kothrud,Hinjewadi,Pune,Auto,Card,2.63,9.7,83.67,1.77,High,Cloudy,Completed,Unknown,13.5
B00781,C0105,D0004,2026-03-05 12:47:00,Colaba,Chembur,Mumbai,Auto,UPI,7.59,13.1,128.31,1.32,Low,Rain,Cancelled,Customer,6.5
B00782,C0340,D0116,2026-02-13 02:04:00,Karol Bagh,Rohini,Delhi,Bike,UPI,4.96,10.7,69.76,1.1,Low,Clear,Completed,Unknown,0.0
B00783,C0156,D0144,2026-02-28 06:55:00,Connaught Place,Janakpuri,Delhi,Bike,UPI,1.1,3.6,46.6,1.31,High,Clear,Completed,Unknown,5.3
B00784,C0369,D0003,2026-01-23 17:09:00,Baner,Viman Nagar,Pune,Auto,Wallet,16.5,56.8,208.5,2.02,High,Rain,Completed,Unknown,4.0
B00785,C0173,D0004,2026-03-02 22:27:00,Janakpuri,Pitampura,Delhi,Bike,UPI,6.04,14.5,76.24,1.26,Medium,Rain,Completed,Unknown,9.3
B00786,C0399,D0109,2026-03-05 01:52:00,Janakpuri,Dwarka,Delhi,Bike,UPI,1.37,4.4,48.22,1.33,High,Cloudy,Incomplete,Unknown,3.6
B00787,C0382,D0026,2026-02-17 02:58:00,Secunderabad,Gachibowli,Hyderabad,Auto,UPI,5.88,17.7,112.92,1.14,Medium,Clear,Cancelled,Customer,1.8
B00788,C0364,D0114,2026-02-24 17:48:00,Koramangala,HSR Layout,Bengaluru,Bike,Wallet,9.02,29.5,94.12,1.71,High,Clear,Completed,Unknown,7.6
B00789,C0104,D0007,2026-02-13 11:52:00,Colaba,Andheri,Mumbai,Bike,Cash,2.0,6.1,52.0,1.03,Medium,Cloudy,Completed,Unknown,2.4
B00790,C0217,D0079,2026-02-20 03:15:00,Janakpuri,Rohini,Delhi,Bike,Cash,2.6,4.8,55.6,1.11,Low,Cloudy,Completed,Unknown,0.0
B00791,C0219,D0034,2026-03-25 12:30:00,Andheri,Chembur,Mumbai,Bike,Card,2.99,7.6,57.94,1.1,Medium,Cloudy,Completed,Unknown,4.6
B00792,C0163,D0146,2026-02-09 03:59:00,HSR Layout,Marathahalli,Bengaluru,Cab,Wallet,3.73,14.5,142.22,1.33,High,Clear,Cancelled,Driver,0.4
B00793,C0068,D0107,2026-02-20 20:07:00,Dwarka,Rohini,Delhi,Bike,UPI,1.51,3.8,49.06,1.12,Medium,Clear,Completed,Unknown,11.2
B00794,C0379,D0040,2026-02-25 08:05:00,Dwarka,Karol Bagh,Delhi,Cab,Card,19.99,47.3,369.86,1.61,Low,Rain,Completed,Unknown,0.0
B00795,C0022,D0146,2026-01-19 23:02:00,Pitampura,Rohini,Delhi,Auto,Cash,5.23,12.3,107.07,1.1,Low,Clear,Completed,Unknown,0.0
B00796,C0246,D0063,2026-03-02 19:27:00,Rohini,Pitampura,Delhi,Auto,Wallet,2.47,5.9,82.23,1.44,Medium,Clear,Completed,Unknown,0.6
B00797,C0383,D0141,2026-03-04 04:25:00,Marathahalli,Indiranagar,Bengaluru,Auto,Wallet,2.3,7.9,80.7,1.37,High,Cloudy,Completed,Unknown,3.6
B00798,C0232,D0021,2026-03-31 15:42:00,Gachibowli,Banjara Hills,Hyderabad,Auto,UPI,5.05,10.7,105.45,1.23,Low,Rain,Cancelled,Customer,0.2
B00799,C0040,D0079,2026-03-14 14:15:00,Noida Sector 18,Connaught Place,Delhi,Cab,UPI,5.58,12.9,168.12,1.08,Low,Clear,Completed,Unknown,4.4
B00800,C0156,D0117,2026-01-04 05:25:00,Baner,Kothrud,Pune,Cab,Wallet,1.39,3.2,109.46,1.11,Low,Clear,Completed,Unknown,1.1
B00801,C0141,D0095,2026-02-02 21:15:00,Malad,Bandra,Mumbai,Bike,Cash,1.63,3.1,49.78,1.04,Low,Clear,Completed,Unknown,2.2
B00802,C0175,D0052,2026-01-15 10:18:00,Andheri,Colaba,Mumbai,Bike,Cash,5.84,22.7,75.04,1.31,High,Clear,Incomplete,Unknown,2.6
B00803,C0356,D0040,2026-01-05 11:54:00,Kharadi,Hinjewadi,Pune,Bike,Cash,3.49,7.1,60.94,1.09,Low,Cloudy,Completed,Unknown,0.0
B00804,C0201,D0097,2026-01-28 00:23:00,Hinjewadi,Kothrud,Pune,Cab,UPI,1.73,3.7,114.22,1.14,Low,Cloudy,Completed,Unknown,3.3
B00805,C0009,D0116,2026-03-08 17:51:00,Gachibowli,Banjara Hills,Hyderabad,Auto,UPI,9.02,15.3,141.18,1.42,Low,Clear,Cancelled,Driver,0.0
B00806,C0076,D0095,2026-02-11 08:55:00,Secunderabad,Gachibowli,Hyderabad,Auto,UPI,5.8,13.4,112.2,1.72,Medium,Rain,Completed,Unknown,5.9
B00807,C0125,D0037,2026-02-12 17:32:00,Bandra,Dadar,Mumbai,Auto,UPI,2.27,8.9,80.43,1.83,High,Cloudy,Completed,Unknown,2.2
B00808,C0195,D0121,2026-03-04 18:59:00,MG Road,Jayanagar,Bengaluru,Auto,Card,4.04,9.3,96.36,1.54,Medium,Cloudy,Completed,Unknown,4.7
B00809,C0144,D0069,2026-01-08 19:17:00,Whitefield,Jayanagar,Bengaluru,Bike,UPI,4.6,18.7,67.6,1.78,High,Cloudy,Cancelled,Customer,5.4
B00810,C0311,D0041,2026-03-13 03:59:00,Chembur,Bandra,Mumbai,Bike,UPI,18.09,39.5,148.54,1.07,Low,Clear,Cancelled,Customer,0.0
B00811,C0065,D0124,2026-03-10 18:33:00,Malad,Bandra,Mumbai,Auto,UPI,5.12,14.2,106.08,1.53,Medium,Clear,Cancelled,Customer,0.9
B00812,C0158,D0132,2026-01-07 01:02:00,Pitampura,Connaught Place,Delhi,Auto,Wallet,1.25,3.0,71.25,1.22,Medium,Rain,Completed,Unknown,9.6
B00813,C0236,D0116,2026-02-06 21:22:00,Colaba,Powai,Mumbai,Auto,UPI,11.82,23.4,166.38,1.03,Low,Clear,Completed,Unknown,0.0
B00814,C0262,D0023,2026-02-17 18:15:00,Kothrud,Baner,Pune,Bike,UPI,7.64,19.9,85.84,1.55,Medium,Clear,Completed,Unknown,5.4
B00815,C0304,D0130,2026-02-20 16:29:00,Kukatpally,Ameerpet,Hyderabad,Cab,UPI,4.74,9.3,156.36,1.01,Low,Clear,Cancelled,Driver,0.0
B00816,C0143,D0050,2026-03-31 03:47:00,Pitampura,Saket,Delhi,Auto,UPI,11.05,25.6,159.45,1.08,Medium,Clear,Cancelled,Driver,4.4
B00817,C0129,D0017,2026-03-04 02:52:00,Secunderabad,Madhapur,Hyderabad,Bike,Card,11.36,25.9,108.16,1.06,Low,Clear,Completed,Unknown,3.5
B00818,C0271,D0038,2026-03-21 07:37:00,Madhapur,Kukatpally,Hyderabad,Cab,UPI,1.57,4.3,111.98,1.4,Medium,Cloudy,Completed,Unknown,12.1
B00819,C0166,D0053,2026-01-30 00:37:00,Ameerpet,Gachibowli,Hyderabad,Auto,UPI,8.89,26.0,140.01,1.56,High,Rain,Incomplete,Unknown,6.1
B00820,C0307,D0060,2026-01-27 19:50:00,Janakpuri,Pitampura,Delhi,Cab,Wallet,5.99,20.3,173.86,1.91,High,Rain,Cancelled,Customer,0.4
B00821,C0045,D0055,2026-01-13 16:12:00,Indiranagar,Jayanagar,Bengaluru,Cab,Card,7.3,17.3,192.2,1.14,Low,Clear,Completed,Unknown,4.8
B00822,C0380,D0039,2026-03-21 23:22:00,Hauz Khas,Pitampura,Delhi,Bike,UPI,15.74,30.3,134.44,1.12,Low,Cloudy,Completed,Unknown,3.3
B00823,C0033,D0014,2026-01-08 03:44:00,Kukatpally,Secunderabad,Hyderabad,Auto,UPI,2.48,5.8,82.32,1.06,Low,Cloudy,Completed,Unknown,0.0
B00824,C0062,D0079,2026-02-11 11:38:00,Kothrud,Viman Nagar,Pune,Auto,UPI,5.14,10.5,106.26,1.02,Low,Clear,Completed,Unknown,1.6
B00825,C0043,D0079,2026-03-10 09:16:00,Indiranagar,Marathahalli,Bengaluru,Cab,Wallet,2.69,10.5,127.66,1.82,High,Clear,Completed,Unknown,12.9
B00826,C0224,D0015,2026-03-28 23:50:00,Pitampura,Lajpat Nagar,Delhi,Cab,Cash,2.48,6.7,124.72,1.21,Medium,Rain,Completed,Unknown,5.8
B00827,C0356,D0116,2026-01-29 08:46:00,Bandra,Borivali,Mumbai,Auto,Wallet,13.07,33.5,177.63,1.53,Medium,Clear,Completed,Unknown,2.2
B00828,C0188,D0133,2026-01-12 18:41:00,Ameerpet,Gachibowli,Hyderabad,Auto,UPI,3.87,15.7,94.83,1.92,High,Rain,Completed,Unknown,6.4
B00829,C0245,D0085,2026-02-26 00:00:00,Electronic City,Koramangala,Bengaluru,Auto,Card,4.63,10.2,101.67,1.04,Low,Clear,Completed,Unknown,4.7
B00830,C0053,D0134,2026-02-20 06:26:00,Lajpat Nagar,Janakpuri,Delhi,Auto,Card,4.11,7.3,96.99,1.11,Low,Clear,Completed,Unknown,1.8
B00831,C0255,D0044,2026-01-06 22:48:00,Whitefield,Electronic City,Bengaluru,Auto,Wallet,12.56,28.2,173.04,1.34,Medium,Rain,Completed,Unknown,3.3
B00832,C0327,D0130,2026-02-19 13:42:00,Hinjewadi,Kharadi,Pune,Bike,UPI,12.21,34.1,113.26,1.02,Medium,Clear,Completed,Unknown,1.4
B00833,C0064,D0060,2026-02-09 07:06:00,Madhapur,Banjara Hills,Hyderabad,Bike,Cash,16.46,50.5,138.76,1.72,High,Clear,Completed,Unknown,3.8
B00834,C0044,D0131,2026-02-05 00:14:00,Chembur,Colaba,Mumbai,Cab,Cash,1.12,3.4,105.68,1.21,Medium,Rain,Completed,Unknown,1.4
B00835,C0115,D0093,2026-03-02 22:42:00,Andheri,Borivali,Mumbai,Auto,Cash,11.37,31.6,162.33,1.01,Medium,Clear,Incomplete,Unknown,7.5
B00836,C0135,D0030,2026-02-17 21:15:00,Ameerpet,Madhapur,Hyderabad,Auto,Wallet,6.11,10.5,114.99,1.05,Low,Cloudy,Cancelled,Driver,4.9
B00837,C0173,D0109,2026-01-13 03:30:00,Noida Sector 18,Lajpat Nagar,Delhi,Auto,UPI,8.69,17.0,138.21,1.13,Low,Clear,Completed,Unknown,7.1
B00838,C0324,D0113,2026-03-09 22:25:00,Connaught Place,Pitampura,Delhi,Bike,Wallet,1.36,2.4,48.16,1.1,Low,Clear,Completed,Unknown,5.8
B00839,C0219,D0128,2026-02-12 03:47:00,Ameerpet,Madhapur,Hyderabad,Bike,UPI,2.89,7.8,57.34,1.12,Medium,Cloudy,Cancelled,Driver,0.0
B00840,C0391,D0128,2026-03-26 11:50:00,Kothrud,Wakad,Pune,Cab,UPI,4.86,11.2,158.04,1.12,Low,Clear,Completed,Unknown,3.3
B00841,C0150,D0002,2026-01-02 04:28:00,Banjara Hills,Madhapur,Hyderabad,Auto,Card,5.66,21.0,110.94,1.36,High,Cloudy,Completed,Unknown,11.5
B00842,C0062,D0008,2026-03-30 15:08:00,Hinjewadi,Viman Nagar,Pune,Bike,Cash,3.57,13.7,61.42,1.53,High,Rain,Completed,Unknown,11.6
B00843,C0079,D0086,2026-02-03 09:48:00,Powai,Dadar,Mumbai,Auto,UPI,17.54,53.7,217.86,1.51,Medium,Clear,Completed,Unknown,0.0
B00844,C0389,D0093,2026-02-15 08:11:00,Koramangala,Marathahalli,Bengaluru,Cab,Cash,7.66,21.4,197.24,1.72,High,Clear,Completed,Unknown,8.9
B00845,C0224,D0126,2026-01-27 14:44:00,Wakad,Baner,Pune,Bike,Cash,20.31,47.3,161.86,1.04,Low,Clear,Completed,Unknown,10.4
B00846,C0058,D0005,2026-02-01 10:45:00,Janakpuri,Karol Bagh,Delhi,Cab,UPI,3.18,6.2,134.52,1.12,Low,Cloudy,Completed,Unknown,6.1
B00847,C0368,D0060,2026-03-27 00:03:00,Hinjewadi,Kharadi,Pune,Bike,UPI,13.15,23.1,118.9,1.12,Low,Clear,Completed,Unknown,6.8
B00848,C0094,D0003,2026-02-21 05:52:00,Andheri,Colaba,Mumbai,Bike,UPI,4.08,7.1,64.48,1.15,Low,Clear,Cancelled,Customer,2.6
B00849,C0106,D0076,2026-01-05 05:00:00,Baner,Kharadi,Pune,Auto,Card,6.56,21.2,119.04,1.57,High,Rain,Completed,Unknown,6.3
B00850,C0340,D0147,2026-03-20 02:44:00,Gachibowli,Secunderabad,Hyderabad,Bike,UPI,10.22,31.7,101.32,1.4,High,Smog,Cancelled,Customer,0.0
B00851,C0306,D0051,2026-01-19 17:37:00,Borivali,Malad,Mumbai,Cab,Wallet,3.32,9.2,136.48,1.84,High,Clear,Cancelled,Customer,1.3
B00852,C0366,D0098,2026-03-05 11:22:00,Pitampura,Hauz Khas,Delhi,Bike,UPI,5.3,8.9,71.8,1.24,Low,Rain,Incomplete,Unknown,5.5
B00853,C0345,D0012,2026-01-10 12:06:00,Wakad,Kharadi,Pune,Auto,Wallet,3.71,8.6,93.39,1.02,Medium,Clear,Completed,Unknown,0.0
B00854,C0278,D0106,2026-02-19 00:55:00,Janakpuri,Connaught Place,Delhi,Cab,UPI,6.81,17.2,185.34,1.01,Medium,Cloudy,Cancelled,Customer,3.7
B00855,C0281,D0046,2026-02-15 08:13:00,Borivali,Powai,Mumbai,Auto,Cash,9.45,36.8,145.05,1.7,High,Cloudy,Completed,Unknown,7.7
B00856,C0342,D0087,2026-03-29 10:06:00,Jayanagar,Whitefield,Bengaluru,Bike,Card,11.83,28.3,110.98,1.02,Medium,Clear,Cancelled,Customer,8.4
B00857,C0310,D0076,2026-02-19 03:18:00,Koramangala,Indiranagar,Bengaluru,Cab,Cash,25.06,54.7,440.84,1.32,Low,Rain,Completed,Unknown,0.0
B00858,C0106,D0060,2026-03-16 22:04:00,Whitefield,Electronic City,Bengaluru,Auto,Card,7.48,13.5,127.32,1.11,Low,Clear,Completed,Unknown,0.0
B00859,C0089,D0092,2026-01-24 20:39:00,Indiranagar,Whitefield,Bengaluru,Auto,UPI,1.2,2.9,70.8,1.0,Medium,Clear,Cancelled,Customer,3.5
B00860,C0177,D0073,2026-01-13 04:21:00,Gachibowli,Kukatpally,Hyderabad,Cab,UPI,7.75,23.2,198.5,1.4,High,Smog,Cancelled,Customer,5.2
B00861,C0168,D0097,2026-02-06 17:48:00,Koramangala,Indiranagar,Bengaluru,Bike,UPI,1.73,4.7,50.38,1.77,High,Cloudy,Cancelled,Customer,1.5
B00862,C0136,D0079,2026-01-06 10:55:00,Andheri,Powai,Mumbai,Cab,UPI,1.12,3.9,105.68,1.4,High,Clear,Completed,Unknown,4.1
B00863,C0348,D0134,2026-01-02 10:19:00,Gachibowli,Madhapur,Hyderabad,Bike,Card,1.4,2.8,48.4,1.07,Low,Clear,Completed,Unknown,2.8
B00864,C0147,D0143,2026-03-05 19:11:00,Marathahalli,Electronic City,Bengaluru,Bike,UPI,18.09,51.2,148.54,1.63,Medium,Rain,Cancelled,Driver,0.0
B00865,C0011,D0126,2026-01-17 20:59:00,Madhapur,Secunderabad,Hyderabad,Bike,Cash,1.43,2.5,48.58,1.13,Low,Clear,Completed,Unknown,7.5
B00866,C0059,D0001,2026-02-21 06:22:00,Bandra,Chembur,Mumbai,Bike,Cash,4.32,9.2,65.92,1.07,Low,Clear,Completed,Unknown,4.6
B00867,C0046,D0120,2026-02-28 23:54:00,Koramangala,Marathahalli,Bengaluru,Auto,UPI,5.72,15.9,111.48,1.53,High,Rain,Cancelled,Driver,6.1
B00868,C0186,D0133,2026-02-09 22:44:00,Powai,Dadar,Mumbai,Auto,Card,7.58,22.0,128.22,1.31,Medium,Rain,Completed,Unknown,0.2
B00869,C0222,D0134,2026-01-14 17:23:00,Wakad,Hinjewadi,Pune,Auto,UPI,19.2,51.2,232.8,1.4,Medium,Clear,Cancelled,Driver,0.0
B00870,C0282,D0112,2026-03-10 00:29:00,Ameerpet,Madhapur,Hyderabad,Bike,UPI,5.72,13.8,74.32,1.14,Medium,Clear,Completed,Unknown,7.7
B00871,C0353,D0137,2026-01-05 02:12:00,Andheri,Borivali,Mumbai,Bike,Cash,10.7,25.8,104.2,1.0,Medium,Cloudy,Completed,Unknown,3.2
B00872,C0059,D0131,2026-01-17 17:10:00,Madhapur,Kukatpally,Hyderabad,Bike,Card,1.54,4.0,49.24,1.66,Medium,Rain,Cancelled,Customer,6.1
B00873,C0103,D0136,2026-01-31 08:21:00,Baner,Kharadi,Pune,Auto,Card,3.32,10.2,89.88,1.41,Medium,Clear,Completed,Unknown,0.0
B00874,C0306,D0031,2026-03-14 08:15:00,Electronic City,Koramangala,Bengaluru,Cab,Cash,4.11,12.0,147.54,1.75,High,Clear,Completed,Unknown,4.5
B00875,C0369,D0004,2026-03-13 17:02:00,Banjara Hills,Secunderabad,Hyderabad,Auto,Cash,8.58,19.3,137.22,1.49,Medium,Clear,Completed,Unknown,10.2
B00876,C0044,D0034,2026-03-08 23:43:00,Secunderabad,Kukatpally,Hyderabad,Cab,UPI,1.42,4.3,109.88,1.12,Medium,Clear,Completed,Unknown,1.5
B00877,C0130,D0092,2026-03-16 15:15:00,Baner,Viman Nagar,Pune,Bike,UPI,3.75,6.6,62.5,1.29,Low,Rain,Cancelled,Customer,0.1
B00878,C0161,D0053,2026-02-11 07:29:00,Secunderabad,Ameerpet,Hyderabad,Auto,UPI,4.06,16.2,96.54,1.83,High,Clear,Completed,Unknown,5.4
B00879,C0236,D0019,2026-01-26 17:40:00,Hinjewadi,Wakad,Pune,Auto,UPI,8.21,25.7,133.89,1.75,High,Clear,Cancelled,Driver,3.7
B00880,C0039,D0124,2026-02-02 19:24:00,Dwarka,Karol Bagh,Delhi,Bike,UPI,1.13,3.1,46.78,2.0,High,Rain,Completed,Unknown,2.5
B00881,C0335,D0002,2026-03-08 03:59:00,Gachibowli,Madhapur,Hyderabad,Auto,UPI,9.2,24.8,142.8,1.08,Medium,Cloudy,Completed,Unknown,5.8
B00882,C0045,D0084,2026-02-06 00:20:00,Gachibowli,Ameerpet,Hyderabad,Bike,UPI,1.56,4.4,49.36,1.07,Medium,Clear,Completed,Unknown,4.5
B00883,C0050,D0107,2026-03-03 11:59:00,Hinjewadi,Kharadi,Pune,Bike,Cash,3.47,7.0,60.82,1.13,Low,Clear,Completed,Unknown,6.5
B00884,C0323,D0102,2026-02-24 07:20:00,Malad,Dadar,Mumbai,Auto,Card,2.29,6.4,80.61,1.73,High,Clear,Completed,Unknown,7.9
B00885,C0382,D0131,2026-03-15 13:51:00,Lajpat Nagar,Saket,Delhi,Bike,Card,11.69,34.9,110.14,1.32,High,Cloudy,Completed,Unknown,4.9
B00886,C0335,D0030,2026-01-17 10:30:00,Baner,Hinjewadi,Pune,Bike,UPI,7.26,20.5,83.56,1.01,Medium,Clear,Completed,Unknown,8.2
B00887,C0195,D0099,2026-03-09 08:30:00,Noida Sector 18,Saket,Delhi,Bike,UPI,4.39,10.7,66.34,1.47,Medium,Clear,Completed,Unknown,11.8
B00888,C0163,D0132,2026-03-05 12:19:00,MG Road,Whitefield,Bengaluru,Cab,UPI,6.15,18.7,176.1,1.06,Medium,Clear,Completed,Unknown,5.8
B00889,C0311,D0109,2026-03-08 06:12:00,Bandra,Powai,Mumbai,Bike,Wallet,18.6,56.4,151.6,1.05,Medium,Clear,Completed,Unknown,0.9
B00890,C0180,D0144,2026-01-02 01:49:00,Hauz Khas,Saket,Delhi,Auto,Card,17.51,38.1,217.59,1.34,Low,Rain,Completed,Unknown,9.4
B00891,C0082,D0142,2026-03-19 05:57:00,Viman Nagar,Hinjewadi,Pune,Cab,UPI,1.31,3.1,108.34,1.1,Medium,Clear,Completed,Unknown,8.8
B00892,C0066,D0132,2026-03-12 10:09:00,Koramangala,Whitefield,Bengaluru,Cab,Wallet,4.81,8.4,157.34,1.11,Low,Clear,Completed,Unknown,3.6
B00893,C0353,D0034,2026-01-29 09:17:00,Chembur,Borivali,Mumbai,Bike,Wallet,25.23,72.9,191.38,1.45,Medium,Clear,Cancelled,Customer,4.0
B00894,C0248,D0033,2026-01-13 11:19:00,Borivali,Powai,Mumbai,Auto,Cash,5.73,13.3,111.57,1.06,Low,Cloudy,Completed,Unknown,1.7
B00895,C0072,D0126,2026-02-11 07:30:00,Indiranagar,Whitefield,Bengaluru,Cab,UPI,2.08,6.3,119.12,1.76,High,Clear,Cancelled,Driver,5.9
B00896,C0285,D0025,2026-02-16 05:56:00,Jayanagar,Marathahalli,Bengaluru,Auto,Card,1.3,3.8,71.7,1.06,Medium,Cloudy,Completed,Unknown,0.0
B00897,C0171,D0055,2026-03-08 20:30:00,Karol Bagh,Rohini,Delhi,Auto,UPI,2.14,5.8,79.26,1.04,Medium,Cloudy,Completed,Unknown,10.7
B00898,C0197,D0020,2026-02-19 09:53:00,Wakad,Viman Nagar,Pune,Bike,UPI,7.51,21.0,85.06,1.42,Medium,Clear,Completed,Unknown,2.2
B00899,C0033,D0013,2026-02-20 17:11:00,Malad,Powai,Mumbai,Auto,Cash,11.4,28.0,162.6,1.54,Medium,Cloudy,Completed,Unknown,0.1
B00900,C0323,D0002,2026-01-21 16:44:00,Janakpuri,Saket,Delhi,Bike,Cash,2.81,7.9,56.86,1.13,Medium,Clear,Completed,Unknown,5.8
B00901,C0031,D0137,2026-01-06 16:30:00,Gachibowli,Madhapur,Hyderabad,Cab,UPI,13.35,22.4,276.9,1.01,Low,Cloudy,Incomplete,Unknown,10.6
B00902,C0058,D0060,2026-02-18 07:00:00,Banjara Hills,Madhapur,Hyderabad,Auto,Wallet,5.12,19.8,106.08,1.76,High,Cloudy,Completed,Unknown,0.7
B00903,C0238,D0097,2026-01-16 18:10:00,Hinjewadi,Kharadi,Pune,Auto,Card,6.04,22.8,114.36,1.7,High,Clear,Completed,Unknown,5.4
B00904,C0369,D0137,2026-03-31 01:28:00,Dadar,Chembur,Mumbai,Auto,UPI,4.67,8.8,102.03,1.04,Low,Cloudy,Completed,Unknown,1.0
B00905,C0046,D0096,2026-01-07 15:46:00,Whitefield,HSR Layout,Bengaluru,Auto,Cash,3.24,5.8,89.16,1.07,Low,Smog,Completed,Unknown,0.0
B00906,C0386,D0115,2026-01-01 13:12:00,Gachibowli,Madhapur,Hyderabad,Cab,Wallet,18.36,32.9,347.04,1.13,Low,Clear,Incomplete,Unknown,3.1
B00907,C0296,D0136,2026-03-27 22:44:00,Saket,Noida Sector 18,Delhi,Auto,Card,6.51,25.7,118.59,1.36,High,Clear,Completed,Unknown,3.4
B00908,C0391,D0083,2026-01-24 10:52:00,Gachibowli,Kukatpally,Hyderabad,Cab,Cash,11.92,35.6,256.88,1.02,Medium,Smog,Completed,Unknown,1.3
B00909,C0034,D0095,2026-03-19 06:40:00,Ameerpet,Madhapur,Hyderabad,Cab,UPI,1.0,1.8,104.0,1.02,Low,Cloudy,Completed,Unknown,0.0
B00910,C0047,D0118,2026-03-13 14:59:00,Gachibowli,Banjara Hills,Hyderabad,Auto,UPI,30.42,76.7,333.78,1.22,Medium,Rain,Completed,Unknown,7.9
B00911,C0335,D0137,2026-02-13 22:23:00,Gachibowli,Ameerpet,Hyderabad,Auto,Card,10.26,30.7,152.34,1.6,High,Rain,Completed,Unknown,8.2
B00912,C0207,D0014,2026-03-29 11:13:00,Jayanagar,Whitefield,Bengaluru,Cab,UPI,2.23,4.7,121.22,1.13,Low,Clear,Completed,Unknown,4.2
B00913,C0047,D0027,2026-02-13 02:56:00,Powai,Colaba,Mumbai,Auto,Card,3.88,15.8,94.92,1.3,High,Clear,Cancelled,Customer,8.5
B00914,C0277,D0142,2026-03-19 20:23:00,Colaba,Andheri,Mumbai,Cab,Cash,13.96,32.7,285.44,1.04,Low,Clear,Completed,Unknown,3.5
B00915,C0064,D0033,2026-03-19 11:53:00,Dwarka,Pitampura,Delhi,Cab,UPI,7.12,19.9,189.68,1.14,Medium,Smog,Completed,Unknown,2.5
B00916,C0161,D0057,2026-02-26 11:20:00,Marathahalli,MG Road,Bengaluru,Auto,UPI,1.98,4.0,77.82,1.12,Low,Clear,Completed,Unknown,0.0
B00917,C0089,D0008,2026-01-29 02:35:00,Bandra,Malad,Mumbai,Auto,Card,10.97,30.6,158.73,1.25,Medium,Rain,Cancelled,Customer,11.6
B00918,C0206,D0085,2026-01-29 02:30:00,Chembur,Malad,Mumbai,Bike,Wallet,3.51,8.2,61.06,1.15,Medium,Clear,Cancelled,Customer,5.1
B00919,C0104,D0124,2026-01-20 23:39:00,Banjara Hills,Gachibowli,Hyderabad,Bike,Card,6.71,11.2,80.26,1.12,Low,Smog,Completed,Unknown,7.5
B00920,C0153,D0121,2026-01-13 15:03:00,Colaba,Chembur,Mumbai,Bike,Card,2.47,5.4,54.82,1.15,Low,Cloudy,Completed,Unknown,3.2
B00921,C0146,D0004,2026-02-22 23:59:00,MG Road,Indiranagar,Bengaluru,Cab,Card,4.91,15.0,158.74,1.14,Medium,Cloudy,Cancelled,Customer,13.4
B00922,C0329,D0137,2026-01-28 22:30:00,Madhapur,Banjara Hills,Hyderabad,Cab,UPI,2.48,5.1,124.72,1.08,Low,Clear,Cancelled,Customer,4.4
B00923,C0135,D0126,2026-02-10 01:57:00,Karol Bagh,Hauz Khas,Delhi,Bike,UPI,3.05,5.1,58.3,1.0,Low,Clear,Completed,Unknown,9.4
B00924,C0090,D0100,2026-03-10 14:12:00,Hinjewadi,Wakad,Pune,Bike,Cash,6.12,18.0,76.72,1.36,High,Cloudy,Completed,Unknown,4.0
B00925,C0269,D0096,2026-03-14 08:57:00,Noida Sector 18,Pitampura,Delhi,Cab,UPI,2.02,5.8,118.28,1.5,Medium,Cloudy,Completed,Unknown,0.0
B00926,C0107,D0038,2026-01-05 05:28:00,Dwarka,Noida Sector 18,Delhi,Auto,Card,3.55,9.4,91.95,1.14,Medium,Cloudy,Cancelled,Customer,0.6
B00927,C0277,D0056,2026-01-23 12:57:00,Janakpuri,Saket,Delhi,Cab,Card,5.21,13.3,162.94,1.07,Medium,Cloudy,Completed,Unknown,7.9
B00928,C0100,D0014,2026-03-31 03:08:00,Koramangala,Indiranagar,Bengaluru,Auto,UPI,1.59,3.5,74.31,1.03,Low,Clear,Completed,Unknown,0.0
B00929,C0390,D0138,2026-02-07 10:20:00,Hinjewadi,Baner,Pune,Bike,Card,9.73,22.6,98.38,1.05,Low,Clear,Completed,Unknown,0.5
B00930,C0159,D0035,2026-03-07 15:07:00,Hinjewadi,Kothrud,Pune,Bike,Cash,4.63,12.6,67.78,1.04,Medium,Cloudy,Completed,Unknown,4.8
B00931,C0167,D0052,2026-02-09 16:26:00,Pitampura,Karol Bagh,Delhi,Cab,Cash,2.54,5.3,125.56,1.32,Low,Rain,Completed,Unknown,7.1
B00932,C0269,D0124,2026-01-30 01:04:00,Saket,Janakpuri,Delhi,Cab,UPI,3.51,11.8,139.14,1.35,High,Clear,Completed,Unknown,8.4
B00933,C0171,D0049,2026-03-03 06:47:00,Banjara Hills,Ameerpet,Hyderabad,Cab,UPI,2.49,5.5,124.86,1.09,Low,Clear,Cancelled,Customer,1.1
B00934,C0013,D0051,2026-02-24 10:36:00,Gachibowli,Madhapur,Hyderabad,Bike,Wallet,14.47,34.6,126.82,1.08,Low,Clear,Completed,Unknown,8.3
B00935,C0232,D0090,2026-01-31 12:29:00,Secunderabad,Banjara Hills,Hyderabad,Auto,Card,9.82,27.8,148.38,1.35,High,Clear,Cancelled,Driver,3.2
B00936,C0169,D0114,2026-01-21 00:12:00,Ameerpet,Gachibowli,Hyderabad,Cab,UPI,7.0,17.9,188.0,1.14,Medium,Clear,Completed,Unknown,9.1
B00937,C0007,D0074,2026-03-31 08:55:00,Kothrud,Baner,Pune,Bike,UPI,3.04,12.3,58.24,1.7,High,Cloudy,Incomplete,Unknown,9.8
B00938,C0194,D0095,2026-01-03 07:41:00,Malad,Bandra,Mumbai,Auto,Cash,3.76,8.8,93.84,1.68,Low,Rain,Completed,Unknown,2.1
B00939,C0327,D0008,2026-01-26 04:50:00,Kharadi,Wakad,Pune,Bike,UPI,2.68,7.7,56.08,1.38,High,Clear,Completed,Unknown,10.1
B00940,C0148,D0044,2026-03-25 09:38:00,Kothrud,Hinjewadi,Pune,Cab,Cash,6.08,15.9,175.12,1.64,Medium,Rain,Completed,Unknown,7.0
B00941,C0372,D0087,2026-02-21 20:28:00,Wakad,Kothrud,Pune,Auto,Cash,5.99,16.4,113.91,1.04,Medium,Clear,Completed,Unknown,0.0
B00942,C0108,D0133,2026-02-10 11:40:00,Dadar,Malad,Mumbai,Cab,UPI,8.17,28.5,204.38,1.32,High,Clear,Cancelled,Driver,5.4
B00943,C0119,D0060,2026-01-25 13:18:00,Borivali,Malad,Mumbai,Cab,Cash,4.97,10.6,159.58,1.11,Low,Cloudy,Completed,Unknown,3.9
B00944,C0037,D0136,2026-01-21 13:23:00,Koramangala,Marathahalli,Bengaluru,Cab,UPI,8.36,26.3,207.04,1.36,High,Cloudy,Cancelled,Customer,2.1
B00945,C0258,D0034,2026-01-02 23:07:00,Saket,Janakpuri,Delhi,Bike,Card,11.69,21.6,110.14,1.12,Low,Clear,Completed,Unknown,8.4
B00946,C0064,D0105,2026-03-15 00:38:00,Baner,Kharadi,Pune,Bike,Cash,10.01,21.4,100.06,1.05,Low,Cloudy,Completed,Unknown,7.5
B00947,C0102,D0124,2026-01-27 18:31:00,Marathahalli,Indiranagar,Bengaluru,Cab,Cash,4.89,10.2,158.46,1.49,Low,Cloudy,Completed,Unknown,1.6
B00948,C0301,D0033,2026-03-03 00:34:00,Dadar,Powai,Mumbai,Auto,UPI,12.27,22.9,170.43,1.23,Low,Rain,Completed,Unknown,1.8
B00949,C0071,D0047,2026-02-25 02:09:00,Rohini,Connaught Place,Delhi,Bike,Wallet,3.84,6.3,63.04,1.01,Low,Clear,Incomplete,Unknown,0.4
B00950,C0224,D0103,2026-01-16 19:39:00,Saket,Dwarka,Delhi,Auto,UPI,2.47,10.0,82.23,1.84,High,Cloudy,Incomplete,Unknown,6.9
B00951,C0166,D0033,2026-03-29 12:17:00,Koramangala,Whitefield,Bengaluru,Bike,Card,8.81,16.9,92.86,1.05,Low,Cloudy,Cancelled,Driver,0.0
B00952,C0031,D0107,2026-01-04 02:52:00,Kharadi,Hinjewadi,Pune,Cab,UPI,13.95,43.4,285.3,1.03,Medium,Cloudy,Completed,Unknown,0.0
B00953,C0327,D0008,2026-02-01 03:02:00,Hauz Khas,Lajpat Nagar,Delhi,Auto,Cash,3.68,11.0,93.12,1.09,Medium,Clear,Completed,Unknown,5.1
B00954,C0375,D0099,2026-02-18 01:39:00,Connaught Place,Rohini,Delhi,Auto,Wallet,2.16,4.5,79.44,1.28,Low,Rain,Incomplete,Unknown,8.0
B00955,C0089,D0012,2026-03-20 03:32:00,Gachibowli,Ameerpet,Hyderabad,Auto,UPI,3.34,8.7,90.06,1.14,Medium,Clear,Completed,Unknown,3.6
B00956,C0161,D0084,2026-01-30 05:40:00,Kharadi,Kothrud,Pune,Auto,UPI,9.12,25.3,142.08,1.06,Medium,Clear,Completed,Unknown,2.9
B00957,C0227,D0132,2026-01-11 13:43:00,Chembur,Andheri,Mumbai,Cab,UPI,7.32,12.0,192.48,1.08,Low,Clear,Completed,Unknown,5.9
B00958,C0188,D0099,2026-03-26 08:47:00,Marathahalli,Indiranagar,Bengaluru,Cab,Card,12.13,26.2,259.82,1.43,Low,Cloudy,Completed,Unknown,6.9
B00959,C0376,D0066,2026-02-12 00:26:00,Kharadi,Wakad,Pune,Auto,UPI,9.5,15.4,145.5,1.07,Low,Cloudy,Completed,Unknown,4.1
B00960,C0111,D0038,2026-02-02 20:20:00,Koramangala,Whitefield,Bengaluru,Cab,UPI,27.14,57.4,469.96,1.07,Low,Clear,Incomplete,Unknown,2.9
B00961,C0091,D0081,2026-03-28 10:00:00,Andheri,Chembur,Mumbai,Bike,UPI,5.12,13.2,70.72,1.26,Medium,Rain,Completed,Unknown,0.0
B00962,C0271,D0001,2026-01-02 15:19:00,Dadar,Colaba,Mumbai,Auto,Cash,9.4,17.3,144.6,1.02,Low,Clear,Completed,Unknown,6.1
B00963,C0026,D0022,2026-01-27 23:19:00,Colaba,Chembur,Mumbai,Cab,Cash,2.89,5.5,130.46,1.23,Low,Rain,Incomplete,Unknown,5.5
B00964,C0363,D0109,2026-01-02 18:50:00,Marathahalli,MG Road,Bengaluru,Auto,Cash,12.46,35.5,172.14,1.99,High,Rain,Cancelled,Customer,1.1
B00965,C0317,D0078,2026-03-25 04:41:00,Pitampura,Connaught Place,Delhi,Auto,UPI,2.9,8.7,86.1,1.12,Medium,Clear,Incomplete,Unknown,0.0
B00966,C0341,D0133,2026-01-05 19:31:00,Borivali,Andheri,Mumbai,Auto,UPI,5.76,13.8,111.84,1.47,Medium,Clear,Completed,Unknown,7.3
B00967,C0058,D0137,2026-02-15 16:44:00,Viman Nagar,Hinjewadi,Pune,Auto,UPI,9.5,36.2,145.5,1.41,High,Clear,Completed,Unknown,5.2
B00968,C0023,D0009,2026-01-10 11:06:00,Secunderabad,Kukatpally,Hyderabad,Auto,UPI,1.02,2.2,69.18,1.08,Medium,Clear,Completed,Unknown,6.4
B00969,C0046,D0133,2026-03-25 17:30:00,Kharadi,Viman Nagar,Pune,Bike,Wallet,7.33,26.0,83.98,1.82,High,Clear,Completed,Unknown,10.0
B00970,C0067,D0078,2026-03-05 17:15:00,Borivali,Dadar,Mumbai,Bike,Card,6.83,14.6,80.98,1.63,Medium,Rain,Cancelled,Customer,0.0
B00971,C0075,D0029,2026-01-21 08:43:00,Hauz Khas,Rohini,Delhi,Bike,UPI,8.23,32.5,89.38,1.73,High,Clear,Completed,Unknown,3.0
B00972,C0400,D0058,2026-02-22 02:35:00,Ameerpet,Madhapur,Hyderabad,Cab,UPI,5.96,17.8,173.44,1.04,Medium,Clear,Cancelled,Customer,5.4
B00973,C0306,D0063,2026-02-22 05:09:00,Kharadi,Wakad,Pune,Cab,UPI,16.23,26.4,317.22,1.3,Low,Rain,Cancelled,Customer,3.3
B00974,C0171,D0022,2026-03-11 14:11:00,Bandra,Andheri,Mumbai,Auto,UPI,8.74,23.0,138.66,1.03,Medium,Clear,Cancelled,Customer,3.6
B00975,C0031,D0051,2026-03-12 02:08:00,Gachibowli,Kukatpally,Hyderabad,Auto,Cash,6.46,14.6,118.14,1.07,Low,Clear,Completed,Unknown,5.6
B00976,C0005,D0146,2026-02-24 18:48:00,Kukatpally,Banjara Hills,Hyderabad,Auto,Cash,12.76,35.2,174.84,1.49,Medium,Clear,Completed,Unknown,0.0
B00977,C0188,D0093,2026-03-17 14:33:00,Kukatpally,Ameerpet,Hyderabad,Auto,UPI,2.56,7.0,83.04,1.03,Medium,Cloudy,Completed,Unknown,2.7
B00978,C0329,D0099,2026-02-11 08:39:00,Lajpat Nagar,Saket,Delhi,Auto,Card,8.45,19.3,136.05,1.4,Medium,Clear,Completed,Unknown,6.6
B00979,C0106,D0127,2026-02-25 06:25:00,Lajpat Nagar,Noida Sector 18,Delhi,Auto,UPI,9.5,26.9,145.5,1.07,Medium,Clear,Completed,Unknown,3.8
B00980,C0126,D0048,2026-02-08 18:09:00,Pitampura,Janakpuri,Delhi,Auto,Cash,3.56,7.3,92.04,1.45,Low,Clear,Completed,Unknown,5.8
B00981,C0400,D0023,2026-02-20 16:15:00,Kothrud,Kharadi,Pune,Cab,UPI,3.36,10.3,137.04,1.14,Medium,Clear,Cancelled,Customer,9.6
B00982,C0111,D0066,2026-02-22 10:12:00,Colaba,Dadar,Mumbai,Cab,UPI,3.63,9.8,140.82,1.08,Medium,Clear,Completed,Unknown,7.8
B00983,C0251,D0008,2026-01-06 11:32:00,Andheri,Borivali,Mumbai,Auto,Card,1.1,2.1,69.9,1.09,Low,Clear,Cancelled,Customer,7.5
B00984,C0259,D0042,2026-01-11 00:21:00,Malad,Bandra,Mumbai,Auto,Wallet,5.83,12.5,112.47,1.04,Low,Clear,Completed,Unknown,2.5
B00985,C0202,D0035,2026-01-10 20:20:00,MG Road,Koramangala,Bengaluru,Bike,Card,5.01,14.8,70.06,1.11,Medium,Clear,Completed,Unknown,9.2
B00986,C0337,D0053,2026-03-04 05:42:00,Janakpuri,Connaught Place,Delhi,Cab,Card,1.51,4.5,111.14,1.1,Medium,Cloudy,Incomplete,Unknown,8.6
B00987,C0105,D0015,2026-03-30 23:58:00,Gachibowli,Secunderabad,Hyderabad,Auto,Card,11.65,23.6,164.85,1.12,Low,Clear,Completed,Unknown,8.4
B00988,C0271,D0022,2026-03-18 13:30:00,Viman Nagar,Hinjewadi,Pune,Cab,Cash,12.72,29.5,268.08,1.03,Low,Clear,Completed,Unknown,0.7
B00989,C0330,D0139,2026-02-04 11:20:00,Hinjewadi,Viman Nagar,Pune,Auto,Cash,18.3,48.1,224.7,1.26,Medium,Rain,Completed,Unknown,2.1
B00990,C0324,D0045,2026-02-03 14:44:00,Hinjewadi,Kharadi,Pune,Auto,UPI,1.9,5.5,77.1,1.0,Medium,Clear,Completed,Unknown,1.4
B00991,C0130,D0090,2026-02-19 12:03:00,Hauz Khas,Lajpat Nagar,Delhi,Cab,Card,8.09,24.6,203.26,1.3,High,Clear,Cancelled,Customer,1.4
B00992,C0157,D0093,2026-03-06 01:45:00,Baner,Hinjewadi,Pune,Auto,Card,7.07,25.8,123.63,1.34,High,Clear,Completed,Unknown,4.5
B00993,C0079,D0001,2026-02-21 00:05:00,Whitefield,Electronic City,Bengaluru,Cab,Wallet,1.96,4.0,117.44,1.06,Low,Clear,Incomplete,Unknown,2.9
B00994,C0223,D0004,2026-02-16 20:33:00,Powai,Bandra,Mumbai,Auto,UPI,2.94,6.9,86.46,1.27,Low,Rain,Cancelled,Customer,16.4
B00995,C0091,D0129,2026-03-15 00:36:00,Borivali,Bandra,Mumbai,Auto,UPI,13.68,30.1,183.12,1.04,Low,Clear,Completed,Unknown,6.2
B00996,C0153,D0132,2026-01-04 19:51:00,Bandra,Dadar,Mumbai,Auto,Card,1.75,3.2,75.75,1.48,Low,Clear,Completed,Unknown,5.0
B00997,C0238,D0066,2026-03-09 07:09:00,Kharadi,Wakad,Pune,Bike,UPI,4.98,19.1,69.88,1.82,High,Clear,Cancelled,Customer,5.8
B00998,C0400,D0111,2026-02-09 11:34:00,Electronic City,Indiranagar,Bengaluru,Auto,UPI,19.47,31.2,235.23,1.23,Low,Rain,Completed,Unknown,5.1
B00999,C0246,D0064,2026-02-06 19:56:00,Electronic City,Jayanagar,Bengaluru,Cab,Card,16.18,52.7,316.52,1.83,High,Clear,Completed,Unknown,10.5
B01000,C0335,D0142,2026-01-04 21:42:00,Kothrud,Wakad,Pune,Bike,UPI,6.1,13.6,76.6,1.09,Low,Clear,Completed,Unknown,0.0
B01001,C0184,D0058,2026-02-11 21:49:00,Hinjewadi,Kharadi,Pune,Auto,UPI,10.37,37.8,153.33,1.37,High,Cloudy,Completed,Unknown,11.1
B01002,C0114,D0018,2026-02-07 17:44:00,Wakad,Kharadi,Pune,Bike,Card,22.32,69.9,173.92,1.75,High,Clear,Incomplete,Unknown,6.7
B01003,C0327,D0026,2026-01-08 20:18:00,Andheri,Dadar,Mumbai,Auto,Card,3.84,10.2,94.56,1.13,Medium,Clear,Completed,Unknown,5.7
B01004,C0341,D0124,2026-02-09 00:31:00,Andheri,Dadar,Mumbai,Bike,Cash,12.51,23.4,115.06,1.13,Low,Clear,Completed,Unknown,2.7
B01005,C0297,D0095,2026-03-09 15:36:00,Koramangala,MG Road,Bengaluru,Cab,UPI,8.17,22.6,204.38,1.43,High,Cloudy,Completed,Unknown,6.6
B01006,C0320,D0007,2026-01-31 22:32:00,MG Road,Indiranagar,Bengaluru,Bike,Cash,3.6,8.5,61.6,1.15,Low,Clear,Completed,Unknown,0.0
B01007,C0386,D0034,2026-02-17 22:52:00,Powai,Colaba,Mumbai,Bike,UPI,1.24,2.7,47.44,1.02,Medium,Clear,Completed,Unknown,1.3
B01008,C0180,D0121,2026-03-11 16:26:00,Ameerpet,Banjara Hills,Hyderabad,Bike,Card,4.89,16.6,69.34,1.34,High,Cloudy,Cancelled,Driver,1.3
B01009,C0026,D0126,2026-02-19 03:27:00,Rohini,Noida Sector 18,Delhi,Auto,UPI,26.65,63.2,299.85,1.07,Low,Clear,Cancelled,Driver,8.8
B01010,C0125,D0063,2026-03-30 02:55:00,Baner,Wakad,Pune,Auto,UPI,11.0,30.4,159.0,1.05,Medium,Clear,Completed,Unknown,0.0
B01011,C0075,D0107,2026-03-02 23:40:00,Baner,Hinjewadi,Pune,Bike,UPI,17.09,38.3,142.54,1.12,Low,Clear,Completed,Unknown,7.0
B01012,C0013,D0108,2026-02-20 01:43:00,Colaba,Dadar,Mumbai,Cab,UPI,23.61,50.4,420.54,1.09,Medium,Clear,Completed,Unknown,2.4
B01013,C0090,D0003,2026-02-18 12:42:00,Kharadi,Viman Nagar,Pune,Bike,UPI,6.08,10.6,76.48,1.03,Low,Cloudy,Completed,Unknown,0.0
B01014,C0341,D0147,2026-03-12 14:00:00,Bandra,Andheri,Mumbai,Auto,Cash,1.58,3.6,74.22,1.14,Medium,Smog,Completed,Unknown,11.5
B01015,C0111,D0090,2026-01-19 17:23:00,Hinjewadi,Kharadi,Pune,Bike,UPI,4.75,10.9,68.5,1.44,Medium,Clear,Cancelled,Customer,4.8
B01016,C0184,D0063,2026-03-31 22:18:00,Gachibowli,Madhapur,Hyderabad,Bike,UPI,2.08,6.4,52.48,1.38,High,Clear,Completed,Unknown,6.5
B01017,C0104,D0132,2026-02-13 22:34:00,Banjara Hills,Kukatpally,Hyderabad,Bike,Card,2.86,7.0,57.16,1.05,Medium,Clear,Completed,Unknown,8.2
B01018,C0306,D0111,2026-03-06 15:49:00,MG Road,Jayanagar,Bengaluru,Bike,UPI,1.02,2.4,46.12,1.05,Low,Cloudy,Completed,Unknown,10.3
B01019,C0013,D0100,2026-02-24 16:14:00,Jayanagar,Whitefield,Bengaluru,Auto,UPI,7.17,12.9,124.53,1.02,Low,Clear,Completed,Unknown,0.0
B01020,C0130,D0016,2026-02-07 22:16:00,Hinjewadi,Kharadi,Pune,Auto,Cash,6.18,17.4,115.62,1.02,Medium,Cloudy,Incomplete,Unknown,0.3
B01021,C0084,D0111,2026-02-26 07:29:00,Wakad,Viman Nagar,Pune,Bike,Cash,4.22,7.8,65.32,1.54,Low,Clear,Incomplete,Unknown,11.5
B01022,C0162,D0019,2026-01-26 11:09:00,Baner,Kothrud,Pune,Cab,Card,9.56,15.8,223.84,1.07,Low,Clear,Cancelled,Customer,4.0
B01023,C0027,D0058,2026-02-05 06:29:00,HSR Layout,Marathahalli,Bengaluru,Bike,Card,1.51,4.2,49.06,1.1,Medium,Clear,Completed,Unknown,9.7
B01024,C0364,D0142,2026-03-17 03:21:00,Secunderabad,Madhapur,Hyderabad,Bike,Card,10.53,19.0,103.18,1.12,Low,Clear,Completed,Unknown,6.8
B01025,C0118,D0142,2026-02-07 05:54:00,Powai,Dadar,Mumbai,Auto,Cash,1.74,3.6,75.66,1.03,Low,Cloudy,Completed,Unknown,0.8
B01026,C0245,D0056,2026-01-31 07:16:00,Chembur,Malad,Mumbai,Auto,UPI,4.58,8.2,101.22,1.5,Low,Clear,Incomplete,Unknown,6.3
B01027,C0215,D0087,2026-01-16 21:57:00,Hinjewadi,Baner,Pune,Auto,Card,2.92,6.0,86.28,1.12,Low,Cloudy,Completed,Unknown,8.6
B01028,C0064,D0044,2026-01-30 09:46:00,Dadar,Malad,Mumbai,Bike,UPI,1.86,3.9,51.16,1.4,Low,Clear,Completed,Unknown,3.6
B01029,C0054,D0098,2026-01-07 07:45:00,Jayanagar,HSR Layout,Bengaluru,Bike,Card,3.41,9.7,60.46,1.67,Medium,Rain,Completed,Unknown,1.5
B01030,C0029,D0107,2026-03-05 03:11:00,Marathahalli,Indiranagar,Bengaluru,Auto,Cash,2.51,6.8,82.59,1.1,Medium,Cloudy,Cancelled,Customer,14.8
B01031,C0367,D0025,2026-03-22 15:43:00,Madhapur,Secunderabad,Hyderabad,Cab,Cash,2.93,6.5,131.02,1.14,Low,Clear,Cancelled,Driver,0.0
B01032,C0297,D0137,2026-01-17 05:22:00,Noida Sector 18,Karol Bagh,Delhi,Cab,Wallet,7.66,24.0,197.24,1.42,High,Cloudy,Cancelled,Customer,8.8
B01033,C0149,D0128,2026-01-13 22:45:00,Lajpat Nagar,Connaught Place,Delhi,Cab,Card,9.66,26.5,225.24,1.13,Medium,Cloudy,Cancelled,Customer,6.1
B01034,C0082,D0136,2026-01-25 07:03:00,Electronic City,Marathahalli,Bengaluru,Auto,Card,8.82,29.9,139.38,2.03,High,Rain,Completed,Unknown,4.2
B01035,C0186,D0049,2026-01-25 17:51:00,Koramangala,Indiranagar,Bengaluru,Auto,UPI,1.53,4.8,73.77,1.7,High,Clear,Cancelled,Customer,9.0
B01036,C0109,D0049,2026-03-09 23:49:00,Kothrud,Baner,Pune,Auto,UPI,6.43,16.9,117.87,1.01,Medium,Cloudy,Completed,Unknown,2.8
B01037,C0084,D0125,2026-02-14 14:58:00,Banjara Hills,Ameerpet,Hyderabad,Cab,Wallet,3.53,6.3,139.42,1.12,Low,Clear,Cancelled,Driver,2.4
B01038,C0387,D0148,2026-03-20 19:49:00,Koramangala,Electronic City,Bengaluru,Auto,Card,1.83,6.4,76.47,1.79,High,Cloudy,Completed,Unknown,4.5
B01039,C0024,D0050,2026-02-08 02:02:00,Kothrud,Kharadi,Pune,Auto,Cash,2.96,6.3,86.64,1.1,Low,Clear,Completed,Unknown,0.0
B01040,C0070,D0144,2026-03-31 10:43:00,HSR Layout,Koramangala,Bengaluru,Cab,Cash,1.63,3.7,112.82,1.1,Low,Clear,Completed,Unknown,9.7
B01041,C0274,D0049,2026-03-26 16:50:00,Banjara Hills,Kukatpally,Hyderabad,Cab,Cash,13.61,40.1,280.54,1.35,High,Cloudy,Completed,Unknown,9.9
B01042,C0022,D0099,2026-02-16 13:38:00,Electronic City,Jayanagar,Bengaluru,Auto,Card,15.0,38.0,195.0,1.08,Medium,Cloudy,Incomplete,Unknown,4.6
B01043,C0225,D0121,2026-01-22 16:02:00,Dwarka,Lajpat Nagar,Delhi,Cab,UPI,13.62,26.3,280.68,1.1,Low,Cloudy,Cancelled,Customer,4.7
B01044,C0092,D0003,2026-01-02 00:13:00,Janakpuri,Rohini,Delhi,Auto,UPI,4.05,12.1,96.45,1.13,Medium,Cloudy,Completed,Unknown,0.0
B01045,C0136,D0022,2026-03-02 06:51:00,Karol Bagh,Noida Sector 18,Delhi,Auto,UPI,5.08,10.0,105.72,1.06,Low,Cloudy,Completed,Unknown,4.8
B01046,C0245,D0125,2026-01-10 19:21:00,Janakpuri,Noida Sector 18,Delhi,Auto,Card,5.45,11.5,109.05,1.44,Low,Clear,Cancelled,Driver,3.9
B01047,C0262,D0067,2026-02-28 23:31:00,Colaba,Andheri,Mumbai,Bike,UPI,1.04,2.2,46.24,1.07,Low,Clear,Cancelled,Customer,0.0
B01048,C0392,D0084,2026-01-21 12:38:00,Wakad,Kharadi,Pune,Bike,UPI,1.7,4.7,50.2,1.03,Medium,Cloudy,Completed,Unknown,1.8
B01049,C0134,D0012,2026-02-14 17:22:00,Madhapur,Ameerpet,Hyderabad,Bike,Wallet,2.47,4.5,54.82,1.62,Low,Rain,Completed,Unknown,5.9
B01050,C0157,D0103,2026-02-20 23:28:00,Chembur,Dadar,Mumbai,Auto,UPI,15.86,30.0,202.74,1.25,Low,Rain,Completed,Unknown,13.7
B01051,C0041,D0054,2026-02-13 08:28:00,Indiranagar,Marathahalli,Bengaluru,Auto,Card,14.03,49.0,186.27,1.71,High,Clear,Completed,Unknown,8.3
B01052,C0029,D0112,2026-01-01 15:03:00,Kothrud,Hinjewadi,Pune,Auto,UPI,6.94,14.3,122.46,1.12,Low,Clear,Completed,Unknown,4.8
B01053,C0342,D0056,2026-01-22 09:16:00,Kothrud,Kharadi,Pune,Cab,Card,5.24,19.7,163.36,1.75,High,Clear,Cancelled,Customer,8.5
B01054,C0364,D0100,2026-01-16 14:33:00,Hinjewadi,Viman Nagar,Pune,Auto,UPI,11.15,36.7,160.35,1.38,High,Cloudy,Completed,Unknown,3.0
B01055,C0264,D0099,2026-03-13 21:15:00,Kukatpally,Ameerpet,Hyderabad,Cab,Card,2.54,5.0,125.56,1.05,Low,Cloudy,Completed,Unknown,10.6
B01056,C0308,D0143,2026-01-07 08:32:00,Dwarka,Janakpuri,Delhi,Cab,Cash,6.96,15.9,187.44,1.69,Low,Rain,Completed,Unknown,5.3
B01057,C0016,D0120,2026-03-15 00:41:00,Kharadi,Viman Nagar,Pune,Cab,Card,9.6,36.9,224.4,1.44,High,Cloudy,Incomplete,Unknown,12.2
B01058,C0234,D0068,2026-03-13 03:17:00,Kharadi,Viman Nagar,Pune,Auto,Cash,1.31,3.6,71.79,1.04,Medium,Cloudy,Completed,Unknown,6.1
B01059,C0184,D0136,2026-02-19 02:48:00,Wakad,Kharadi,Pune,Cab,UPI,2.65,4.4,127.1,1.06,Low,Clear,Completed,Unknown,3.3
B01060,C0269,D0140,2026-03-09 11:26:00,Madhapur,Gachibowli,Hyderabad,Bike,UPI,11.83,27.9,110.98,1.13,Medium,Clear,Cancelled,Driver,0.4
B01061,C0026,D0079,2026-01-12 00:15:00,Chembur,Borivali,Mumbai,Cab,Cash,3.07,5.2,132.98,1.13,Low,Clear,Completed,Unknown,3.5
B01062,C0028,D0036,2026-03-17 18:47:00,Electronic City,Whitefield,Bengaluru,Cab,Cash,21.8,70.5,395.2,1.71,High,Cloudy,Cancelled,Driver,2.8
B01063,C0146,D0137,2026-02-26 14:06:00,Kharadi,Viman Nagar,Pune,Bike,Cash,13.25,24.0,119.5,1.07,Low,Clear,Completed,Unknown,3.4
B01064,C0230,D0122,2026-01-15 20:16:00,Electronic City,Koramangala,Bengaluru,Cab,UPI,7.27,16.4,191.78,1.22,Low,Rain,Completed,Unknown,0.0
B01065,C0354,D0034,2026-02-01 02:06:00,Madhapur,Banjara Hills,Hyderabad,Auto,Cash,2.79,6.9,85.11,1.12,Medium,Clear,Completed,Unknown,4.8
B01066,C0072,D0143,2026-01-23 03:04:00,Ameerpet,Gachibowli,Hyderabad,Cab,UPI,6.91,11.4,186.74,1.01,Low,Clear,Completed,Unknown,0.0
B01067,C0050,D0032,2026-03-23 04:28:00,Madhapur,Kukatpally,Hyderabad,Cab,UPI,2.58,5.0,126.12,1.1,Low,Smog,Completed,Unknown,0.0
B01068,C0372,D0141,2026-03-12 02:33:00,Marathahalli,Electronic City,Bengaluru,Auto,Cash,2.32,6.9,80.88,1.07,Medium,Clear,Cancelled,Customer,0.6
B01069,C0230,D0005,2026-02-20 14:06:00,Hauz Khas,Pitampura,Delhi,Cab,Card,1.03,3.6,104.42,1.34,High,Clear,Cancelled,Customer,13.0
B01070,C0362,D0041,2026-02-05 22:00:00,Wakad,Kharadi,Pune,Bike,Card,7.3,26.8,83.8,1.42,High,Clear,Completed,Unknown,7.1
B01071,C0354,D0058,2026-01-23 15:55:00,Bandra,Colaba,Mumbai,Cab,Card,5.64,13.0,168.96,1.09,Low,Clear,Completed,Unknown,2.7
B01072,C0081,D0128,2026-01-03 03:52:00,Banjara Hills,Gachibowli,Hyderabad,Cab,Cash,3.96,9.9,145.44,1.02,Medium,Clear,Completed,Unknown,2.9
B01073,C0276,D0062,2026-02-04 03:05:00,Secunderabad,Gachibowli,Hyderabad,Cab,UPI,9.86,28.5,228.04,1.29,Medium,Rain,Cancelled,Driver,9.7
B01074,C0251,D0073,2026-01-05 13:44:00,Secunderabad,Ameerpet,Hyderabad,Cab,UPI,8.01,29.9,202.14,1.64,High,Rain,Completed,Unknown,3.7
B01075,C0373,D0037,2026-01-03 22:36:00,Kothrud,Baner,Pune,Bike,Card,15.63,42.0,133.78,1.05,Medium,Clear,Completed,Unknown,2.0
B01076,C0187,D0127,2026-01-24 18:58:00,Baner,Kothrud,Pune,Bike,Cash,2.2,8.2,53.2,1.72,High,Cloudy,Completed,Unknown,4.6
B01077,C0080,D0072,2026-02-11 06:11:00,Kothrud,Wakad,Pune,Cab,UPI,18.82,42.3,353.48,1.27,Medium,Rain,Completed,Unknown,8.1
B01078,C0176,D0076,2026-03-31 00:35:00,Hauz Khas,Dwarka,Delhi,Bike,Card,6.85,13.4,81.1,1.08,Low,Clear,Cancelled,Customer,5.4
B01079,C0215,D0023,2026-03-18 11:25:00,Ameerpet,Kukatpally,Hyderabad,Auto,Card,6.15,21.0,115.35,1.38,High,Clear,Completed,Unknown,7.4
B01080,C0249,D0139,2026-03-31 04:49:00,Madhapur,Kukatpally,Hyderabad,Auto,Cash,8.11,21.9,132.99,1.09,Medium,Clear,Completed,Unknown,0.0
B01081,C0044,D0105,2026-02-14 00:49:00,Secunderabad,Kukatpally,Hyderabad,Auto,UPI,2.46,4.9,82.14,1.02,Low,Clear,Cancelled,Customer,0.0
B01082,C0240,D0137,2026-02-08 08:21:00,Koramangala,Electronic City,Bengaluru,Auto,Cash,15.12,57.2,196.08,1.78,High,Clear,Cancelled,Driver,11.8
B01083,C0372,D0131,2026-03-17 22:42:00,Wakad,Kothrud,Pune,Cab,Cash,3.96,7.1,145.44,1.07,Low,Clear,Completed,Unknown,5.0
B01084,C0204,D0049,2026-03-03 16:32:00,Kukatpally,Gachibowli,Hyderabad,Bike,UPI,1.91,7.7,51.46,1.35,High,Cloudy,Completed,Unknown,8.3
B01085,C0296,D0079,2026-03-15 12:07:00,MG Road,Koramangala,Bengaluru,Cab,Wallet,2.81,6.0,129.34,1.12,Medium,Cloudy,Cancelled,Customer,0.0
B01086,C0173,D0034,2026-02-15 03:29:00,Baner,Wakad,Pune,Cab,Wallet,7.09,13.2,189.26,1.05,Low,Cloudy,Completed,Unknown,7.6
B01087,C0228,D0044,2026-02-11 09:30:00,Wakad,Kharadi,Pune,Bike,UPI,3.31,10.0,59.86,1.5,Medium,Cloudy,Completed,Unknown,4.6
B01088,C0258,D0080,2026-03-28 04:19:00,Banjara Hills,Secunderabad,Hyderabad,Auto,Card,5.08,15.9,105.72,1.43,High,Clear,Completed,Unknown,3.7
B01089,C0344,D0063,2026-03-19 13:57:00,Colaba,Malad,Mumbai,Auto,Card,13.33,40.8,179.97,1.1,Medium,Clear,Completed,Unknown,2.0
B01090,C0207,D0096,2026-02-06 23:46:00,Gachibowli,Banjara Hills,Hyderabad,Cab,Wallet,1.11,2.0,105.54,1.0,Low,Clear,Completed,Unknown,0.0
B01091,C0115,D0072,2026-03-17 06:28:00,Dwarka,Rohini,Delhi,Cab,UPI,5.57,14.1,167.98,1.12,Medium,Cloudy,Completed,Unknown,3.8
B01092,C0235,D0092,2026-03-31 03:09:00,Hinjewadi,Kharadi,Pune,Bike,Cash,5.94,18.4,75.64,1.01,Medium,Clear,Completed,Unknown,1.2
B01093,C0036,D0123,2026-02-17 02:28:00,Powai,Bandra,Mumbai,Bike,Wallet,5.41,12.3,72.46,1.02,Low,Smog,Cancelled,Customer,6.5
B01094,C0178,D0093,2026-03-22 21:33:00,Wakad,Kharadi,Pune,Cab,UPI,5.76,15.4,170.64,1.15,Medium,Cloudy,Completed,Unknown,5.3
B01095,C0192,D0048,2026-01-31 16:06:00,Janakpuri,Lajpat Nagar,Delhi,Cab,Card,11.41,24.8,249.74,1.02,Low,Clear,Cancelled,Driver,1.4
B01096,C0119,D0089,2026-03-30 21:37:00,Andheri,Bandra,Mumbai,Cab,Wallet,1.86,4.3,116.04,1.03,Low,Cloudy,Completed,Unknown,0.0
B01097,C0139,D0137,2026-02-06 12:35:00,Borivali,Malad,Mumbai,Cab,UPI,5.84,13.0,171.76,1.12,Low,Clear,Completed,Unknown,9.6
B01098,C0089,D0098,2026-01-08 13:43:00,Rohini,Dwarka,Delhi,Cab,UPI,14.66,48.8,295.24,1.31,High,Smog,Cancelled,Customer,5.8
B01099,C0027,D0049,2026-03-31 19:29:00,Viman Nagar,Kothrud,Pune,Auto,UPI,7.05,16.1,123.45,1.42,Medium,Clear,Completed,Unknown,11.3
B01100,C0088,D0085,2026-01-25 22:12:00,Banjara Hills,Gachibowli,Hyderabad,Bike,Card,5.06,15.2,70.36,1.37,High,Clear,Completed,Unknown,7.3
B01101,C0261,D0090,2026-03-21 07:57:00,Kharadi,Kothrud,Pune,Bike,Cash,3.64,8.8,61.84,1.45,Medium,Clear,Cancelled,Customer,6.2
B01102,C0090,D0007,2026-02-13 22:37:00,Kukatpally,Gachibowli,Hyderabad,Auto,UPI,1.11,2.4,69.99,1.11,Medium,Clear,Completed,Unknown,0.0
B01103,C0158,D0090,2026-03-10 17:05:00,Kothrud,Baner,Pune,Cab,Cash,6.32,13.4,178.48,1.63,Medium,Rain,Cancelled,Customer,2.1
B01104,C0178,D0097,2026-02-09 00:33:00,Dadar,Malad,Mumbai,Auto,UPI,1.75,5.1,75.75,1.34,Medium,Rain,Cancelled,Driver,3.1
B01105,C0391,D0136,2026-02-04 22:40:00,Secunderabad,Ameerpet,Hyderabad,Cab,UPI,11.19,24.5,246.66,1.01,Medium,Cloudy,Completed,Unknown,0.0
B01106,C0283,D0093,2026-01-09 18:27:00,Ameerpet,Banjara Hills,Hyderabad,Bike,UPI,13.93,36.6,123.58,1.42,Medium,Clear,Completed,Unknown,2.4
B01107,C0288,D0130,2026-01-11 09:50:00,Koramangala,HSR Layout,Bengaluru,Auto,Card,1.47,5.6,73.23,1.85,High,Clear,Completed,Unknown,8.3
B01108,C0363,D0121,2026-02-15 20:06:00,Bandra,Chembur,Mumbai,Bike,UPI,13.39,25.4,120.34,1.3,Low,Rain,Completed,Unknown,0.7
B01109,C0367,D0130,2026-02-12 18:38:00,Baner,Wakad,Pune,Bike,Card,2.72,10.2,56.32,1.79,High,Cloudy,Cancelled,Driver,5.3
B01110,C0213,D0122,2026-01-27 09:40:00,Madhapur,Secunderabad,Hyderabad,Cab,UPI,3.56,11.7,139.84,1.81,High,Clear,Completed,Unknown,3.2
B01111,C0067,D0120,2026-03-06 02:33:00,Pitampura,Lajpat Nagar,Delhi,Cab,Cash,2.25,4.3,121.5,1.13,Low,Clear,Completed,Unknown,0.9
B01112,C0104,D0109,2026-01-18 09:31:00,Kukatpally,Gachibowli,Hyderabad,Bike,Cash,8.04,25.8,88.24,1.83,High,Clear,Cancelled,Driver,2.0
B01113,C0033,D0021,2026-03-11 00:48:00,Kothrud,Wakad,Pune,Bike,Cash,2.58,10.0,55.48,1.42,High,Clear,Completed,Unknown,3.0
B01114,C0168,D0133,2026-03-07 11:17:00,Lajpat Nagar,Dwarka,Delhi,Cab,Card,3.92,7.1,144.88,1.15,Low,Clear,Completed,Unknown,2.4
B01115,C0277,D0004,2026-01-11 22:16:00,Karol Bagh,Janakpuri,Delhi,Cab,Cash,6.05,10.6,174.7,1.03,Low,Clear,Completed,Unknown,13.0
B01116,C0092,D0120,2026-01-08 16:35:00,Borivali,Dadar,Mumbai,Bike,Cash,14.51,37.1,127.06,1.05,Medium,Clear,Cancelled,Customer,3.5
B01117,C0293,D0078,2026-02-02 18:59:00,Kharadi,Hinjewadi,Pune,Auto,UPI,1.16,3.7,70.44,1.79,High,Clear,Cancelled,Driver,3.9
B01118,C0196,D0144,2026-03-24 17:24:00,Malad,Chembur,Mumbai,Cab,Cash,2.17,4.5,120.38,1.4,Low,Clear,Completed,Unknown,0.0
B01119,C0162,D0034,2026-02-09 22:27:00,Madhapur,Gachibowli,Hyderabad,Bike,Cash,2.73,4.6,56.38,1.02,Low,Clear,Completed,Unknown,3.8
B01120,C0323,D0089,2026-03-16 22:09:00,Viman Nagar,Baner,Pune,Cab,UPI,1.2,4.6,106.8,1.3,High,Clear,Cancelled,Driver,3.2
B01121,C0094,D0124,2026-01-10 11:33:00,Chembur,Borivali,Mumbai,Cab,UPI,15.0,26.8,300.0,1.07,Low,Clear,Completed,Unknown,1.5
B01122,C0269,D0031,2026-03-13 23:32:00,Ameerpet,Gachibowli,Hyderabad,Cab,Cash,9.81,21.2,227.34,1.01,Low,Cloudy,Completed,Unknown,4.8
B01123,C0033,D0076,2026-02-06 19:30:00,Bandra,Chembur,Mumbai,Auto,UPI,1.97,6.1,77.73,1.52,Medium,Clear,Completed,Unknown,1.3
B01124,C0386,D0008,2026-01-21 19:19:00,Madhapur,Gachibowli,Hyderabad,Auto,UPI,3.61,9.4,92.49,1.46,Medium,Clear,Completed,Unknown,8.4
B01125,C0213,D0017,2026-02-07 23:50:00,Viman Nagar,Wakad,Pune,Bike,UPI,9.17,20.9,95.02,1.06,Low,Clear,Cancelled,Driver,4.4
B01126,C0105,D0050,2026-02-03 10:05:00,Borivali,Bandra,Mumbai,Bike,UPI,7.03,13.0,82.18,1.14,Low,Cloudy,Completed,Unknown,0.0
B01127,C0304,D0018,2026-02-13 02:53:00,Kothrud,Wakad,Pune,Auto,UPI,12.56,38.7,173.04,1.02,Medium,Clear,Completed,Unknown,4.4
B01128,C0277,D0045,2026-03-21 04:28:00,Electronic City,Whitefield,Bengaluru,Bike,Cash,1.12,2.8,46.72,1.04,Medium,Cloudy,Incomplete,Unknown,1.9
B01129,C0016,D0128,2026-03-07 04:28:00,Secunderabad,Kukatpally,Hyderabad,Bike,Cash,14.37,33.1,126.22,1.33,Low,Rain,Completed,Unknown,6.5
B01130,C0307,D0076,2026-03-26 22:46:00,Wakad,Baner,Pune,Auto,Wallet,5.63,12.6,110.67,1.09,Low,Clear,Completed,Unknown,0.8
B01131,C0207,D0127,2026-01-12 21:58:00,Secunderabad,Gachibowli,Hyderabad,Auto,Wallet,4.66,8.2,101.94,1.33,Low,Rain,Completed,Unknown,0.8
B01132,C0271,D0016,2026-01-20 06:05:00,Malad,Powai,Mumbai,Auto,Card,7.45,15.7,127.05,1.13,Medium,Clear,Cancelled,Customer,2.0
B01133,C0071,D0060,2026-02-02 20:50:00,Electronic City,Indiranagar,Bengaluru,Bike,Cash,5.33,18.5,71.98,1.42,High,Cloudy,Completed,Unknown,4.9
B01134,C0331,D0025,2026-03-07 16:36:00,MG Road,Marathahalli,Bengaluru,Bike,UPI,2.14,4.8,52.84,1.11,Low,Clear,Completed,Unknown,1.2
B01135,C0192,D0003,2026-02-16 04:50:00,Dadar,Bandra,Mumbai,Bike,UPI,12.09,24.8,112.54,1.08,Low,Cloudy,Cancelled,Customer,0.0
B01136,C0157,D0140,2026-03-30 05:46:00,Lajpat Nagar,Dwarka,Delhi,Cab,Card,4.07,14.7,146.98,1.42,High,Cloudy,Completed,Unknown,8.0
B01137,C0149,D0126,2026-03-15 02:11:00,Madhapur,Secunderabad,Hyderabad,Cab,UPI,1.62,3.6,112.68,1.24,Medium,Rain,Completed,Unknown,7.5
B01138,C0306,D0076,2026-01-04 02:37:00,Wakad,Viman Nagar,Pune,Bike,Cash,11.81,26.5,110.86,1.29,Medium,Rain,Cancelled,Customer,6.6
B01139,C0047,D0030,2026-03-01 17:14:00,Kharadi,Baner,Pune,Auto,Card,2.74,5.2,84.66,1.74,Low,Rain,Completed,Unknown,0.0
B01140,C0400,D0014,2026-02-04 03:38:00,Hinjewadi,Wakad,Pune,Cab,UPI,4.68,13.4,155.52,1.02,Medium,Clear,Completed,Unknown,0.8
B01141,C0364,D0024,2026-01-02 15:33:00,Madhapur,Ameerpet,Hyderabad,Auto,Card,3.07,10.7,87.63,1.44,High,Clear,Completed,Unknown,1.3
B01142,C0297,D0131,2026-01-24 13:24:00,Ameerpet,Kukatpally,Hyderabad,Auto,Card,7.21,13.6,124.89,1.09,Low,Clear,Completed,Unknown,1.0
B01143,C0393,D0121,2026-02-18 12:59:00,Madhapur,Kukatpally,Hyderabad,Cab,Card,4.51,18.1,153.14,1.57,High,Rain,Completed,Unknown,3.4
B01144,C0024,D0005,2026-03-31 20:14:00,Kukatpally,Gachibowli,Hyderabad,Auto,UPI,4.19,7.8,97.71,1.06,Low,Clear,Completed,Unknown,8.9
B01145,C0052,D0022,2026-03-19 01:05:00,Ameerpet,Gachibowli,Hyderabad,Auto,UPI,14.91,41.9,194.19,1.15,Medium,Clear,Completed,Unknown,6.0
B01146,C0265,D0096,2026-02-25 13:13:00,Kharadi,Wakad,Pune,Cab,UPI,1.76,3.7,114.64,1.09,Low,Cloudy,Completed,Unknown,0.0
B01147,C0400,D0069,2026-03-19 18:56:00,Noida Sector 18,Rohini,Delhi,Auto,Card,9.46,31.5,145.14,1.82,High,Clear,Cancelled,Customer,0.3
B01148,C0219,D0132,2026-02-07 18:23:00,Electronic City,MG Road,Bengaluru,Bike,Card,7.97,22.0,87.82,1.46,Medium,Clear,Completed,Unknown,4.4
B01149,C0074,D0068,2026-01-24 19:21:00,Electronic City,Whitefield,Bengaluru,Cab,Cash,6.04,13.8,174.56,1.48,Medium,Clear,Completed,Unknown,2.6
B01150,C0336,D0079,2026-01-31 05:46:00,Bandra,Chembur,Mumbai,Bike,Cash,3.27,10.7,59.62,1.56,High,Rain,Cancelled,Customer,4.9
B01151,C0037,D0072,2026-02-03 02:53:00,Indiranagar,Whitefield,Bengaluru,Cab,Cash,4.23,11.4,149.22,1.07,Medium,Clear,Completed,Unknown,5.6
B01152,C0238,D0126,2026-03-13 21:29:00,Banjara Hills,Ameerpet,Hyderabad,Bike,Cash,1.97,3.3,51.82,1.07,Low,Clear,Completed,Unknown,11.4
B01153,C0058,D0049,2026-03-05 04:41:00,Wakad,Baner,Pune,Cab,UPI,3.88,7.6,144.32,1.03,Low,Clear,Completed,Unknown,8.5
B01154,C0283,D0139,2026-02-14 16:16:00,Andheri,Powai,Mumbai,Cab,Card,3.14,12.7,133.96,1.42,High,Clear,Cancelled,Customer,3.3
B01155,C0075,D0034,2026-01-17 05:11:00,HSR Layout,Marathahalli,Bengaluru,Auto,UPI,4.0,8.1,96.0,1.08,Low,Cloudy,Completed,Unknown,0.0
B01156,C0174,D0075,2026-03-12 21:48:00,Electronic City,MG Road,Bengaluru,Auto,UPI,4.17,9.6,97.53,1.06,Medium,Clear,Completed,Unknown,5.6
B01157,C0043,D0130,2026-01-18 00:17:00,Banjara Hills,Secunderabad,Hyderabad,Cab,UPI,8.75,19.8,212.5,1.13,Low,Clear,Completed,Unknown,2.3
B01158,C0309,D0094,2026-03-27 02:25:00,Baner,Hinjewadi,Pune,Cab,Cash,1.01,3.1,104.14,1.08,Medium,Clear,Completed,Unknown,4.2
B01159,C0095,D0010,2026-01-11 15:49:00,Baner,Kharadi,Pune,Cab,UPI,4.36,8.1,151.04,1.34,Low,Rain,Completed,Unknown,3.9
B01160,C0002,D0068,2026-03-30 20:34:00,Kothrud,Baner,Pune,Cab,Cash,6.29,12.2,178.06,1.01,Low,Clear,Completed,Unknown,0.9
B01161,C0188,D0118,2026-03-07 18:10:00,Dwarka,Rohini,Delhi,Cab,UPI,1.77,5.4,114.78,1.68,Medium,Rain,Completed,Unknown,6.6
B01162,C0288,D0016,2026-03-05 03:08:00,Viman Nagar,Wakad,Pune,Bike,UPI,2.52,5.6,55.12,1.03,Medium,Cloudy,Completed,Unknown,0.0
B01163,C0013,D0084,2026-02-18 18:09:00,MG Road,Jayanagar,Bengaluru,Auto,UPI,10.21,23.2,151.89,1.75,Medium,Rain,Cancelled,Customer,0.3
B01164,C0187,D0087,2026-01-01 15:43:00,Gachibowli,Kukatpally,Hyderabad,Auto,Card,2.09,6.4,78.81,1.37,High,Cloudy,Completed,Unknown,15.8
B01165,C0279,D0021,2026-02-10 16:46:00,Lajpat Nagar,Connaught Place,Delhi,Cab,Card,1.51,2.7,111.14,1.14,Low,Clear,Completed,Unknown,4.1
B01166,C0055,D0126,2026-01-15 01:24:00,Madhapur,Ameerpet,Hyderabad,Cab,Card,5.76,17.3,170.64,1.4,High,Clear,Completed,Unknown,7.5
B01167,C0129,D0113,2026-01-07 18:26:00,Pitampura,Lajpat Nagar,Delhi,Cab,UPI,2.2,4.8,120.8,1.51,Low,Cloudy,Completed,Unknown,0.0
B01168,C0304,D0031,2026-02-25 13:27:00,Janakpuri,Lajpat Nagar,Delhi,Cab,Card,4.16,8.8,148.24,1.15,Medium,Clear,Completed,Unknown,7.0
B01169,C0245,D0095,2026-02-16 18:02:00,MG Road,Koramangala,Bengaluru,Bike,UPI,6.71,14.2,80.26,1.4,Low,Clear,Completed,Unknown,1.5
B01170,C0206,D0003,2026-02-14 09:31:00,Hinjewadi,Baner,Pune,Bike,Cash,14.61,42.7,127.66,1.54,Medium,Clear,Completed,Unknown,0.0
B01171,C0213,D0090,2026-02-05 12:55:00,Janakpuri,Rohini,Delhi,Bike,Cash,4.27,9.6,65.62,1.0,Medium,Clear,Completed,Unknown,3.0
B01172,C0074,D0015,2026-03-16 17:58:00,Secunderabad,Madhapur,Hyderabad,Auto,UPI,11.06,34.9,159.54,1.84,High,Clear,Completed,Unknown,10.3
B01173,C0071,D0063,2026-02-21 22:36:00,Marathahalli,Jayanagar,Bengaluru,Bike,UPI,9.81,17.5,98.86,1.06,Low,Cloudy,Completed,Unknown,0.0
B01174,C0310,D0012,2026-03-07 10:10:00,MG Road,Jayanagar,Bengaluru,Bike,Cash,1.11,2.1,46.66,1.15,Low,Clear,Cancelled,Customer,3.3
B01175,C0161,D0072,2026-02-23 02:05:00,Pitampura,Connaught Place,Delhi,Bike,UPI,7.21,14.3,83.26,1.08,Low,Clear,Completed,Unknown,6.0
B01176,C0083,D0031,2026-02-25 17:40:00,Madhapur,Secunderabad,Hyderabad,Cab,Card,4.49,15.1,152.86,1.79,High,Clear,Completed,Unknown,10.1
B01177,C0206,D0120,2026-02-04 01:08:00,Malad,Powai,Mumbai,Cab,UPI,20.44,37.7,376.16,1.12,Low,Clear,Completed,Unknown,7.1
B01178,C0008,D0128,2026-02-14 17:35:00,Kharadi,Viman Nagar,Pune,Cab,Wallet,8.63,27.3,210.82,1.74,High,Clear,Cancelled,Customer,5.1
B01179,C0126,D0042,2026-02-03 10:05:00,Koramangala,Jayanagar,Bengaluru,Cab,Card,1.12,4.1,105.68,1.62,High,Rain,Cancelled,Customer,7.6
B01180,C0334,D0092,2026-01-15 17:13:00,Marathahalli,Jayanagar,Bengaluru,Auto,UPI,2.42,9.0,81.78,1.77,High,Cloudy,Completed,Unknown,2.9
B01181,C0325,D0060,2026-01-18 10:19:00,MG Road,Jayanagar,Bengaluru,Bike,UPI,1.56,3.3,49.36,1.34,Low,Rain,Completed,Unknown,4.6
B01182,C0196,D0008,2026-03-25 16:06:00,Malad,Powai,Mumbai,Cab,Card,2.04,6.0,118.56,1.42,High,Cloudy,Completed,Unknown,7.1
B01183,C0341,D0013,2026-01-04 16:23:00,Noida Sector 18,Connaught Place,Delhi,Auto,UPI,17.33,46.4,215.97,1.13,Medium,Cloudy,Completed,Unknown,3.3
B01184,C0390,D0018,2026-02-24 23:47:00,Whitefield,Indiranagar,Bengaluru,Cab,Cash,6.81,12.0,185.34,1.02,Low,Clear,Completed,Unknown,0.5
B01185,C0334,D0044,2026-01-04 05:16:00,Kharadi,Baner,Pune,Bike,UPI,23.87,52.1,183.22,1.13,Low,Clear,Completed,Unknown,7.4
B01186,C0115,D0095,2026-01-22 18:07:00,Kothrud,Hinjewadi,Pune,Auto,Wallet,1.2,4.4,70.8,1.74,High,Clear,Completed,Unknown,7.5
B01187,C0217,D0112,2026-02-12 00:48:00,Baner,Hinjewadi,Pune,Bike,UPI,29.39,60.8,216.34,1.14,Low,Clear,Cancelled,Driver,11.3
B01188,C0236,D0020,2026-01-21 23:39:00,Karol Bagh,Dwarka,Delhi,Auto,Wallet,2.86,4.6,85.74,1.14,Low,Clear,Cancelled,Driver,0.0
B01189,C0073,D0121,2026-03-12 02:06:00,Karol Bagh,Dwarka,Delhi,Auto,UPI,16.78,29.9,211.02,1.13,Low,Cloudy,Cancelled,Customer,2.8
B01190,C0277,D0003,2026-02-01 14:17:00,Gachibowli,Madhapur,Hyderabad,Auto,UPI,1.64,3.0,74.76,1.03,Low,Clear,Completed,Unknown,2.2
B01191,C0063,D0033,2026-01-26 13:49:00,Pitampura,Karol Bagh,Delhi,Auto,UPI,1.9,4.8,77.1,1.09,Medium,Clear,Completed,Unknown,1.7
B01192,C0236,D0039,2026-03-26 11:41:00,MG Road,Whitefield,Bengaluru,Auto,Wallet,18.07,49.9,222.63,1.33,Medium,Rain,Cancelled,Customer,6.2
B01193,C0106,D0026,2026-01-25 15:00:00,Baner,Viman Nagar,Pune,Cab,Card,4.07,7.1,146.98,1.03,Low,Clear,Cancelled,Driver,6.8
B01194,C0022,D0005,2026-03-30 02:45:00,Wakad,Hinjewadi,Pune,Cab,Card,5.48,13.9,166.72,1.11,Medium,Clear,Completed,Unknown,5.7
B01195,C0046,D0072,2026-01-23 07:03:00,Chembur,Bandra,Mumbai,Cab,UPI,6.5,19.2,181.0,1.41,Medium,Clear,Completed,Unknown,0.8
B01196,C0329,D0103,2026-03-26 06:39:00,Andheri,Malad,Mumbai,Auto,Card,2.72,7.0,84.48,1.03,Medium,Cloudy,Completed,Unknown,0.0
B01197,C0120,D0084,2026-03-14 01:21:00,Madhapur,Ameerpet,Hyderabad,Cab,UPI,5.77,19.3,170.78,1.4,High,Cloudy,Completed,Unknown,5.2
B01198,C0278,D0136,2026-01-21 18:26:00,Madhapur,Ameerpet,Hyderabad,Bike,UPI,11.17,20.0,107.02,1.73,Low,Rain,Completed,Unknown,0.0
B01199,C0347,D0035,2026-03-02 21:36:00,Borivali,Powai,Mumbai,Bike,UPI,12.38,25.9,114.28,1.08,Low,Cloudy,Completed,Unknown,0.9
B01200,C0241,D0062,2026-01-07 16:35:00,Viman Nagar,Kothrud,Pune,Cab,Cash,1.97,3.6,117.58,1.04,Low,Clear,Completed,Unknown,9.7
B01201,C0104,D0131,2026-03-12 11:28:00,Malad,Dadar,Mumbai,Cab,Card,1.13,2.5,105.82,1.12,Medium,Cloudy,Completed,Unknown,2.6
B01202,C0153,D0116,2026-03-06 23:48:00,Kukatpally,Gachibowli,Hyderabad,Auto,UPI,2.06,4.4,78.54,1.1,Low,Clear,Completed,Unknown,0.0
B01203,C0043,D0092,2026-01-01 19:23:00,Whitefield,HSR Layout,Bengaluru,Cab,Card,5.56,16.4,167.84,1.91,High,Rain,Cancelled,Customer,3.1
B01204,C0105,D0049,2026-03-21 05:36:00,Kharadi,Wakad,Pune,Cab,Card,7.22,26.4,191.08,1.56,High,Rain,Cancelled,Customer,8.5
B01205,C0002,D0072,2026-03-06 10:55:00,Electronic City,Whitefield,Bengaluru,Bike,UPI,15.85,28.2,135.1,1.05,Low,Cloudy,Cancelled,Driver,4.3
B01206,C0013,D0019,2026-03-31 23:38:00,Koramangala,Whitefield,Bengaluru,Auto,UPI,2.2,8.4,79.8,1.42,High,Clear,Completed,Unknown,9.6
B01207,C0330,D0093,2026-03-30 11:49:00,Indiranagar,Marathahalli,Bengaluru,Auto,Cash,10.24,19.6,152.16,1.3,Low,Rain,Incomplete,Unknown,11.4
B01208,C0262,D0093,2026-03-11 00:41:00,Secunderabad,Banjara Hills,Hyderabad,Bike,UPI,9.54,27.4,97.24,1.06,Medium,Smog,Completed,Unknown,6.6
B01209,C0157,D0122,2026-01-26 09:34:00,Koramangala,Jayanagar,Bengaluru,Auto,Cash,5.25,17.3,107.25,1.84,High,Cloudy,Completed,Unknown,6.5
B01210,C0224,D0008,2026-02-04 16:09:00,Banjara Hills,Madhapur,Hyderabad,Cab,Card,22.16,46.1,400.24,1.11,Low,Cloudy,Cancelled,Driver,6.0
B01211,C0103,D0042,2026-01-31 10:00:00,Gachibowli,Madhapur,Hyderabad,Bike,Card,8.2,31.0,89.2,1.39,High,Clear,Completed,Unknown,0.2
B01212,C0150,D0144,2026-03-10 12:36:00,Ameerpet,Kukatpally,Hyderabad,Auto,UPI,16.8,35.3,211.2,1.14,Low,Clear,Completed,Unknown,3.3
B01213,C0134,D0120,2026-03-17 01:13:00,Andheri,Chembur,Mumbai,Bike,Card,9.28,17.6,95.68,1.02,Low,Clear,Completed,Unknown,5.2
B01214,C0137,D0071,2026-03-16 07:03:00,Andheri,Dadar,Mumbai,Cab,Cash,45.0,101.8,720.0,1.48,Low,Clear,Cancelled,Customer,0.0
B01215,C0095,D0085,2026-03-07 00:08:00,Kukatpally,Madhapur,Hyderabad,Auto,Cash,9.69,24.3,147.21,1.09,Medium,Cloudy,Completed,Unknown,0.9
B01216,C0005,D0090,2026-02-27 04:05:00,Kothrud,Baner,Pune,Auto,UPI,19.15,49.2,232.35,1.07,Medium,Cloudy,Completed,Unknown,2.1
B01217,C0118,D0080,2026-03-22 00:27:00,Ameerpet,Gachibowli,Hyderabad,Auto,Cash,17.11,38.5,213.99,1.04,Low,Clear,Completed,Unknown,5.2
B01218,C0101,D0033,2026-03-15 05:50:00,Powai,Bandra,Mumbai,Auto,Cash,6.93,28.2,122.37,1.41,High,Clear,Cancelled,Driver,2.7
B01219,C0024,D0131,2026-01-26 01:27:00,Chembur,Colaba,Mumbai,Auto,UPI,10.96,32.0,158.64,1.07,Medium,Clear,Completed,Unknown,3.2
B01220,C0261,D0063,2026-01-30 12:24:00,Electronic City,Jayanagar,Bengaluru,Bike,Cash,5.02,10.3,70.12,1.1,Low,Clear,Completed,Unknown,1.4
B01221,C0191,D0078,2026-02-20 22:15:00,Powai,Colaba,Mumbai,Cab,UPI,2.82,5.9,129.48,1.11,Medium,Cloudy,Cancelled,Customer,3.6
B01222,C0234,D0144,2026-01-18 03:37:00,Hauz Khas,Connaught Place,Delhi,Cab,Cash,5.3,11.4,164.2,1.04,Medium,Clear,Cancelled,Customer,8.6
B01223,C0091,D0137,2026-03-03 06:51:00,Gachibowli,Kukatpally,Hyderabad,Auto,UPI,2.71,6.4,84.39,1.08,Low,Clear,Completed,Unknown,4.1
B01224,C0200,D0072,2026-01-17 09:23:00,Colaba,Dadar,Mumbai,Cab,Wallet,18.57,38.8,349.98,1.44,Medium,Clear,Completed,Unknown,2.8
B01225,C0215,D0053,2026-03-12 13:02:00,Ameerpet,Banjara Hills,Hyderabad,Bike,UPI,8.18,20.8,89.08,1.03,Medium,Clear,Completed,Unknown,6.5
B01226,C0258,D0041,2026-03-23 10:49:00,Jayanagar,Indiranagar,Bengaluru,Auto,Cash,2.94,9.1,86.46,1.27,Medium,Rain,Cancelled,Customer,0.0
B01227,C0240,D0056,2026-01-15 14:02:00,Kothrud,Hinjewadi,Pune,Auto,Cash,2.57,4.2,83.13,1.05,Low,Smog,Completed,Unknown,0.4
B01228,C0155,D0033,2026-03-21 23:06:00,Rohini,Janakpuri,Delhi,Auto,Wallet,2.45,5.4,82.05,1.03,Low,Smog,Completed,Unknown,5.6
B01229,C0366,D0077,2026-02-14 22:16:00,Marathahalli,Indiranagar,Bengaluru,Bike,Cash,2.83,10.2,56.98,1.4,High,Cloudy,Incomplete,Unknown,2.9
B01230,C0011,D0121,2026-03-01 03:27:00,Kothrud,Hinjewadi,Pune,Cab,Wallet,4.83,10.4,157.62,1.07,Medium,Cloudy,Completed,Unknown,1.1
B01231,C0262,D0114,2026-02-02 03:03:00,Indiranagar,Jayanagar,Bengaluru,Auto,UPI,6.95,25.4,122.55,1.4,High,Cloudy,Completed,Unknown,4.1
B01232,C0375,D0140,2026-02-09 22:19:00,Dwarka,Janakpuri,Delhi,Auto,UPI,2.67,5.9,84.03,1.25,Low,Rain,Completed,Unknown,4.6
B01233,C0323,D0017,2026-02-15 15:40:00,Powai,Dadar,Mumbai,Cab,UPI,18.36,53.7,347.04,1.25,Medium,Rain,Incomplete,Unknown,1.5
B01234,C0122,D0087,2026-03-27 23:21:00,Gachibowli,Banjara Hills,Hyderabad,Bike,UPI,1.7,3.7,50.2,1.12,Medium,Clear,Cancelled,Customer,7.6
B01235,C0212,D0088,2026-02-09 02:13:00,Malad,Dadar,Mumbai,Auto,UPI,1.54,3.5,73.86,1.07,Low,Clear,Completed,Unknown,2.7
B01236,C0068,D0137,2026-02-02 07:08:00,Janakpuri,Connaught Place,Delhi,Cab,Cash,11.6,20.1,252.4,1.61,Low,Rain,Incomplete,Unknown,6.1
B01237,C0190,D0050,2026-02-15 02:24:00,Madhapur,Banjara Hills,Hyderabad,Auto,Card,7.08,15.2,123.72,1.08,Low,Cloudy,Completed,Unknown,0.0
B01238,C0227,D0127,2026-01-01 11:01:00,Madhapur,Gachibowli,Hyderabad,Bike,Card,5.58,14.0,73.48,1.09,Medium,Clear,Completed,Unknown,0.0
B01239,C0064,D0053,2026-03-07 14:48:00,Secunderabad,Gachibowli,Hyderabad,Bike,UPI,10.53,29.4,103.18,1.36,High,Clear,Completed,Unknown,6.9
B01240,C0040,D0003,2026-01-03 07:24:00,Banjara Hills,Kukatpally,Hyderabad,Auto,Cash,1.72,5.2,75.48,1.76,High,Cloudy,Completed,Unknown,5.5
B01241,C0310,D0058,2026-01-01 01:02:00,MG Road,Koramangala,Bengaluru,Auto,Card,11.89,34.6,167.01,1.0,Medium,Clear,Cancelled,Driver,3.4
B01242,C0366,D0032,2026-01-04 06:15:00,Lajpat Nagar,Noida Sector 18,Delhi,Bike,Cash,1.43,4.6,48.58,1.6,High,Rain,Cancelled,Driver,0.6
B01243,C0080,D0114,2026-01-03 15:08:00,Bandra,Chembur,Mumbai,Cab,Wallet,2.26,5.8,121.64,1.04,Medium,Cloudy,Completed,Unknown,4.1
B01244,C0085,D0073,2026-01-12 21:09:00,Koramangala,MG Road,Bengaluru,Auto,UPI,1.83,5.1,76.47,1.37,High,Cloudy,Cancelled,Driver,6.8
B01245,C0172,D0018,2026-02-18 08:48:00,Dadar,Powai,Mumbai,Cab,Card,41.23,145.0,667.22,1.77,High,Clear,Completed,Unknown,5.4
B01246,C0135,D0060,2026-01-18 11:37:00,Marathahalli,MG Road,Bengaluru,Auto,Wallet,3.57,7.9,92.13,1.14,Low,Cloudy,Cancelled,Driver,0.0
B01247,C0297,D0034,2026-03-17 13:30:00,Malad,Powai,Mumbai,Bike,UPI,1.12,2.6,46.72,1.11,Low,Clear,Completed,Unknown,2.9
B01248,C0297,D0120,2026-01-12 21:51:00,Marathahalli,HSR Layout,Bengaluru,Cab,UPI,3.95,8.8,145.3,1.1,Medium,Clear,Cancelled,Customer,3.9
B01249,C0138,D0024,2026-02-24 08:06:00,Wakad,Hinjewadi,Pune,Auto,UPI,3.88,8.9,94.92,1.62,Low,Rain,Completed,Unknown,2.4
B01250,C0269,D0103,2026-03-06 13:14:00,Jayanagar,Indiranagar,Bengaluru,Bike,Card,8.46,19.0,90.76,1.11,Low,Clear,Completed,Unknown,8.7
B01251,C0297,D0098,2026-03-09 03:27:00,Saket,Karol Bagh,Delhi,Auto,UPI,3.83,6.5,94.47,1.26,Low,Rain,Cancelled,Customer,1.0
B01252,C0158,D0095,2026-03-12 07:51:00,Gachibowli,Ameerpet,Hyderabad,Bike,UPI,3.9,9.2,63.4,1.46,Medium,Clear,Completed,Unknown,0.4
B01253,C0131,D0137,2026-03-10 17:10:00,Jayanagar,Electronic City,Bengaluru,Auto,UPI,16.47,50.0,208.23,1.4,Medium,Cloudy,Completed,Unknown,0.0
B01254,C0131,D0041,2026-03-19 18:41:00,Whitefield,Indiranagar,Bengaluru,Bike,UPI,7.9,31.8,87.4,1.76,High,Cloudy,Completed,Unknown,4.0
B01255,C0331,D0140,2026-03-27 05:35:00,Karol Bagh,Rohini,Delhi,Auto,Cash,4.3,11.6,98.7,1.27,Medium,Rain,Completed,Unknown,2.3
B01256,C0381,D0025,2026-01-28 04:26:00,Borivali,Colaba,Mumbai,Cab,UPI,6.36,20.0,179.04,1.32,High,Smog,Completed,Unknown,1.9
B01257,C0279,D0133,2026-03-07 04:04:00,Kothrud,Wakad,Pune,Auto,UPI,13.61,22.1,182.49,1.12,Low,Cloudy,Completed,Unknown,4.3
B01258,C0386,D0003,2026-03-07 02:16:00,Pitampura,Hauz Khas,Delhi,Cab,UPI,4.79,18.5,157.06,1.35,High,Clear,Completed,Unknown,2.9
B01259,C0207,D0067,2026-03-03 08:24:00,MG Road,HSR Layout,Bengaluru,Auto,Card,3.54,7.6,91.86,1.48,Medium,Clear,Completed,Unknown,0.3
B01260,C0159,D0095,2026-03-10 20:31:00,Wakad,Kharadi,Pune,Bike,UPI,10.18,23.7,101.08,1.28,Medium,Rain,Completed,Unknown,0.5
B01261,C0149,D0036,2026-02-27 05:35:00,Noida Sector 18,Connaught Place,Delhi,Auto,UPI,17.78,38.5,220.02,1.11,Medium,Clear,Completed,Unknown,0.0
B01262,C0046,D0108,2026-01-23 13:06:00,Noida Sector 18,Dwarka,Delhi,Bike,Card,2.73,8.4,56.38,1.08,Medium,Cloudy,Incomplete,Unknown,6.9
B01263,C0149,D0150,2026-02-04 13:14:00,Malad,Powai,Mumbai,Bike,UPI,4.46,9.2,66.76,1.06,Low,Clear,Cancelled,Customer,3.2
B01264,C0274,D0007,2026-03-02 14:31:00,Noida Sector 18,Pitampura,Delhi,Bike,UPI,1.73,5.0,50.38,1.12,Medium,Clear,Completed,Unknown,0.0
B01265,C0015,D0095,2026-02-07 23:19:00,Banjara Hills,Secunderabad,Hyderabad,Bike,UPI,21.45,34.5,168.7,1.12,Low,Clear,Completed,Unknown,1.5
B01266,C0018,D0015,2026-03-28 11:47:00,Hauz Khas,Saket,Delhi,Cab,UPI,14.68,37.5,295.52,1.14,Medium,Smog,Incomplete,Unknown,1.7
B01267,C0375,D0006,2026-01-06 20:43:00,Dwarka,Saket,Delhi,Bike,UPI,7.77,18.7,86.62,1.2,Medium,Rain,Completed,Unknown,2.4
B01268,C0146,D0058,2026-02-07 16:08:00,MG Road,Marathahalli,Bengaluru,Cab,UPI,1.45,2.8,110.3,1.09,Low,Clear,Completed,Unknown,6.1
B01269,C0149,D0120,2026-02-20 08:46:00,Ameerpet,Secunderabad,Hyderabad,Auto,Card,13.92,47.6,185.28,2.01,High,Rain,Cancelled,Customer,4.7
B01270,C0041,D0120,2026-01-01 22:40:00,Gachibowli,Ameerpet,Hyderabad,Auto,Cash,9.98,16.2,149.82,1.07,Low,Clear,Incomplete,Unknown,6.3
B01271,C0056,D0053,2026-01-06 02:16:00,Malad,Borivali,Mumbai,Auto,Cash,9.59,22.9,146.31,1.04,Low,Clear,Completed,Unknown,6.7
B01272,C0065,D0134,2026-03-04 01:09:00,MG Road,Electronic City,Bengaluru,Bike,UPI,3.1,6.1,58.6,1.11,Low,Clear,Completed,Unknown,2.9
B01273,C0368,D0020,2026-03-15 20:54:00,Viman Nagar,Baner,Pune,Cab,UPI,7.9,18.6,200.6,1.15,Medium,Clear,Cancelled,Customer,2.9
B01274,C0222,D0015,2026-01-09 02:52:00,Colaba,Bandra,Mumbai,Cab,UPI,2.77,4.9,128.78,1.11,Low,Clear,Completed,Unknown,6.9
B01275,C0147,D0140,2026-01-19 01:24:00,Chembur,Colaba,Mumbai,Bike,UPI,1.43,3.8,48.58,1.0,Medium,Clear,Completed,Unknown,2.0
B01276,C0009,D0065,2026-03-18 00:52:00,Marathahalli,HSR Layout,Bengaluru,Cab,Cash,4.7,7.5,155.8,1.05,Low,Clear,Completed,Unknown,6.6
B01277,C0169,D0116,2026-02-22 23:29:00,Bandra,Malad,Mumbai,Cab,UPI,4.35,12.2,150.9,1.13,Medium,Clear,Completed,Unknown,0.5
B01278,C0056,D0102,2026-03-21 14:43:00,Borivali,Andheri,Mumbai,Cab,UPI,6.4,19.0,179.6,1.3,Medium,Rain,Completed,Unknown,5.7
B01279,C0324,D0056,2026-03-08 10:01:00,Chembur,Colaba,Mumbai,Cab,UPI,2.24,4.2,121.36,1.04,Low,Clear,Cancelled,Driver,5.6
B01280,C0113,D0074,2026-01-07 11:10:00,Banjara Hills,Ameerpet,Hyderabad,Cab,Cash,20.88,41.3,382.32,1.21,Low,Rain,Cancelled,Customer,8.5
B01281,C0323,D0030,2026-03-11 04:05:00,Connaught Place,Dwarka,Delhi,Bike,Card,2.26,4.8,53.56,1.08,Medium,Cloudy,Completed,Unknown,1.1
B01282,C0259,D0118,2026-03-26 07:39:00,Powai,Bandra,Mumbai,Auto,Card,2.34,7.7,81.06,1.74,High,Clear,Completed,Unknown,13.4
B01283,C0159,D0132,2026-02-24 06:44:00,Colaba,Malad,Mumbai,Auto,UPI,14.56,26.5,191.04,1.08,Low,Clear,Cancelled,Customer,8.4
B01284,C0338,D0004,2026-03-06 15:59:00,Viman Nagar,Hinjewadi,Pune,Bike,UPI,1.37,3.9,48.22,1.09,Medium,Clear,Completed,Unknown,13.4
B01285,C0248,D0008,2026-01-25 06:36:00,Rohini,Dwarka,Delhi,Bike,Cash,5.36,12.3,72.16,1.09,Low,Cloudy,Completed,Unknown,3.9
B01286,C0231,D0044,2026-03-29 17:44:00,Baner,Kothrud,Pune,Auto,Card,1.96,4.2,77.64,1.51,Low,Clear,Completed,Unknown,2.1
B01287,C0145,D0098,2026-03-30 16:37:00,Lajpat Nagar,Connaught Place,Delhi,Bike,Wallet,2.61,4.2,55.66,1.28,Low,Rain,Cancelled,Driver,4.8
B01288,C0250,D0054,2026-02-07 10:44:00,Secunderabad,Kukatpally,Hyderabad,Auto,Cash,2.78,7.4,85.02,1.11,Medium,Cloudy,Completed,Unknown,3.3
B01289,C0371,D0041,2026-02-14 18:42:00,Hinjewadi,Kothrud,Pune,Bike,Cash,15.15,48.4,130.9,1.79,High,Cloudy,Cancelled,Customer,1.6
B01290,C0029,D0050,2026-03-28 03:18:00,Electronic City,Indiranagar,Bengaluru,Auto,Cash,10.75,17.7,156.75,1.04,Low,Cloudy,Incomplete,Unknown,2.7
B01291,C0200,D0099,2026-03-13 22:05:00,Viman Nagar,Kharadi,Pune,Bike,Wallet,3.86,13.0,63.16,1.52,High,Rain,Cancelled,Customer,12.6
B01292,C0212,D0050,2026-03-24 13:27:00,Indiranagar,Koramangala,Bengaluru,Auto,UPI,9.34,22.0,144.06,1.12,Medium,Clear,Completed,Unknown,0.2
B01293,C0005,D0022,2026-03-02 06:01:00,Gachibowli,Secunderabad,Hyderabad,Cab,UPI,2.72,4.5,128.08,1.01,Low,Clear,Completed,Unknown,2.0
B01294,C0028,D0125,2026-01-03 08:12:00,Chembur,Colaba,Mumbai,Cab,Card,7.16,28.9,190.24,1.72,High,Clear,Cancelled,Customer,2.7
B01295,C0313,D0056,2026-02-04 03:34:00,Viman Nagar,Wakad,Pune,Cab,Card,1.05,2.6,104.7,1.05,Medium,Clear,Cancelled,Driver,6.3
B01296,C0174,D0050,2026-02-02 09:30:00,Koramangala,Indiranagar,Bengaluru,Bike,Cash,22.75,66.1,176.5,1.49,Medium,Clear,Cancelled,Driver,2.0
B01297,C0307,D0090,2026-03-26 01:05:00,Lajpat Nagar,Hauz Khas,Delhi,Auto,Cash,5.81,11.5,112.29,1.06,Low,Clear,Cancelled,Driver,0.1
B01298,C0117,D0064,2026-01-10 10:35:00,Lajpat Nagar,Rohini,Delhi,Bike,Cash,1.65,2.6,49.9,1.07,Low,Clear,Cancelled,Customer,8.5
B01299,C0104,D0088,2026-02-14 00:35:00,Chembur,Malad,Mumbai,Cab,UPI,11.01,40.8,244.14,1.31,High,Cloudy,Completed,Unknown,4.2
B01300,C0168,D0124,2026-03-20 06:50:00,HSR Layout,Electronic City,Bengaluru,Cab,Card,5.37,15.5,165.18,1.32,High,Clear,Completed,Unknown,1.4
B01301,C0048,D0008,2026-01-14 04:18:00,Gachibowli,Ameerpet,Hyderabad,Auto,Card,2.12,6.4,79.08,1.04,Medium,Smog,Incomplete,Unknown,1.5
B01302,C0142,D0033,2026-01-21 18:45:00,Colaba,Malad,Mumbai,Cab,UPI,3.3,13.3,136.2,1.81,High,Smog,Completed,Unknown,4.0
B01303,C0170,D0126,2026-02-25 19:21:00,Malad,Powai,Mumbai,Auto,UPI,6.42,25.3,117.78,1.83,High,Cloudy,Completed,Unknown,10.5
B01304,C0214,D0015,2026-03-04 12:18:00,Powai,Andheri,Mumbai,Cab,Cash,1.94,4.1,117.16,1.24,Medium,Rain,Cancelled,Driver,5.5
B01305,C0077,D0073,2026-02-13 09:10:00,Viman Nagar,Hinjewadi,Pune,Auto,Cash,4.27,11.6,98.43,1.44,Medium,Cloudy,Completed,Unknown,3.9
B01306,C0337,D0016,2026-02-13 05:34:00,Kharadi,Baner,Pune,Auto,Card,1.72,6.1,75.48,1.38,High,Clear,Completed,Unknown,0.6
B01307,C0273,D0098,2026-02-23 11:25:00,Madhapur,Ameerpet,Hyderabad,Cab,UPI,3.95,10.7,145.3,1.11,Medium,Clear,Completed,Unknown,2.0
B01308,C0055,D0126,2026-01-28 13:26:00,Baner,Kharadi,Pune,Cab,Wallet,4.14,7.6,147.96,1.05,Low,Clear,Incomplete,Unknown,6.6
B01309,C0093,D0076,2026-03-16 04:13:00,Saket,Noida Sector 18,Delhi,Cab,UPI,12.27,22.2,261.78,1.14,Low,Clear,Completed,Unknown,7.4
B01310,C0081,D0004,2026-02-23 15:25:00,Banjara Hills,Gachibowli,Hyderabad,Auto,UPI,9.72,19.5,147.48,1.08,Low,Cloudy,Completed,Unknown,12.7
B01311,C0099,D0148,2026-01-31 16:24:00,Powai,Dadar,Mumbai,Cab,UPI,2.88,9.1,130.32,1.34,High,Clear,Completed,Unknown,3.9
B01312,C0291,D0085,2026-01-03 12:27:00,Connaught Place,Hauz Khas,Delhi,Cab,Card,1.13,2.6,105.82,1.11,Medium,Clear,Incomplete,Unknown,1.9
B01313,C0226,D0133,2026-03-29 05:48:00,Secunderabad,Banjara Hills,Hyderabad,Bike,UPI,4.75,12.3,68.5,1.08,Medium,Clear,Completed,Unknown,0.0
B01314,C0113,D0136,2026-01-30 01:46:00,Kukatpally,Banjara Hills,Hyderabad,Bike,Card,4.17,8.9,65.02,1.28,Low,Rain,Completed,Unknown,1.4
B01315,C0023,D0051,2026-02-12 07:19:00,Dwarka,Lajpat Nagar,Delhi,Auto,UPI,15.87,38.9,202.83,1.5,Medium,Clear,Cancelled,Driver,10.3
B01316,C0328,D0041,2026-01-09 22:41:00,Chembur,Colaba,Mumbai,Auto,UPI,24.35,43.4,279.15,1.14,Low,Clear,Completed,Unknown,0.7
B01317,C0347,D0115,2026-03-14 00:15:00,Indiranagar,Marathahalli,Bengaluru,Bike,UPI,29.11,65.2,214.66,1.04,Low,Clear,Completed,Unknown,2.8
B01318,C0334,D0045,2026-03-04 14:18:00,Wakad,Viman Nagar,Pune,Auto,Cash,5.88,12.6,112.92,1.15,Medium,Clear,Cancelled,Driver,4.7
B01319,C0202,D0058,2026-01-10 06:45:00,Marathahalli,Jayanagar,Bengaluru,Bike,UPI,3.13,6.8,58.78,1.03,Low,Smog,Completed,Unknown,8.5
B01320,C0248,D0137,2026-01-14 22:10:00,Saket,Hauz Khas,Delhi,Auto,Card,3.88,11.1,94.92,1.44,High,Clear,Cancelled,Driver,9.0
B01321,C0010,D0140,2026-02-14 21:17:00,Dadar,Chembur,Mumbai,Bike,UPI,4.46,15.0,66.76,1.31,High,Cloudy,Completed,Unknown,5.5
B01322,C0240,D0006,2026-03-20 16:17:00,Baner,Viman Nagar,Pune,Bike,Card,16.06,32.8,136.36,1.0,Low,Clear,Completed,Unknown,9.3
B01323,C0129,D0067,2026-01-14 07:40:00,Electronic City,Koramangala,Bengaluru,Bike,Card,10.64,21.3,103.84,1.5,Low,Clear,Completed,Unknown,2.2
B01324,C0217,D0033,2026-03-18 13:03:00,Andheri,Dadar,Mumbai,Bike,Cash,1.26,2.6,47.56,1.12,Low,Cloudy,Completed,Unknown,6.7
B01325,C0178,D0144,2026-02-23 13:34:00,Hauz Khas,Saket,Delhi,Cab,Cash,3.05,6.9,132.7,1.1,Low,Cloudy,Completed,Unknown,7.4
B01326,C0266,D0147,2026-02-19 19:57:00,Marathahalli,HSR Layout,Bengaluru,Bike,Card,1.58,4.5,49.48,1.54,Medium,Clear,Cancelled,Customer,5.3
B01327,C0115,D0087,2026-02-08 09:23:00,Marathahalli,Indiranagar,Bengaluru,Auto,Card,18.55,31.0,226.95,1.43,Low,Clear,Completed,Unknown,7.1
B01328,C0358,D0133,2026-03-08 05:40:00,Indiranagar,Whitefield,Bengaluru,Bike,Wallet,8.07,14.7,88.42,1.04,Low,Clear,Completed,Unknown,0.0
B01329,C0271,D0023,2026-03-31 15:24:00,Hauz Khas,Janakpuri,Delhi,Cab,UPI,1.88,4.4,116.32,1.08,Medium,Clear,Completed,Unknown,4.0
B01330,C0049,D0087,2026-02-11 10:35:00,Hinjewadi,Wakad,Pune,Bike,UPI,12.83,46.5,116.98,1.42,High,Clear,Completed,Unknown,10.6
B01331,C0230,D0085,2026-03-09 03:38:00,Colaba,Andheri,Mumbai,Auto,Wallet,4.99,11.2,104.91,1.06,Low,Clear,Completed,Unknown,3.1
B01332,C0062,D0107,2026-03-23 14:07:00,Colaba,Borivali,Mumbai,Auto,UPI,14.55,37.1,190.95,1.02,Medium,Clear,Completed,Unknown,7.8
B01333,C0034,D0084,2026-02-24 03:45:00,Marathahalli,Indiranagar,Bengaluru,Bike,UPI,2.7,6.8,56.2,1.08,Medium,Clear,Completed,Unknown,3.7
B01334,C0204,D0037,2026-03-01 08:02:00,Viman Nagar,Wakad,Pune,Bike,Wallet,1.32,3.2,47.92,1.47,Low,Clear,Cancelled,Driver,6.2
B01335,C0147,D0120,2026-02-22 17:39:00,Wakad,Hinjewadi,Pune,Bike,Cash,2.4,5.5,54.4,1.7,Low,Rain,Completed,Unknown,3.2
B01336,C0247,D0027,2026-01-27 03:36:00,Koramangala,Marathahalli,Bengaluru,Cab,Cash,7.07,26.0,188.98,1.34,High,Clear,Completed,Unknown,5.2
B01337,C0088,D0023,2026-03-03 03:44:00,Kharadi,Hinjewadi,Pune,Cab,Cash,2.93,4.9,131.02,1.06,Low,Cloudy,Completed,Unknown,2.8
B01338,C0334,D0125,2026-03-24 22:48:00,Saket,Lajpat Nagar,Delhi,Cab,Card,2.81,6.4,129.34,1.11,Medium,Clear,Completed,Unknown,0.0
B01339,C0060,D0128,2026-01-14 11:57:00,Saket,Janakpuri,Delhi,Bike,Cash,10.9,21.4,105.4,1.3,Low,Rain,Completed,Unknown,2.9
B01340,C0136,D0047,2026-02-20 23:44:00,Saket,Janakpuri,Delhi,Cab,UPI,1.68,5.2,113.52,1.35,High,Clear,Completed,Unknown,4.6
B01341,C0262,D0077,2026-02-12 11:48:00,Wakad,Baner,Pune,Auto,UPI,6.01,11.6,114.09,1.04,Low,Clear,Completed,Unknown,0.0
B01342,C0327,D0049,2026-03-11 11:08:00,Electronic City,Marathahalli,Bengaluru,Cab,Card,7.47,22.4,194.58,1.11,Medium,Cloudy,Completed,Unknown,4.7
B01343,C0352,D0086,2026-03-27 08:05:00,Bandra,Colaba,Mumbai,Cab,Wallet,8.35,21.9,206.9,1.46,Medium,Clear,Completed,Unknown,0.0
B01344,C0177,D0086,2026-01-21 10:30:00,Kothrud,Baner,Pune,Auto,UPI,3.91,10.1,95.19,1.07,Medium,Clear,Completed,Unknown,0.0
B01345,C0390,D0037,2026-02-21 01:42:00,Jayanagar,Electronic City,Bengaluru,Cab,Card,2.74,7.9,128.36,1.52,High,Rain,Completed,Unknown,2.4
B01346,C0170,D0033,2026-01-05 20:35:00,Connaught Place,Rohini,Delhi,Auto,UPI,4.27,8.9,98.43,1.14,Medium,Cloudy,Cancelled,Customer,0.0
B01347,C0120,D0074,2026-02-22 03:30:00,Pitampura,Rohini,Delhi,Cab,Card,3.93,11.0,145.02,1.3,High,Clear,Cancelled,Customer,6.5
B01348,C0102,D0121,2026-03-07 23:29:00,Kukatpally,Ameerpet,Hyderabad,Auto,UPI,6.28,12.4,116.52,1.02,Low,Cloudy,Cancelled,Customer,0.0
B01349,C0089,D0033,2026-03-03 06:58:00,Dwarka,Rohini,Delhi,Auto,UPI,6.72,16.6,120.48,1.06,Medium,Clear,Completed,Unknown,7.7
B01350,C0033,D0056,2026-02-10 01:36:00,Baner,Viman Nagar,Pune,Bike,UPI,24.97,73.8,189.82,1.06,Medium,Clear,Completed,Unknown,3.6
B01351,C0398,D0122,2026-02-09 06:50:00,Madhapur,Banjara Hills,Hyderabad,Bike,Cash,12.46,25.4,114.76,1.15,Low,Cloudy,Cancelled,Customer,0.0
B01352,C0018,D0061,2026-03-13 06:18:00,Ameerpet,Gachibowli,Hyderabad,Bike,UPI,2.78,5.9,56.68,1.11,Medium,Clear,Incomplete,Unknown,1.2
B01353,C0316,D0064,2026-03-13 16:43:00,Baner,Viman Nagar,Pune,Bike,Cash,1.06,3.2,46.36,1.09,Medium,Clear,Completed,Unknown,5.6
B01354,C0061,D0150,2026-01-22 19:53:00,Kharadi,Hinjewadi,Pune,Cab,Card,12.05,26.0,258.7,1.5,Medium,Clear,Completed,Unknown,3.8
B01355,C0328,D0137,2026-03-29 05:05:00,Powai,Bandra,Mumbai,Cab,Card,1.42,2.9,109.88,1.01,Low,Clear,Completed,Unknown,0.0
B01356,C0147,D0034,2026-03-15 10:28:00,Kothrud,Baner,Pune,Auto,Cash,12.44,29.0,171.96,1.07,Medium,Clear,Incomplete,Unknown,7.7
B01357,C0109,D0079,2026-02-03 19:57:00,Whitefield,HSR Layout,Bengaluru,Auto,Cash,6.5,13.6,118.5,1.48,Medium,Cloudy,Incomplete,Unknown,0.0
B01358,C0274,D0013,2026-03-11 23:02:00,Saket,Connaught Place,Delhi,Auto,UPI,3.6,6.0,92.4,1.11,Low,Clear,Incomplete,Unknown,6.2
B01359,C0201,D0008,2026-01-12 01:50:00,Kothrud,Viman Nagar,Pune,Bike,UPI,9.38,17.8,96.28,1.15,Low,Clear,Completed,Unknown,5.7
B01360,C0189,D0050,2026-03-16 23:09:00,Hinjewadi,Kharadi,Pune,Bike,UPI,8.85,23.8,93.1,1.04,Medium,Clear,Completed,Unknown,1.0
B01361,C0232,D0029,2026-01-20 18:30:00,Connaught Place,Karol Bagh,Delhi,Cab,UPI,5.8,20.7,171.2,1.73,High,Smog,Cancelled,Customer,10.3
B01362,C0101,D0122,2026-03-24 00:35:00,Gachibowli,Ameerpet,Hyderabad,Bike,UPI,4.85,8.7,69.1,1.34,Low,Rain,Cancelled,Customer,4.7
B01363,C0371,D0045,2026-02-21 06:11:00,Kharadi,Hinjewadi,Pune,Bike,UPI,5.32,9.7,71.92,1.02,Low,Clear,Incomplete,Unknown,3.8
B01364,C0219,D0120,2026-03-02 17:00:00,Gachibowli,Madhapur,Hyderabad,Cab,UPI,2.4,5.6,123.6,1.48,Medium,Clear,Completed,Unknown,2.3
B01365,C0226,D0033,2026-01-17 20:39:00,Powai,Colaba,Mumbai,Bike,Card,4.91,18.2,69.46,1.56,High,Rain,Completed,Unknown,4.6
B01366,C0174,D0147,2026-03-01 19:19:00,Malad,Powai,Mumbai,Bike,Cash,2.52,7.0,55.12,1.51,Medium,Clear,Completed,Unknown,9.1
B01367,C0088,D0005,2026-02-23 09:07:00,HSR Layout,MG Road,Bengaluru,Cab,UPI,21.69,79.6,393.66,1.82,High,Clear,Cancelled,Driver,10.0
B01368,C0062,D0125,2026-01-03 23:56:00,Viman Nagar,Baner,Pune,Auto,UPI,11.67,19.3,165.03,1.12,Low,Clear,Completed,Unknown,1.6
B01369,C0037,D0002,2026-02-03 08:22:00,Andheri,Colaba,Mumbai,Auto,Card,10.1,28.7,150.9,1.75,High,Cloudy,Cancelled,Customer,8.4
B01370,C0211,D0107,2026-02-21 02:00:00,Andheri,Bandra,Mumbai,Bike,Cash,16.09,36.7,136.54,1.14,Low,Clear,Completed,Unknown,1.1
B01371,C0103,D0126,2026-03-11 06:15:00,Chembur,Bandra,Mumbai,Auto,Cash,1.82,4.3,76.38,1.02,Low,Clear,Completed,Unknown,7.8
B01372,C0278,D0111,2026-01-15 06:21:00,Noida Sector 18,Rohini,Delhi,Auto,UPI,1.03,2.2,69.27,1.08,Low,Clear,Cancelled,Driver,11.0
B01373,C0125,D0078,2026-03-03 21:57:00,Koramangala,HSR Layout,Bengaluru,Auto,Wallet,6.08,16.6,114.72,1.12,Medium,Clear,Completed,Unknown,4.0
B01374,C0066,D0002,2026-02-27 11:47:00,Koramangala,Electronic City,Bengaluru,Bike,Wallet,1.3,4.2,47.8,1.3,High,Cloudy,Cancelled,Customer,8.3
B01375,C0062,D0131,2026-01-30 10:20:00,Colaba,Powai,Mumbai,Auto,UPI,3.32,11.9,89.88,1.33,High,Cloudy,Cancelled,Customer,4.7
B01376,C0303,D0041,2026-03-12 16:55:00,Bandra,Chembur,Mumbai,Auto,Card,1.78,3.6,76.02,1.13,Low,Cloudy,Cancelled,Driver,1.8
B01377,C0138,D0017,2026-02-17 16:53:00,Koramangala,HSR Layout,Bengaluru,Cab,UPI,2.31,4.2,122.34,1.1,Low,Clear,Completed,Unknown,1.3
B01378,C0320,D0005,2026-02-28 16:19:00,Malad,Bandra,Mumbai,Cab,Wallet,5.27,12.4,163.78,1.04,Low,Clear,Incomplete,Unknown,16.3
B01379,C0057,D0079,2026-03-21 17:22:00,Madhapur,Gachibowli,Hyderabad,Auto,Card,3.02,9.3,87.18,1.75,High,Clear,Cancelled,Customer,0.5
B01380,C0081,D0039,2026-01-29 19:00:00,Powai,Borivali,Mumbai,Auto,UPI,10.99,32.2,158.91,1.85,High,Cloudy,Completed,Unknown,8.3
B01381,C0137,D0105,2026-03-08 14:12:00,Kukatpally,Banjara Hills,Hyderabad,Bike,UPI,9.54,21.0,97.24,1.03,Medium,Clear,Completed,Unknown,3.9
B01382,C0102,D0031,2026-03-10 08:19:00,Chembur,Powai,Mumbai,Auto,Wallet,32.27,79.1,350.43,1.49,Medium,Clear,Cancelled,Driver,3.7
B01383,C0341,D0078,2026-01-03 02:20:00,Malad,Chembur,Mumbai,Auto,Card,6.02,11.1,114.18,1.29,Low,Rain,Completed,Unknown,1.1
B01384,C0103,D0018,2026-02-05 08:21:00,Chembur,Colaba,Mumbai,Cab,Card,2.5,7.7,125.0,1.44,Medium,Clear,Completed,Unknown,4.8
B01385,C0177,D0120,2026-03-08 01:14:00,Connaught Place,Karol Bagh,Delhi,Cab,UPI,3.77,8.2,142.78,1.33,Medium,Rain,Completed,Unknown,2.4
B01386,C0162,D0073,2026-02-07 15:29:00,Rohini,Karol Bagh,Delhi,Cab,Card,1.28,2.7,107.92,1.05,Medium,Clear,Cancelled,Customer,1.6
B01387,C0207,D0050,2026-03-22 15:41:00,Bandra,Chembur,Mumbai,Bike,UPI,1.36,3.1,48.16,1.12,Low,Clear,Completed,Unknown,1.9
B01388,C0195,D0017,2026-03-18 19:42:00,Viman Nagar,Hinjewadi,Pune,Auto,UPI,6.22,14.0,115.98,1.54,Low,Clear,Completed,Unknown,4.9
B01389,C0340,D0146,2026-01-12 14:05:00,Wakad,Hinjewadi,Pune,Bike,Card,2.88,6.9,57.28,1.03,Medium,Clear,Completed,Unknown,5.3
B01390,C0215,D0142,2026-03-23 04:29:00,Gachibowli,Kukatpally,Hyderabad,Auto,UPI,6.37,13.9,117.33,1.01,Low,Cloudy,Completed,Unknown,3.2
B01391,C0169,D0046,2026-03-28 19:39:00,Hinjewadi,Kothrud,Pune,Cab,UPI,2.01,7.3,118.14,1.83,High,Smog,Cancelled,Customer,4.6
B01392,C0234,D0144,2026-01-11 01:39:00,Ameerpet,Gachibowli,Hyderabad,Cab,UPI,4.04,11.4,146.56,1.11,Medium,Smog,Completed,Unknown,7.0
B01393,C0166,D0088,2026-03-25 19:52:00,Hinjewadi,Wakad,Pune,Cab,UPI,6.2,14.2,176.8,1.61,Medium,Rain,Completed,Unknown,0.0
B01394,C0045,D0073,2026-02-24 04:57:00,Viman Nagar,Kharadi,Pune,Bike,Card,17.88,40.1,147.28,1.01,Medium,Clear,Completed,Unknown,0.0
B01395,C0006,D0095,2026-02-24 18:49:00,Wakad,Hinjewadi,Pune,Cab,Wallet,20.7,74.4,379.8,1.95,High,Rain,Completed,Unknown,1.0
B01396,C0055,D0107,2026-03-12 15:54:00,Madhapur,Gachibowli,Hyderabad,Auto,Wallet,1.46,3.5,73.14,1.09,Medium,Cloudy,Completed,Unknown,8.8
B01397,C0081,D0072,2026-03-13 18:06:00,HSR Layout,Jayanagar,Bengaluru,Cab,Cash,4.88,11.3,158.32,1.4,Medium,Cloudy,Cancelled,Customer,4.0
B01398,C0240,D0013,2026-01-19 19:05:00,Rohini,Lajpat Nagar,Delhi,Cab,UPI,5.11,12.3,161.54,1.47,Medium,Smog,Completed,Unknown,9.9
B01399,C0084,D0012,2026-02-21 15:21:00,Kharadi,Viman Nagar,Pune,Cab,Cash,4.1,11.3,147.4,1.32,High,Cloudy,Completed,Unknown,4.3
B01400,C0263,D0129,2026-03-29 04:30:00,Kothrud,Hinjewadi,Pune,Bike,UPI,1.27,3.5,47.62,1.13,Medium,Clear,Completed,Unknown,0.0
B01401,C0283,D0093,2026-01-06 12:28:00,Hinjewadi,Viman Nagar,Pune,Auto,Card,1.55,4.7,73.95,1.06,Medium,Clear,Cancelled,Driver,3.1
B01402,C0160,D0099,2026-02-09 08:54:00,HSR Layout,Marathahalli,Bengaluru,Cab,UPI,6.28,21.5,177.92,1.78,High,Cloudy,Completed,Unknown,14.9
B01403,C0290,D0142,2026-03-03 15:48:00,Banjara Hills,Gachibowli,Hyderabad,Bike,Cash,3.11,5.7,58.66,1.11,Low,Clear,Cancelled,Customer,5.9
B01404,C0206,D0009,2026-01-19 10:35:00,Koramangala,Jayanagar,Bengaluru,Auto,UPI,1.62,4.0,74.58,1.24,Medium,Rain,Cancelled,Customer,0.0
B01405,C0111,D0144,2026-03-21 03:50:00,Kukatpally,Secunderabad,Hyderabad,Cab,Card,3.27,10.0,135.78,1.0,Medium,Clear,Completed,Unknown,8.6
B01406,C0198,D0059,2026-02-13 22:09:00,Bandra,Malad,Mumbai,Bike,UPI,8.02,13.8,88.12,1.02,Low,Clear,Cancelled,Customer,0.2
B01407,C0015,D0014,2026-02-07 00:08:00,Indiranagar,Whitefield,Bengaluru,Auto,Card,8.18,19.4,133.62,1.0,Medium,Smog,Completed,Unknown,0.0
B01408,C0155,D0129,2026-03-17 07:24:00,Electronic City,Marathahalli,Bengaluru,Cab,UPI,4.61,10.8,154.54,1.52,Low,Clear,Completed,Unknown,3.2
B01409,C0018,D0012,2026-03-14 21:11:00,Janakpuri,Karol Bagh,Delhi,Bike,UPI,1.53,3.1,49.18,1.08,Low,Cloudy,Completed,Unknown,0.6
B01410,C0183,D0130,2026-01-22 12:03:00,Kothrud,Baner,Pune,Bike,UPI,16.95,34.4,141.7,1.05,Low,Clear,Completed,Unknown,3.3
B01411,C0024,D0056,2026-02-24 16:26:00,Banjara Hills,Gachibowli,Hyderabad,Cab,Card,3.16,7.3,134.24,1.09,Medium,Clear,Completed,Unknown,8.0
B01412,C0111,D0039,2026-01-07 17:22:00,Powai,Bandra,Mumbai,Bike,UPI,6.27,16.4,77.62,1.4,Medium,Clear,Incomplete,Unknown,5.1
B01413,C0184,D0017,2026-02-11 09:11:00,Karol Bagh,Saket,Delhi,Cab,Card,9.64,35.3,224.96,1.92,High,Rain,Completed,Unknown,5.5
B01414,C0350,D0105,2026-01-14 06:51:00,Janakpuri,Connaught Place,Delhi,Auto,UPI,5.16,8.7,106.44,1.1,Low,Clear,Completed,Unknown,0.0
B01415,C0341,D0096,2026-02-01 08:16:00,Baner,Wakad,Pune,Cab,Wallet,13.68,51.9,281.52,1.77,High,Clear,Completed,Unknown,7.2
B01416,C0313,D0004,2026-01-22 03:00:00,Borivali,Chembur,Mumbai,Auto,Card,8.85,14.4,139.65,1.06,Low,Cloudy,Completed,Unknown,8.9
B01417,C0052,D0079,2026-01-13 17:16:00,Madhapur,Banjara Hills,Hyderabad,Auto,Card,10.59,21.4,155.31,1.49,Low,Clear,Completed,Unknown,0.0
B01418,C0005,D0063,2026-02-15 14:23:00,Viman Nagar,Kharadi,Pune,Cab,UPI,6.31,13.5,178.34,1.12,Low,Clear,Completed,Unknown,0.8
B01419,C0390,D0008,2026-03-30 20:11:00,Kukatpally,Gachibowli,Hyderabad,Auto,Cash,11.44,30.0,162.96,1.22,Medium,Rain,Completed,Unknown,6.4
B01420,C0147,D0139,2026-03-02 10:35:00,Wakad,Hinjewadi,Pune,Bike,Wallet,6.5,12.6,79.0,1.03,Low,Cloudy,Completed,Unknown,0.6
B01421,C0264,D0014,2026-02-11 09:05:00,Kukatpally,Banjara Hills,Hyderabad,Bike,UPI,4.79,18.0,68.74,1.81,High,Cloudy,Completed,Unknown,8.1
B01422,C0122,D0090,2026-01-28 18:50:00,Hinjewadi,Kothrud,Pune,Cab,Card,4.79,13.2,157.06,1.44,Medium,Cloudy,Cancelled,Driver,3.3
B01423,C0084,D0012,2026-03-02 18:08:00,Baner,Viman Nagar,Pune,Bike,Card,15.54,50.3,133.24,2.02,High,Rain,Cancelled,Driver,3.6
B01424,C0077,D0074,2026-01-11 17:05:00,Rohini,Connaught Place,Delhi,Bike,UPI,2.78,8.2,56.68,1.54,Medium,Cloudy,Cancelled,Customer,0.7
B01425,C0327,D0045,2026-02-25 01:37:00,Baner,Viman Nagar,Pune,Bike,Card,2.35,5.3,54.1,1.03,Low,Clear,Completed,Unknown,0.1
B01426,C0304,D0002,2026-01-20 04:04:00,Kharadi,Wakad,Pune,Auto,Cash,12.86,38.4,175.74,1.14,Medium,Clear,Cancelled,Driver,12.0
B01427,C0135,D0146,2026-03-11 18:13:00,Ameerpet,Secunderabad,Hyderabad,Cab,Wallet,5.98,18.1,173.72,1.51,Medium,Clear,Incomplete,Unknown,9.6
B01428,C0005,D0006,2026-03-21 02:53:00,Secunderabad,Gachibowli,Hyderabad,Auto,Cash,2.66,7.1,83.94,1.08,Medium,Clear,Completed,Unknown,7.8
B01429,C0054,D0008,2026-02-09 18:51:00,Andheri,Bandra,Mumbai,Auto,Card,3.95,11.8,95.55,1.43,Medium,Cloudy,Completed,Unknown,5.0
B01430,C0131,D0095,2026-03-05 07:17:00,Connaught Place,Noida Sector 18,Delhi,Bike,Card,10.16,34.9,100.96,1.76,High,Clear,Completed,Unknown,4.4
B01431,C0007,D0074,2026-01-19 19:59:00,Karol Bagh,Saket,Delhi,Cab,UPI,3.15,9.2,134.1,1.48,Medium,Cloudy,Cancelled,Customer,5.3
B01432,C0380,D0018,2026-02-25 03:25:00,Wakad,Kharadi,Pune,Auto,UPI,9.96,25.0,149.64,1.29,Medium,Rain,Cancelled,Driver,4.6
B01433,C0128,D0076,2026-02-28 14:21:00,Rohini,Lajpat Nagar,Delhi,Cab,UPI,6.48,14.5,180.72,1.24,Low,Rain,Cancelled,Driver,0.0
B01434,C0049,D0113,2026-03-14 04:43:00,Ameerpet,Gachibowli,Hyderabad,Cab,UPI,4.77,16.1,156.78,1.38,High,Clear,Completed,Unknown,2.3
B01435,C0100,D0131,2026-01-07 22:17:00,Hinjewadi,Kothrud,Pune,Auto,UPI,1.65,3.6,74.85,1.08,Medium,Clear,Incomplete,Unknown,6.1
B01436,C0050,D0066,2026-03-27 02:24:00,Secunderabad,Ameerpet,Hyderabad,Bike,UPI,2.48,5.3,54.88,1.02,Low,Clear,Completed,Unknown,6.5
B01437,C0119,D0087,2026-01-17 19:15:00,Dadar,Powai,Mumbai,Auto,UPI,8.3,23.2,134.7,1.44,Medium,Clear,Completed,Unknown,11.3
B01438,C0110,D0127,2026-03-11 15:19:00,Jayanagar,Marathahalli,Bengaluru,Bike,Card,6.88,14.7,81.28,1.02,Medium,Cloudy,Completed,Unknown,1.7
B01439,C0219,D0139,2026-01-21 11:00:00,Kharadi,Kothrud,Pune,Cab,Wallet,4.58,9.3,154.12,1.02,Low,Clear,Completed,Unknown,0.0
B01440,C0124,D0119,2026-02-24 16:52:00,Marathahalli,MG Road,Bengaluru,Auto,Cash,3.29,13.0,89.61,1.36,High,Clear,Completed,Unknown,12.2
B01441,C0076,D0137,2026-01-16 01:40:00,Connaught Place,Karol Bagh,Delhi,Bike,Card,6.3,23.6,77.8,1.4,High,Clear,Incomplete,Unknown,8.4
B01442,C0266,D0023,2026-03-17 13:57:00,Dadar,Borivali,Mumbai,Auto,Cash,3.83,7.6,94.47,1.03,Low,Clear,Cancelled,Customer,4.0
B01443,C0120,D0049,2026-03-27 05:22:00,Jayanagar,HSR Layout,Bengaluru,Auto,UPI,1.87,4.6,76.83,1.0,Medium,Cloudy,Completed,Unknown,8.3
B01444,C0113,D0067,2026-03-16 23:55:00,Saket,Dwarka,Delhi,Auto,Cash,6.06,12.6,114.54,1.27,Low,Rain,Completed,Unknown,2.6
B01445,C0076,D0051,2026-03-14 05:25:00,Koramangala,HSR Layout,Bengaluru,Auto,Card,5.28,9.9,107.52,1.05,Low,Clear,Completed,Unknown,13.9
B01446,C0030,D0034,2026-03-01 12:01:00,Kothrud,Wakad,Pune,Auto,UPI,4.27,7.9,98.43,1.06,Low,Clear,Completed,Unknown,7.6
B01447,C0302,D0090,2026-03-06 03:22:00,Hauz Khas,Lajpat Nagar,Delhi,Bike,Cash,20.26,46.6,161.56,1.25,Low,Rain,Completed,Unknown,3.4
B01448,C0231,D0030,2026-01-01 23:52:00,Rohini,Connaught Place,Delhi,Bike,Wallet,4.43,8.5,66.58,1.23,Low,Rain,Incomplete,Unknown,7.6
B01449,C0157,D0111,2026-03-20 07:25:00,Pitampura,Rohini,Delhi,Bike,UPI,7.1,17.4,82.6,1.74,Medium,Rain,Incomplete,Unknown,9.1
B01450,C0080,D0084,2026-02-09 20:10:00,Kukatpally,Gachibowli,Hyderabad,Cab,UPI,6.13,14.4,175.82,1.05,Medium,Clear,Completed,Unknown,0.0
B01451,C0111,D0121,2026-02-17 00:35:00,Marathahalli,Koramangala,Bengaluru,Bike,Cash,1.75,4.0,50.5,1.03,Medium,Smog,Completed,Unknown,2.7
B01452,C0373,D0076,2026-01-04 23:09:00,Malad,Bandra,Mumbai,Auto,UPI,14.12,30.2,187.08,1.34,Low,Rain,Completed,Unknown,6.3
B01453,C0066,D0105,2026-01-25 18:02:00,Kukatpally,Secunderabad,Hyderabad,Bike,Cash,5.36,14.9,72.16,1.48,Medium,Cloudy,Cancelled,Customer,2.0
B01454,C0386,D0038,2026-02-01 09:53:00,Banjara Hills,Gachibowli,Hyderabad,Auto,Card,10.73,30.8,156.57,1.45,Medium,Clear,Completed,Unknown,1.2
B01455,C0052,D0120,2026-03-26 02:56:00,Bandra,Borivali,Mumbai,Bike,UPI,5.82,16.8,74.92,1.1,Medium,Clear,Completed,Unknown,1.7
B01456,C0064,D0144,2026-03-15 11:55:00,Wakad,Viman Nagar,Pune,Cab,Card,6.91,12.1,186.74,1.1,Low,Clear,Completed,Unknown,7.7
B01457,C0181,D0137,2026-03-15 13:17:00,Viman Nagar,Kothrud,Pune,Bike,Cash,4.83,9.0,68.98,1.09,Low,Cloudy,Completed,Unknown,1.0
B01458,C0309,D0033,2026-01-29 17:30:00,Kothrud,Wakad,Pune,Bike,Wallet,1.22,2.8,47.32,1.48,Medium,Clear,Completed,Unknown,0.7
B01459,C0060,D0079,2026-02-28 15:28:00,Marathahalli,HSR Layout,Bengaluru,Auto,Card,5.28,18.0,107.52,1.63,High,Rain,Completed,Unknown,7.9
B01460,C0037,D0022,2026-02-27 17:22:00,Malad,Bandra,Mumbai,Cab,UPI,1.25,4.8,107.5,1.81,High,Clear,Completed,Unknown,12.5
B01461,C0189,D0005,2026-03-09 03:20:00,Gachibowli,Banjara Hills,Hyderabad,Cab,Cash,13.98,42.6,285.72,1.3,High,Clear,Cancelled,Customer,8.9
B01462,C0307,D0033,2026-02-04 02:42:00,MG Road,Jayanagar,Bengaluru,Auto,UPI,2.74,5.4,84.66,1.11,Low,Clear,Cancelled,Customer,5.4
B01463,C0196,D0139,2026-01-18 18:03:00,Marathahalli,HSR Layout,Bengaluru,Bike,Cash,4.64,18.7,67.84,1.83,High,Clear,Completed,Unknown,3.1
B01464,C0075,D0030,2026-02-16 12:48:00,Borivali,Chembur,Mumbai,Cab,UPI,9.06,27.2,216.84,1.07,Medium,Cloudy,Cancelled,Customer,0.8
B01465,C0162,D0088,2026-01-05 08:36:00,Ameerpet,Secunderabad,Hyderabad,Bike,UPI,9.3,31.3,95.8,1.75,High,Clear,Cancelled,Customer,0.1
B01466,C0390,D0073,2026-01-01 13:42:00,Ameerpet,Kukatpally,Hyderabad,Cab,Wallet,6.17,13.1,176.38,1.1,Low,Clear,Completed,Unknown,2.4
B01467,C0286,D0084,2026-03-30 17:54:00,Baner,Kharadi,Pune,Auto,UPI,9.76,39.0,147.84,1.98,High,Rain,Completed,Unknown,3.4
B01468,C0266,D0045,2026-03-20 13:38:00,Viman Nagar,Kharadi,Pune,Auto,UPI,11.35,30.5,162.15,1.1,Medium,Clear,Cancelled,Driver,4.1
B01469,C0222,D0095,2026-01-20 04:49:00,Wakad,Kharadi,Pune,Bike,Cash,1.4,4.3,48.4,1.37,High,Clear,Completed,Unknown,2.8
B01470,C0077,D0101,2026-02-05 17:52:00,Ameerpet,Banjara Hills,Hyderabad,Cab,UPI,6.99,16.2,187.86,1.41,Low,Cloudy,Completed,Unknown,1.2
B01471,C0080,D0126,2026-03-22 16:33:00,Indiranagar,Marathahalli,Bengaluru,Cab,Cash,3.89,10.7,144.46,1.36,High,Clear,Completed,Unknown,12.8
B01472,C0041,D0142,2026-01-17 20:59:00,Bandra,Borivali,Mumbai,Auto,Cash,3.99,8.3,95.91,1.1,Medium,Clear,Completed,Unknown,10.4
B01473,C0005,D0113,2026-02-07 18:22:00,Powai,Malad,Mumbai,Cab,UPI,3.07,7.3,132.98,1.64,Medium,Rain,Completed,Unknown,0.0
B01474,C0217,D0124,2026-02-13 13:11:00,Gachibowli,Kukatpally,Hyderabad,Cab,UPI,20.91,65.0,382.74,1.31,Medium,Rain,Completed,Unknown,3.4
B01475,C0363,D0025,2026-03-04 16:55:00,Baner,Kothrud,Pune,Auto,Wallet,5.42,13.3,108.78,1.06,Medium,Clear,Completed,Unknown,4.7
B01476,C0264,D0042,2026-03-08 08:43:00,Malad,Powai,Mumbai,Cab,UPI,21.87,39.0,396.18,1.5,Low,Clear,Completed,Unknown,0.0
B01477,C0109,D0056,2026-01-29 00:05:00,Madhapur,Kukatpally,Hyderabad,Auto,Card,6.41,14.7,117.69,1.08,Low,Cloudy,Completed,Unknown,9.5
B01478,C0307,D0129,2026-03-15 22:27:00,Viman Nagar,Hinjewadi,Pune,Auto,UPI,12.84,26.2,175.56,1.07,Low,Clear,Completed,Unknown,3.3
B01479,C0114,D0051,2026-01-26 16:47:00,Baner,Kothrud,Pune,Bike,Card,3.91,6.8,63.46,1.01,Low,Clear,Completed,Unknown,6.7
B01480,C0058,D0019,2026-03-13 14:55:00,HSR Layout,Jayanagar,Bengaluru,Auto,UPI,1.77,4.0,75.93,1.09,Low,Clear,Completed,Unknown,5.0
B01481,C0400,D0002,2026-03-21 11:11:00,Secunderabad,Ameerpet,Hyderabad,Auto,Cash,2.13,7.7,79.17,1.4,High,Cloudy,Cancelled,Driver,5.6
B01482,C0291,D0090,2026-01-21 20:46:00,Powai,Dadar,Mumbai,Bike,Card,2.43,5.1,54.58,1.15,Low,Clear,Completed,Unknown,0.0
B01483,C0382,D0033,2026-03-01 02:48:00,Andheri,Chembur,Mumbai,Bike,UPI,1.79,5.4,50.74,1.43,High,Clear,Cancelled,Driver,2.6
B01484,C0101,D0051,2026-03-12 00:06:00,Dwarka,Rohini,Delhi,Auto,Card,14.19,40.7,187.71,1.1,Medium,Clear,Cancelled,Driver,2.1
B01485,C0167,D0012,2026-01-07 23:53:00,Powai,Chembur,Mumbai,Cab,UPI,5.63,11.9,168.82,1.05,Low,Clear,Completed,Unknown,7.5
B01486,C0330,D0139,2026-02-17 15:53:00,Hinjewadi,Baner,Pune,Auto,UPI,12.96,28.4,176.64,1.02,Low,Clear,Completed,Unknown,2.5
B01487,C0278,D0139,2026-03-13 15:40:00,Colaba,Dadar,Mumbai,Bike,Card,5.43,11.4,72.58,1.11,Low,Clear,Cancelled,Customer,0.3
B01488,C0290,D0029,2026-01-16 06:46:00,Kothrud,Hinjewadi,Pune,Auto,Cash,5.59,19.3,110.31,1.45,High,Clear,Completed,Unknown,7.9
B01489,C0136,D0090,2026-01-09 00:18:00,Indiranagar,Marathahalli,Bengaluru,Cab,UPI,9.06,15.7,216.84,1.06,Low,Clear,Completed,Unknown,5.2
B01490,C0024,D0074,2026-03-05 02:16:00,Viman Nagar,Baner,Pune,Cab,Cash,2.83,8.3,129.62,1.15,Medium,Cloudy,Completed,Unknown,4.3
B01491,C0043,D0124,2026-01-29 09:06:00,Kothrud,Baner,Pune,Bike,Cash,3.21,11.3,59.26,1.96,High,Rain,Cancelled,Driver,1.0
B01492,C0192,D0042,2026-03-21 03:36:00,Secunderabad,Ameerpet,Hyderabad,Bike,Cash,7.42,17.5,84.52,1.14,Medium,Cloudy,Completed,Unknown,0.0
B01493,C0269,D0004,2026-01-18 04:48:00,Indiranagar,MG Road,Bengaluru,Bike,Cash,2.45,5.3,54.7,1.07,Low,Clear,Completed,Unknown,7.5
B01494,C0400,D0134,2026-03-13 07:33:00,Electronic City,HSR Layout,Bengaluru,Auto,UPI,5.07,14.1,105.63,1.72,High,Clear,Incomplete,Unknown,3.1
B01495,C0074,D0060,2026-02-17 10:42:00,Noida Sector 18,Connaught Place,Delhi,Auto,UPI,5.32,11.2,107.88,1.13,Medium,Clear,Cancelled,Customer,11.3
B01496,C0239,D0100,2026-02-03 03:47:00,Whitefield,Jayanagar,Bengaluru,Auto,UPI,1.32,2.9,71.88,1.3,Medium,Rain,Cancelled,Customer,0.0
B01497,C0076,D0144,2026-01-30 08:24:00,Whitefield,HSR Layout,Bengaluru,Bike,UPI,6.62,21.8,79.72,1.96,High,Rain,Incomplete,Unknown,11.1
B01498,C0339,D0094,2026-03-25 11:04:00,Whitefield,Jayanagar,Bengaluru,Bike,Card,1.36,2.9,48.16,1.14,Low,Smog,Completed,Unknown,7.7
B01499,C0296,D0050,2026-02-18 10:13:00,Baner,Wakad,Pune,Bike,UPI,11.88,31.0,111.28,1.11,Medium,Clear,Completed,Unknown,0.3
B01500,C0135,D0009,2026-03-10 16:47:00,Madhapur,Banjara Hills,Hyderabad,Bike,Cash,12.1,23.9,112.6,1.11,Low,Cloudy,Cancelled,Customer,1.5
B01501,C0313,D0015,2026-03-19 18:19:00,HSR Layout,Jayanagar,Bengaluru,Auto,Cash,3.46,5.7,91.14,1.51,Low,Clear,Completed,Unknown,10.6
B01502,C0170,D0087,2026-03-21 04:13:00,Viman Nagar,Wakad,Pune,Cab,UPI,1.62,3.5,112.68,1.15,Low,Clear,Completed,Unknown,10.1
B01503,C0266,D0085,2026-03-16 00:21:00,Viman Nagar,Wakad,Pune,Cab,Card,6.23,13.7,177.22,1.21,Medium,Rain,Completed,Unknown,3.7
B01504,C0180,D0139,2026-01-20 11:14:00,Kothrud,Hinjewadi,Pune,Auto,UPI,3.93,10.6,95.37,1.04,Medium,Clear,Cancelled,Driver,3.9
B01505,C0150,D0060,2026-01-25 14:27:00,Janakpuri,Pitampura,Delhi,Cab,Card,4.99,10.4,159.86,1.1,Low,Clear,Cancelled,Customer,0.0
B01506,C0010,D0039,2026-03-31 02:40:00,Kharadi,Baner,Pune,Bike,Card,9.04,23.3,94.24,1.09,Medium,Cloudy,Incomplete,Unknown,8.1
B01507,C0359,D0098,2026-03-03 18:21:00,Hauz Khas,Karol Bagh,Delhi,Auto,Wallet,3.61,10.6,92.49,1.43,Medium,Cloudy,Completed,Unknown,4.2
B01508,C0283,D0090,2026-02-02 05:23:00,Baner,Viman Nagar,Pune,Bike,Card,3.59,7.2,61.54,1.1,Low,Clear,Cancelled,Customer,3.5
B01509,C0365,D0114,2026-02-07 19:55:00,Kothrud,Wakad,Pune,Auto,Cash,5.63,21.7,110.67,2.03,High,Rain,Cancelled,Customer,11.9
B01510,C0118,D0056,2026-03-31 09:27:00,Hinjewadi,Baner,Pune,Bike,UPI,7.64,20.9,85.84,1.54,Medium,Clear,Completed,Unknown,11.4
B01511,C0010,D0004,2026-01-12 23:41:00,Viman Nagar,Kothrud,Pune,Auto,Card,3.43,6.5,90.87,1.22,Low,Rain,Completed,Unknown,8.4
B01512,C0124,D0147,2026-02-04 05:55:00,Whitefield,MG Road,Bengaluru,Cab,Wallet,3.28,8.5,135.92,1.22,Medium,Rain,Completed,Unknown,5.4
B01513,C0246,D0134,2026-01-01 12:22:00,Kothrud,Wakad,Pune,Bike,Card,1.27,2.1,47.62,1.05,Low,Clear,Cancelled,Customer,0.0
B01514,C0326,D0129,2026-03-29 15:13:00,Kukatpally,Ameerpet,Hyderabad,Auto,UPI,6.65,19.5,119.85,1.32,High,Clear,Completed,Unknown,2.3
B01515,C0262,D0113,2026-01-07 20:33:00,Malad,Chembur,Mumbai,Bike,Card,5.27,12.4,71.62,1.12,Medium,Clear,Completed,Unknown,0.0
B01516,C0285,D0085,2026-01-25 03:25:00,Madhapur,Banjara Hills,Hyderabad,Cab,UPI,1.68,6.5,113.52,1.32,High,Clear,Completed,Unknown,7.3
B01517,C0394,D0095,2026-03-22 19:13:00,Andheri,Bandra,Mumbai,Cab,UPI,4.0,16.2,146.0,1.78,High,Clear,Completed,Unknown,1.9
B01518,C0262,D0037,2026-03-20 19:43:00,Janakpuri,Dwarka,Delhi,Bike,Cash,3.94,8.8,63.64,1.41,Medium,Clear,Cancelled,Customer,0.0
B01519,C0156,D0002,2026-01-06 01:19:00,HSR Layout,Indiranagar,Bengaluru,Bike,Wallet,1.01,1.8,46.06,1.11,Low,Clear,Completed,Unknown,6.0
B01520,C0075,D0036,2026-03-19 00:42:00,Hinjewadi,Wakad,Pune,Auto,Cash,5.79,12.6,112.11,1.11,Low,Clear,Completed,Unknown,0.0
B01521,C0312,D0068,2026-01-13 15:30:00,Dadar,Colaba,Mumbai,Bike,Card,5.9,17.3,75.4,1.36,High,Clear,Incomplete,Unknown,6.8
B01522,C0232,D0040,2026-01-29 06:42:00,Banjara Hills,Ameerpet,Hyderabad,Cab,UPI,4.17,11.5,148.38,1.09,Medium,Clear,Cancelled,Customer,3.6
B01523,C0114,D0087,2026-02-15 06:39:00,Dadar,Bandra,Mumbai,Auto,UPI,13.16,27.8,178.44,1.08,Medium,Clear,Cancelled,Customer,9.6
B01524,C0092,D0114,2026-01-21 07:25:00,Kharadi,Viman Nagar,Pune,Bike,Card,7.53,19.9,85.18,1.75,Medium,Rain,Completed,Unknown,3.5
B01525,C0033,D0050,2026-03-11 07:54:00,Kharadi,Wakad,Pune,Bike,UPI,3.13,6.6,58.78,1.54,Medium,Clear,Completed,Unknown,0.0
B01526,C0077,D0034,2026-01-21 10:11:00,Dadar,Chembur,Mumbai,Bike,Cash,3.7,10.4,62.2,1.06,Medium,Clear,Completed,Unknown,4.0
B01527,C0175,D0116,2026-02-14 09:56:00,Ameerpet,Secunderabad,Hyderabad,Bike,Cash,3.75,13.6,62.5,1.71,High,Cloudy,Completed,Unknown,2.4
B01528,C0376,D0144,2026-02-26 17:32:00,Powai,Andheri,Mumbai,Bike,Card,4.66,7.5,67.96,1.53,Low,Cloudy,Cancelled,Customer,6.6
B01529,C0223,D0079,2026-02-17 13:04:00,Madhapur,Ameerpet,Hyderabad,Cab,UPI,2.96,7.9,131.44,1.06,Medium,Cloudy,Completed,Unknown,0.0
B01530,C0322,D0137,2026-02-20 20:30:00,Madhapur,Kukatpally,Hyderabad,Bike,Wallet,11.8,35.6,110.8,1.15,Medium,Clear,Completed,Unknown,1.8
B01531,C0274,D0049,2026-03-22 03:04:00,Kothrud,Baner,Pune,Cab,Cash,4.73,10.8,156.22,1.02,Medium,Cloudy,Completed,Unknown,0.0
B01532,C0043,D0066,2026-03-20 10:33:00,Colaba,Andheri,Mumbai,Cab,Card,7.01,15.6,188.14,1.15,Low,Cloudy,Completed,Unknown,4.9
B01533,C0311,D0045,2026-02-02 15:30:00,Madhapur,Banjara Hills,Hyderabad,Cab,Card,2.96,12.0,131.44,1.33,High,Clear,Cancelled,Driver,0.3
B01534,C0141,D0006,2026-02-21 17:59:00,Baner,Viman Nagar,Pune,Auto,Wallet,1.93,5.8,77.37,1.78,High,Cloudy,Cancelled,Driver,9.9
B01535,C0313,D0042,2026-03-27 21:57:00,Hauz Khas,Lajpat Nagar,Delhi,Auto,UPI,1.77,3.5,75.93,1.06,Low,Clear,Completed,Unknown,0.0
B01536,C0167,D0079,2026-03-05 00:24:00,Colaba,Andheri,Mumbai,Auto,Wallet,12.92,47.8,176.28,1.33,High,Clear,Cancelled,Customer,0.6
B01537,C0309,D0131,2026-03-21 11:52:00,Koramangala,Indiranagar,Bengaluru,Bike,Cash,13.26,33.4,119.56,1.03,Medium,Cloudy,Completed,Unknown,7.0
B01538,C0177,D0098,2026-02-24 14:06:00,Electronic City,Koramangala,Bengaluru,Bike,UPI,31.26,87.3,227.56,1.31,High,Clear,Cancelled,Customer,9.8
B01539,C0356,D0114,2026-01-25 10:02:00,Whitefield,Jayanagar,Bengaluru,Bike,Wallet,15.15,33.6,130.9,1.04,Medium,Clear,Completed,Unknown,3.0
B01540,C0170,D0072,2026-01-22 11:24:00,Lajpat Nagar,Janakpuri,Delhi,Auto,Cash,7.16,15.3,124.44,1.1,Low,Clear,Cancelled,Customer,3.8
B01541,C0054,D0060,2026-02-22 18:58:00,Kharadi,Baner,Pune,Bike,Cash,24.01,85.5,184.06,1.97,High,Rain,Completed,Unknown,4.1
B01542,C0271,D0003,2026-01-03 22:21:00,Bandra,Powai,Mumbai,Cab,Cash,16.37,34.4,319.18,1.34,Medium,Rain,Completed,Unknown,9.6
B01543,C0400,D0067,2026-01-09 15:01:00,Jayanagar,Whitefield,Bengaluru,Bike,UPI,2.34,4.9,54.04,1.01,Low,Cloudy,Cancelled,Customer,0.0
B01544,C0105,D0043,2026-02-18 00:41:00,Borivali,Dadar,Mumbai,Bike,UPI,5.93,12.7,75.58,1.05,Low,Clear,Completed,Unknown,0.0
B01545,C0320,D0058,2026-02-12 00:48:00,Kukatpally,Ameerpet,Hyderabad,Bike,Card,20.77,42.2,164.62,1.08,Low,Clear,Completed,Unknown,1.0
B01546,C0283,D0096,2026-02-25 21:29:00,Koramangala,Marathahalli,Bengaluru,Bike,UPI,27.53,56.4,205.18,1.03,Low,Clear,Cancelled,Driver,0.0
B01547,C0089,D0038,2026-01-28 09:40:00,Hauz Khas,Noida Sector 18,Delhi,Bike,UPI,10.95,40.5,105.7,1.7,High,Clear,Cancelled,Customer,6.8
B01548,C0273,D0045,2026-03-16 11:05:00,Kothrud,Hinjewadi,Pune,Cab,UPI,2.6,5.0,126.4,1.08,Low,Clear,Incomplete,Unknown,0.0
B01549,C0046,D0079,2026-03-01 06:24:00,Chembur,Malad,Mumbai,Auto,Cash,4.9,19.6,104.1,1.33,High,Clear,Completed,Unknown,3.2
B01550,C0255,D0084,2026-03-15 12:41:00,MG Road,HSR Layout,Bengaluru,Auto,UPI,5.96,18.9,113.64,1.43,High,Cloudy,Completed,Unknown,6.6
B01551,C0236,D0035,2026-03-15 19:51:00,Chembur,Andheri,Mumbai,Cab,Cash,7.15,19.7,190.1,1.54,Medium,Smog,Completed,Unknown,0.0
B01552,C0331,D0068,2026-01-15 18:23:00,Koramangala,Jayanagar,Bengaluru,Cab,Card,4.56,9.6,153.84,1.42,Medium,Clear,Completed,Unknown,4.1
B01553,C0148,D0131,2026-01-21 11:46:00,Dadar,Malad,Mumbai,Cab,Cash,3.51,13.9,139.14,1.33,High,Cloudy,Completed,Unknown,7.6
B01554,C0335,D0130,2026-01-29 19:31:00,HSR Layout,MG Road,Bengaluru,Cab,Card,2.96,9.2,131.44,1.65,Medium,Rain,Cancelled,Driver,0.0
B01555,C0326,D0004,2026-01-17 18:06:00,Gachibowli,Secunderabad,Hyderabad,Bike,UPI,2.43,9.8,54.58,1.76,High,Clear,Completed,Unknown,16.2
B01556,C0320,D0127,2026-03-11 19:35:00,Kukatpally,Ameerpet,Hyderabad,Auto,UPI,13.08,44.4,177.72,1.71,High,Clear,Completed,Unknown,6.2
B01557,C0318,D0015,2026-02-08 10:39:00,MG Road,HSR Layout,Bengaluru,Bike,Card,11.67,27.6,110.02,1.09,Low,Clear,Completed,Unknown,5.2
B01558,C0062,D0051,2026-02-22 18:16:00,Rohini,Pitampura,Delhi,Auto,UPI,1.35,2.8,72.15,1.43,Medium,Clear,Completed,Unknown,7.3
B01559,C0155,D0076,2026-01-06 04:26:00,Madhapur,Ameerpet,Hyderabad,Bike,UPI,10.04,20.2,100.24,1.03,Low,Cloudy,Completed,Unknown,3.6
B01560,C0176,D0072,2026-01-20 10:52:00,Kukatpally,Banjara Hills,Hyderabad,Cab,Card,1.82,4.3,115.48,1.09,Medium,Cloudy,Completed,Unknown,0.8
B01561,C0005,D0058,2026-01-28 11:40:00,Banjara Hills,Kukatpally,Hyderabad,Bike,Wallet,11.58,19.1,109.48,1.08,Low,Clear,Completed,Unknown,7.8
B01562,C0230,D0132,2026-03-29 18:57:00,Ameerpet,Gachibowli,Hyderabad,Bike,UPI,1.46,4.3,48.76,1.53,Medium,Clear,Completed,Unknown,6.2
B01563,C0238,D0112,2026-03-10 08:00:00,Kharadi,Viman Nagar,Pune,Cab,UPI,3.13,7.8,133.82,1.54,Medium,Smog,Completed,Unknown,12.0
B01564,C0296,D0034,2026-02-18 12:02:00,Lajpat Nagar,Pitampura,Delhi,Auto,UPI,5.29,11.4,107.61,1.03,Medium,Clear,Completed,Unknown,1.7
B01565,C0253,D0045,2026-03-19 21:10:00,Malad,Bandra,Mumbai,Auto,UPI,1.92,5.0,77.28,1.07,Medium,Clear,Completed,Unknown,0.4
B01566,C0150,D0067,2026-02-02 20:04:00,Wakad,Viman Nagar,Pune,Bike,Card,7.63,16.5,85.78,1.02,Medium,Clear,Completed,Unknown,0.1
B01567,C0143,D0014,2026-02-18 13:28:00,Baner,Wakad,Pune,Auto,UPI,2.88,7.7,85.92,1.13,Medium,Clear,Completed,Unknown,0.0
B01568,C0226,D0005,2026-02-07 14:31:00,Whitefield,Electronic City,Bengaluru,Cab,Card,13.73,40.7,282.22,1.01,Medium,Cloudy,Completed,Unknown,8.0
B01569,C0068,D0116,2026-01-22 02:37:00,Wakad,Kharadi,Pune,Bike,UPI,3.84,8.6,63.04,1.03,Medium,Cloudy,Completed,Unknown,0.0
B01570,C0176,D0085,2026-02-03 17:49:00,Saket,Hauz Khas,Delhi,Bike,Card,3.91,11.8,63.46,1.5,Medium,Clear,Cancelled,Customer,0.7
B01571,C0135,D0014,2026-01-30 18:17:00,Malad,Chembur,Mumbai,Bike,UPI,1.58,4.8,49.48,1.45,Medium,Clear,Cancelled,Customer,1.0
B01572,C0193,D0137,2026-01-17 13:38:00,Karol Bagh,Dwarka,Delhi,Cab,Wallet,1.15,3.1,106.1,1.1,Medium,Cloudy,Cancelled,Customer,2.6
B01573,C0327,D0095,2026-02-28 15:52:00,Banjara Hills,Kukatpally,Hyderabad,Cab,UPI,2.77,5.9,128.78,1.14,Medium,Cloudy,Cancelled,Customer,1.2
B01574,C0157,D0023,2026-03-20 13:40:00,Gachibowli,Secunderabad,Hyderabad,Auto,Wallet,3.66,11.9,92.94,1.4,High,Cloudy,Completed,Unknown,4.3
B01575,C0238,D0072,2026-01-08 01:16:00,Jayanagar,Marathahalli,Bengaluru,Auto,UPI,4.63,10.3,101.67,1.03,Medium,Clear,Cancelled,Customer,10.0
B01576,C0060,D0131,2026-02-22 16:55:00,Lajpat Nagar,Karol Bagh,Delhi,Bike,UPI,3.2,9.6,59.2,1.11,Medium,Clear,Completed,Unknown,3.6
B01577,C0046,D0032,2026-03-10 00:11:00,Baner,Wakad,Pune,Cab,UPI,8.78,18.9,212.92,1.11,Low,Clear,Completed,Unknown,0.0
B01578,C0391,D0142,2026-02-20 02:02:00,Electronic City,HSR Layout,Bengaluru,Bike,Cash,16.44,64.1,138.64,1.39,High,Clear,Completed,Unknown,0.8
B01579,C0195,D0039,2026-01-29 02:30:00,Hauz Khas,Connaught Place,Delhi,Cab,UPI,2.77,7.4,128.78,1.34,Medium,Rain,Incomplete,Unknown,0.0
B01580,C0369,D0077,2026-02-25 07:22:00,Hinjewadi,Kharadi,Pune,Auto,UPI,6.18,15.0,115.62,1.52,Medium,Clear,Completed,Unknown,2.1
B01581,C0103,D0015,2026-01-11 10:15:00,Marathahalli,Indiranagar,Bengaluru,Auto,Card,6.05,9.8,114.45,1.08,Low,Clear,Cancelled,Driver,0.0
B01582,C0274,D0086,2026-02-14 21:07:00,MG Road,Koramangala,Bengaluru,Auto,UPI,1.83,4.6,76.47,1.04,Medium,Cloudy,Completed,Unknown,0.4
B01583,C0024,D0117,2026-01-31 06:37:00,MG Road,Marathahalli,Bengaluru,Auto,UPI,5.48,11.7,109.32,1.01,Low,Clear,Completed,Unknown,0.6
B01584,C0163,D0023,2026-02-19 16:24:00,Indiranagar,Electronic City,Bengaluru,Cab,Wallet,1.75,3.1,114.5,1.34,Low,Rain,Cancelled,Customer,3.1
B01585,C0006,D0003,2026-02-19 10:45:00,Dwarka,Janakpuri,Delhi,Bike,UPI,2.24,4.8,53.44,1.06,Low,Clear,Completed,Unknown,3.2
B01586,C0310,D0122,2026-03-01 12:09:00,Chembur,Colaba,Mumbai,Bike,Card,13.7,27.7,122.2,1.03,Low,Clear,Completed,Unknown,0.0
B01587,C0012,D0046,2026-02-23 03:21:00,Kothrud,Viman Nagar,Pune,Cab,Wallet,5.67,12.5,169.38,1.1,Medium,Clear,Completed,Unknown,2.3
B01588,C0144,D0056,2026-03-13 04:17:00,Indiranagar,Marathahalli,Bengaluru,Bike,UPI,6.51,12.3,79.06,1.13,Low,Cloudy,Completed,Unknown,2.8
B01589,C0116,D0126,2026-03-21 02:11:00,Rohini,Janakpuri,Delhi,Cab,Card,3.82,7.8,143.48,1.15,Low,Clear,Completed,Unknown,8.0
B01590,C0308,D0026,2026-03-27 06:36:00,Chembur,Malad,Mumbai,Bike,UPI,2.12,4.0,52.72,1.1,Low,Cloudy,Completed,Unknown,2.1
B01591,C0387,D0023,2026-02-20 05:40:00,Powai,Chembur,Mumbai,Cab,Cash,13.91,24.9,284.74,1.03,Low,Clear,Completed,Unknown,6.4
B01592,C0176,D0102,2026-01-06 11:13:00,Kharadi,Hinjewadi,Pune,Cab,Wallet,14.99,42.5,299.86,1.1,Medium,Clear,Completed,Unknown,0.0
B01593,C0022,D0003,2026-01-29 05:42:00,Wakad,Viman Nagar,Pune,Bike,Cash,6.86,18.9,81.16,1.15,Medium,Clear,Completed,Unknown,4.2
B01594,C0220,D0089,2026-01-15 22:34:00,Janakpuri,Lajpat Nagar,Delhi,Cab,UPI,7.91,19.3,200.74,1.01,Medium,Clear,Completed,Unknown,3.8
B01595,C0129,D0101,2026-01-15 17:50:00,Koramangala,Jayanagar,Bengaluru,Cab,Card,7.06,14.3,188.84,1.44,Low,Clear,Completed,Unknown,4.5
B01596,C0354,D0113,2026-01-23 03:57:00,Jayanagar,Whitefield,Bengaluru,Cab,Card,8.5,19.2,209.0,1.14,Medium,Clear,Completed,Unknown,0.1
B01597,C0129,D0056,2026-03-28 16:31:00,Gachibowli,Ameerpet,Hyderabad,Auto,Cash,9.22,15.8,142.98,1.05,Low,Clear,Completed,Unknown,5.2
B01598,C0081,D0021,2026-01-13 23:21:00,Gachibowli,Secunderabad,Hyderabad,Bike,Card,1.05,2.5,46.3,1.26,Medium,Rain,Completed,Unknown,5.1
B01599,C0094,D0050,2026-01-23 04:31:00,Colaba,Andheri,Mumbai,Cab,Card,1.81,4.4,115.34,1.1,Medium,Clear,Incomplete,Unknown,0.0
B01600,C0160,D0100,2026-03-07 18:17:00,Madhapur,Kukatpally,Hyderabad,Auto,Cash,3.07,7.0,87.63,1.54,Medium,Cloudy,Completed,Unknown,0.0
B01601,C0309,D0134,2026-01-16 15:39:00,Andheri,Bandra,Mumbai,Auto,Card,1.67,4.9,75.03,1.04,Medium,Clear,Completed,Unknown,0.9
B01602,C0346,D0033,2026-01-10 05:33:00,Dadar,Borivali,Mumbai,Auto,UPI,1.06,2.9,69.54,1.07,Medium,Clear,Cancelled,Customer,4.3
B01603,C0393,D0015,2026-03-31 17:42:00,Borivali,Andheri,Mumbai,Bike,UPI,6.67,19.1,80.02,1.78,High,Smog,Completed,Unknown,6.5
B01604,C0102,D0026,2026-03-23 00:09:00,MG Road,Electronic City,Bengaluru,Cab,Card,1.16,2.4,106.24,1.05,Low,Cloudy,Cancelled,Customer,2.2
B01605,C0303,D0060,2026-01-26 05:40:00,Dadar,Chembur,Mumbai,Bike,Wallet,1.21,3.0,47.26,1.06,Medium,Clear,Cancelled,Customer,3.2
B01606,C0220,D0025,2026-01-30 17:29:00,Colaba,Bandra,Mumbai,Cab,Card,1.38,4.3,109.32,1.82,High,Cloudy,Cancelled,Customer,5.1
B01607,C0231,D0019,2026-02-07 08:48:00,Secunderabad,Gachibowli,Hyderabad,Cab,Cash,3.32,9.5,136.48,1.41,Medium,Cloudy,Completed,Unknown,2.1
B01608,C0242,D0144,2026-02-14 10:59:00,Pitampura,Saket,Delhi,Bike,UPI,7.95,16.0,87.7,1.07,Low,Clear,Completed,Unknown,7.4
B01609,C0346,D0076,2026-02-10 00:57:00,Pitampura,Lajpat Nagar,Delhi,Bike,Card,10.11,18.5,100.66,1.03,Low,Clear,Completed,Unknown,0.0
B01610,C0193,D0105,2026-01-17 09:59:00,Andheri,Powai,Mumbai,Auto,Card,1.73,4.1,75.57,1.54,Low,Clear,Completed,Unknown,0.0
B01611,C0331,D0072,2026-03-29 03:33:00,Banjara Hills,Secunderabad,Hyderabad,Cab,UPI,2.08,4.2,119.12,1.13,Low,Cloudy,Completed,Unknown,2.8
B01612,C0353,D0053,2026-02-09 21:53:00,Banjara Hills,Madhapur,Hyderabad,Cab,Cash,1.48,3.1,110.72,1.06,Medium,Cloudy,Completed,Unknown,6.7
B01613,C0224,D0130,2026-03-30 21:15:00,Lajpat Nagar,Dwarka,Delhi,Bike,Card,1.26,3.6,47.56,1.04,Medium,Clear,Completed,Unknown,1.9
B01614,C0224,D0019,2026-02-01 13:37:00,Chembur,Colaba,Mumbai,Auto,Card,8.49,13.8,136.41,1.11,Low,Clear,Cancelled,Customer,5.2
B01615,C0342,D0025,2026-02-16 01:15:00,HSR Layout,Jayanagar,Bengaluru,Auto,UPI,5.38,16.0,108.42,1.51,High,Rain,Completed,Unknown,2.8
B01616,C0263,D0120,2026-01-17 04:25:00,Banjara Hills,Kukatpally,Hyderabad,Cab,UPI,4.25,11.5,149.5,1.04,Medium,Clear,Completed,Unknown,2.9
B01617,C0163,D0031,2026-01-10 17:06:00,Kothrud,Hinjewadi,Pune,Cab,UPI,16.95,34.2,327.3,1.46,Low,Clear,Completed,Unknown,2.1
B01618,C0222,D0026,2026-03-10 16:00:00,Hauz Khas,Connaught Place,Delhi,Cab,Cash,13.46,53.0,278.44,1.41,High,Cloudy,Completed,Unknown,1.8
B01619,C0228,D0044,2026-03-16 02:51:00,Gachibowli,Madhapur,Hyderabad,Auto,UPI,6.16,19.0,115.44,1.21,Medium,Rain,Completed,Unknown,13.6
B01620,C0045,D0015,2026-03-02 10:04:00,Borivali,Bandra,Mumbai,Auto,UPI,4.11,8.8,96.99,1.05,Low,Cloudy,Completed,Unknown,4.2
B01621,C0158,D0031,2026-03-04 03:19:00,Kukatpally,Secunderabad,Hyderabad,Cab,UPI,11.31,32.7,248.34,1.12,Medium,Clear,Completed,Unknown,4.7
B01622,C0049,D0071,2026-02-16 02:47:00,Rohini,Connaught Place,Delhi,Bike,Cash,1.76,4.4,50.56,1.07,Medium,Cloudy,Completed,Unknown,0.0
B01623,C0173,D0074,2026-03-17 18:50:00,Electronic City,Koramangala,Bengaluru,Bike,Cash,3.43,7.6,60.58,1.44,Low,Clear,Completed,Unknown,0.4
B01624,C0125,D0111,2026-01-09 11:13:00,Bandra,Andheri,Mumbai,Cab,Card,1.33,5.1,108.62,1.33,High,Clear,Completed,Unknown,11.1
B01625,C0031,D0023,2026-03-02 14:16:00,Andheri,Chembur,Mumbai,Auto,UPI,3.82,8.9,94.38,1.22,Medium,Rain,Completed,Unknown,4.5
B01626,C0169,D0033,2026-03-23 20:32:00,Ameerpet,Secunderabad,Hyderabad,Auto,UPI,3.83,6.1,94.47,1.11,Low,Clear,Completed,Unknown,0.0
B01627,C0067,D0077,2026-02-10 12:49:00,Kukatpally,Madhapur,Hyderabad,Bike,Wallet,18.99,56.1,153.94,1.07,Medium,Clear,Completed,Unknown,0.0
B01628,C0095,D0026,2026-01-20 08:07:00,Koramangala,Whitefield,Bengaluru,Cab,Cash,1.37,5.1,109.18,1.74,High,Clear,Cancelled,Customer,6.6
B01629,C0234,D0137,2026-03-02 18:13:00,Bandra,Colaba,Mumbai,Auto,Card,1.87,7.4,76.83,1.99,High,Rain,Completed,Unknown,10.5
B01630,C0192,D0005,2026-01-11 09:52:00,Hinjewadi,Wakad,Pune,Bike,Wallet,6.32,13.9,77.92,1.55,Low,Clear,Completed,Unknown,3.4
B01631,C0157,D0053,2026-02-01 20:59:00,Dadar,Malad,Mumbai,Bike,UPI,8.63,16.7,91.78,1.25,Low,Rain,Completed,Unknown,1.8
B01632,C0329,D0058,2026-02-06 08:55:00,Borivali,Bandra,Mumbai,Cab,Cash,2.59,7.4,126.26,1.71,High,Clear,Completed,Unknown,11.2
B01633,C0159,D0014,2026-03-28 20:07:00,Madhapur,Banjara Hills,Hyderabad,Auto,Cash,25.44,46.4,288.96,1.3,Low,Rain,Completed,Unknown,1.9
B01634,C0353,D0087,2026-01-04 08:12:00,Ameerpet,Kukatpally,Hyderabad,Cab,Card,3.73,8.9,142.22,1.5,Medium,Clear,Completed,Unknown,3.9
B01635,C0060,D0005,2026-03-16 17:21:00,Hinjewadi,Baner,Pune,Bike,Cash,1.06,1.8,46.36,1.41,Low,Clear,Completed,Unknown,4.2
B01636,C0031,D0007,2026-02-03 20:25:00,Whitefield,Koramangala,Bengaluru,Bike,Card,11.21,24.2,107.26,1.07,Low,Clear,Completed,Unknown,0.0
B01637,C0227,D0025,2026-02-13 01:11:00,Lajpat Nagar,Connaught Place,Delhi,Bike,Card,5.96,9.8,75.76,1.06,Low,Clear,Cancelled,Customer,3.3
B01638,C0201,D0037,2026-02-08 16:26:00,Madhapur,Secunderabad,Hyderabad,Bike,Card,3.25,6.5,59.5,1.2,Low,Rain,Completed,Unknown,4.6
B01639,C0099,D0102,2026-02-06 05:23:00,Electronic City,Marathahalli,Bengaluru,Cab,UPI,2.76,7.6,128.64,1.22,Medium,Rain,Completed,Unknown,0.0
B01640,C0009,D0125,2026-02-07 17:46:00,Kukatpally,Madhapur,Hyderabad,Auto,Card,6.16,22.5,115.44,1.72,High,Clear,Completed,Unknown,4.4
B01641,C0355,D0132,2026-01-08 02:18:00,Hinjewadi,Viman Nagar,Pune,Auto,Cash,17.31,42.2,215.79,1.22,Medium,Rain,Completed,Unknown,0.0
B01642,C0063,D0045,2026-03-13 08:06:00,Kothrud,Baner,Pune,Cab,Cash,10.36,37.4,235.04,1.84,High,Clear,Completed,Unknown,6.9
B01643,C0230,D0066,2026-03-29 21:04:00,Jayanagar,Koramangala,Bengaluru,Auto,UPI,7.98,17.7,131.82,1.07,Low,Clear,Completed,Unknown,4.1
B01644,C0320,D0098,2026-03-29 17:41:00,HSR Layout,Whitefield,Bengaluru,Auto,UPI,5.18,13.1,106.62,1.51,Medium,Smog,Incomplete,Unknown,2.2
B01645,C0073,D0062,2026-01-30 09:07:00,Kharadi,Wakad,Pune,Bike,Card,1.51,2.6,49.06,1.61,Low,Rain,Completed,Unknown,4.5
B01646,C0293,D0034,2026-01-27 10:55:00,Wakad,Hinjewadi,Pune,Cab,Cash,5.07,10.5,160.98,1.21,Low,Rain,Completed,Unknown,3.9
B01647,C0068,D0022,2026-02-11 03:54:00,Connaught Place,Karol Bagh,Delhi,Auto,UPI,1.26,3.8,71.34,1.02,Medium,Smog,Completed,Unknown,7.8
B01648,C0048,D0060,2026-03-29 10:18:00,Viman Nagar,Hinjewadi,Pune,Cab,Cash,2.88,8.7,130.32,1.11,Medium,Cloudy,Cancelled,Customer,5.1
B01649,C0350,D0030,2026-02-28 21:52:00,Janakpuri,Pitampura,Delhi,Auto,Card,1.66,5.0,74.94,1.64,High,Rain,Cancelled,Customer,13.1
B01650,C0122,D0067,2026-02-19 22:32:00,Wakad,Kothrud,Pune,Auto,Card,3.8,9.3,94.2,1.13,Medium,Clear,Completed,Unknown,0.0
B01651,C0113,D0077,2026-02-10 15:43:00,Kothrud,Kharadi,Pune,Bike,Wallet,1.91,5.4,51.46,1.02,Medium,Smog,Completed,Unknown,0.9
B01652,C0356,D0099,2026-03-25 02:25:00,Colaba,Malad,Mumbai,Cab,UPI,4.9,11.0,158.6,1.04,Medium,Clear,Completed,Unknown,6.6
B01653,C0013,D0091,2026-03-23 21:05:00,Bandra,Powai,Mumbai,Bike,UPI,7.53,16.0,85.18,1.11,Medium,Clear,Completed,Unknown,6.9
B01654,C0190,D0060,2026-01-26 22:37:00,Koramangala,MG Road,Bengaluru,Bike,Cash,1.42,4.2,48.52,1.13,Medium,Cloudy,Completed,Unknown,0.0
B01655,C0279,D0045,2026-02-17 07:35:00,MG Road,Electronic City,Bengaluru,Bike,Card,2.73,7.5,56.38,1.41,Medium,Cloudy,Completed,Unknown,3.2
B01656,C0381,D0051,2026-01-13 20:48:00,Ameerpet,Kukatpally,Hyderabad,Cab,Cash,2.15,8.3,120.1,1.38,High,Clear,Completed,Unknown,3.8
B01657,C0345,D0002,2026-01-08 01:28:00,Borivali,Powai,Mumbai,Bike,Card,4.3,11.1,65.8,1.01,Medium,Clear,Cancelled,Driver,7.6
B01658,C0062,D0122,2026-03-11 00:03:00,Hauz Khas,Noida Sector 18,Delhi,Bike,UPI,2.72,6.3,56.32,1.3,Medium,Rain,Completed,Unknown,0.0
B01659,C0371,D0008,2026-02-16 15:50:00,Pitampura,Hauz Khas,Delhi,Cab,UPI,2.69,10.6,127.66,1.63,High,Rain,Completed,Unknown,10.5
B01660,C0307,D0099,2026-02-09 00:30:00,Bandra,Malad,Mumbai,Bike,UPI,1.87,3.9,51.22,1.11,Low,Cloudy,Cancelled,Customer,4.0
B01661,C0230,D0022,2026-01-16 23:42:00,Banjara Hills,Secunderabad,Hyderabad,Cab,Cash,4.98,13.7,159.72,1.5,High,Rain,Cancelled,Driver,4.6
B01662,C0323,D0031,2026-03-14 10:01:00,Rohini,Karol Bagh,Delhi,Auto,UPI,4.02,14.9,96.18,1.37,High,Clear,Completed,Unknown,2.7
B01663,C0211,D0124,2026-03-08 20:24:00,Chembur,Colaba,Mumbai,Bike,UPI,2.62,5.2,55.72,1.11,Low,Cloudy,Cancelled,Customer,0.6
B01664,C0073,D0053,2026-03-23 04:22:00,Kothrud,Wakad,Pune,Bike,UPI,2.37,5.6,54.22,1.05,Medium,Clear,Cancelled,Customer,4.0
B01665,C0031,D0090,2026-03-08 13:28:00,Indiranagar,Electronic City,Bengaluru,Cab,Cash,22.24,68.0,401.36,1.11,Medium,Clear,Cancelled,Customer,5.5
B01666,C0226,D0136,2026-02-19 13:38:00,Banjara Hills,Ameerpet,Hyderabad,Bike,UPI,4.2,9.8,65.2,1.05,Low,Cloudy,Completed,Unknown,0.0
B01667,C0323,D0140,2026-02-22 06:41:00,Whitefield,MG Road,Bengaluru,Bike,UPI,12.95,46.0,117.7,1.43,High,Smog,Completed,Unknown,3.7
B01668,C0009,D0122,2026-03-01 17:56:00,Dadar,Andheri,Mumbai,Cab,Card,4.34,14.5,150.76,1.8,High,Clear,Completed,Unknown,2.4
B01669,C0347,D0141,2026-03-25 19:20:00,Saket,Pitampura,Delhi,Auto,Wallet,11.79,32.3,166.11,2.01,High,Rain,Cancelled,Customer,2.0
B01670,C0099,D0080,2026-02-26 21:59:00,Pitampura,Dwarka,Delhi,Auto,Card,4.89,8.5,104.01,1.02,Low,Cloudy,Completed,Unknown,0.9
B01671,C0327,D0147,2026-02-14 15:12:00,Lajpat Nagar,Pitampura,Delhi,Auto,Cash,5.36,12.9,108.24,1.02,Medium,Smog,Completed,Unknown,5.2
B01672,C0176,D0073,2026-02-27 03:40:00,Dwarka,Noida Sector 18,Delhi,Cab,UPI,2.01,5.8,118.14,1.42,High,Clear,Cancelled,Customer,6.0
B01673,C0043,D0097,2026-03-23 20:09:00,Secunderabad,Kukatpally,Hyderabad,Cab,UPI,11.09,31.6,245.26,1.39,High,Clear,Completed,Unknown,0.8
B01674,C0161,D0045,2026-01-14 01:34:00,Viman Nagar,Hinjewadi,Pune,Cab,UPI,15.41,34.8,305.74,1.1,Medium,Clear,Completed,Unknown,1.2
B01675,C0299,D0132,2026-01-08 17:43:00,Baner,Viman Nagar,Pune,Cab,Card,1.94,4.6,117.16,1.48,Low,Clear,Cancelled,Customer,2.7
B01676,C0276,D0008,2026-03-27 17:36:00,Pitampura,Dwarka,Delhi,Cab,UPI,1.14,3.5,105.96,1.44,Medium,Clear,Cancelled,Customer,4.2
B01677,C0050,D0090,2026-02-19 23:43:00,Jayanagar,Marathahalli,Bengaluru,Auto,Card,16.9,38.6,212.1,1.0,Low,Clear,Completed,Unknown,3.3
B01678,C0214,D0142,2026-02-11 10:57:00,Banjara Hills,Madhapur,Hyderabad,Auto,Cash,2.28,6.5,80.52,1.44,High,Clear,Completed,Unknown,9.7
B01679,C0376,D0131,2026-01-19 19:50:00,Wakad,Hinjewadi,Pune,Cab,Cash,22.31,39.3,402.34,1.49,Low,Clear,Completed,Unknown,5.2
B01680,C0335,D0140,2026-02-19 00:18:00,Kharadi,Kothrud,Pune,Cab,UPI,3.59,8.6,140.26,1.29,Medium,Rain,Cancelled,Customer,1.3
B01681,C0129,D0072,2026-02-16 08:32:00,Karol Bagh,Noida Sector 18,Delhi,Bike,UPI,1.0,3.1,46.0,1.74,High,Clear,Completed,Unknown,3.9
B01682,C0040,D0069,2026-01-23 00:13:00,Ameerpet,Gachibowli,Hyderabad,Bike,UPI,5.36,11.2,72.16,1.12,Medium,Clear,Completed,Unknown,10.5
B01683,C0146,D0089,2026-02-08 11:42:00,Baner,Kothrud,Pune,Auto,Cash,8.48,15.7,136.32,1.07,Low,Clear,Completed,Unknown,0.0
B01684,C0285,D0071,2026-01-09 17:45:00,Powai,Chembur,Mumbai,Auto,Cash,17.3,68.9,215.7,1.8,High,Clear,Completed,Unknown,0.1
B01685,C0343,D0118,2026-03-25 17:24:00,Malad,Andheri,Mumbai,Cab,Cash,6.42,22.2,179.88,2.0,High,Rain,Completed,Unknown,6.6
B01686,C0334,D0080,2026-02-19 07:11:00,Secunderabad,Gachibowli,Hyderabad,Bike,UPI,2.14,4.8,52.84,1.42,Medium,Clear,Completed,Unknown,0.3
B01687,C0131,D0087,2026-03-27 00:15:00,Wakad,Hinjewadi,Pune,Bike,Wallet,10.61,31.3,103.66,1.08,Medium,Clear,Completed,Unknown,4.5
B01688,C0050,D0060,2026-02-06 16:51:00,Dadar,Chembur,Mumbai,Auto,Card,10.9,29.9,158.1,1.06,Medium,Clear,Completed,Unknown,0.7
B01689,C0101,D0055,2026-03-15 11:20:00,Saket,Lajpat Nagar,Delhi,Auto,UPI,1.18,2.2,70.62,1.1,Low,Cloudy,Completed,Unknown,6.6
B01690,C0187,D0142,2026-01-14 14:23:00,Marathahalli,Koramangala,Bengaluru,Auto,Wallet,17.71,54.2,219.39,1.06,Medium,Cloudy,Cancelled,Driver,7.4
B01691,C0048,D0089,2026-03-09 20:38:00,Hinjewadi,Wakad,Pune,Auto,UPI,3.27,7.8,89.43,1.21,Low,Rain,Cancelled,Customer,7.8
B01692,C0331,D0039,2026-01-11 04:18:00,Koramangala,MG Road,Bengaluru,Cab,Card,1.51,2.7,111.14,1.07,Low,Cloudy,Completed,Unknown,6.0
B01693,C0092,D0073,2026-03-07 02:18:00,Whitefield,Marathahalli,Bengaluru,Cab,Wallet,4.41,11.1,151.74,1.06,Medium,Clear,Completed,Unknown,3.0
B01694,C0105,D0031,2026-02-09 10:24:00,Secunderabad,Banjara Hills,Hyderabad,Auto,Card,9.51,20.3,145.59,1.05,Low,Clear,Incomplete,Unknown,8.5
B01695,C0049,D0063,2026-01-22 23:06:00,Colaba,Borivali,Mumbai,Bike,Cash,9.37,21.8,96.22,1.12,Medium,Clear,Completed,Unknown,3.8
B01696,C0332,D0060,2026-01-30 13:51:00,Gachibowli,Madhapur,Hyderabad,Cab,Card,4.62,8.2,154.68,1.25,Low,Rain,Completed,Unknown,2.7
B01697,C0095,D0025,2026-01-08 15:47:00,Baner,Hinjewadi,Pune,Cab,Card,7.15,17.2,190.1,1.0,Medium,Clear,Completed,Unknown,0.0
B01698,C0176,D0133,2026-03-15 15:51:00,Baner,Kothrud,Pune,Auto,UPI,24.83,53.8,283.47,1.09,Low,Clear,Completed,Unknown,4.2
B01699,C0195,D0008,2026-02-17 15:04:00,Colaba,Powai,Mumbai,Auto,UPI,1.19,4.1,70.71,1.4,High,Cloudy,Completed,Unknown,6.8
B01700,C0289,D0063,2026-03-23 20:04:00,Kukatpally,Banjara Hills,Hyderabad,Auto,Card,25.26,101.9,287.34,1.4,High,Cloudy,Cancelled,Customer,2.7
B01701,C0076,D0085,2026-02-13 03:28:00,Kukatpally,Madhapur,Hyderabad,Auto,UPI,1.19,3.4,70.71,1.4,High,Clear,Incomplete,Unknown,4.4
B01702,C0219,D0005,2026-01-20 17:33:00,Electronic City,Jayanagar,Bengaluru,Auto,Cash,1.9,7.6,77.1,1.82,High,Cloudy,Completed,Unknown,11.1
B01703,C0081,D0136,2026-01-01 19:15:00,Connaught Place,Hauz Khas,Delhi,Auto,UPI,6.27,19.2,116.43,1.9,High,Rain,Cancelled,Customer,4.1
B01704,C0273,D0003,2026-03-31 03:31:00,Janakpuri,Connaught Place,Delhi,Bike,UPI,1.15,3.0,46.9,1.26,Medium,Rain,Completed,Unknown,2.0
B01705,C0074,D0124,2026-03-22 09:42:00,Wakad,Kothrud,Pune,Auto,UPI,6.87,18.0,121.83,1.49,Medium,Clear,Cancelled,Customer,0.1
B01706,C0300,D0051,2026-02-01 07:09:00,Banjara Hills,Secunderabad,Hyderabad,Auto,UPI,8.34,15.8,135.06,1.55,Low,Clear,Completed,Unknown,9.3
B01707,C0045,D0065,2026-02-05 13:54:00,Colaba,Andheri,Mumbai,Cab,Card,3.3,7.9,136.2,1.01,Low,Clear,Cancelled,Customer,0.0
B01708,C0195,D0097,2026-02-12 13:50:00,Kukatpally,Secunderabad,Hyderabad,Bike,UPI,8.26,17.6,89.56,1.08,Medium,Clear,Cancelled,Customer,0.0
B01709,C0400,D0003,2026-01-17 15:49:00,MG Road,Marathahalli,Bengaluru,Cab,Card,9.65,25.0,225.1,1.01,Medium,Cloudy,Completed,Unknown,0.0
B01710,C0340,D0087,2026-02-26 07:04:00,Electronic City,Jayanagar,Bengaluru,Bike,Card,2.84,11.5,57.04,1.72,High,Clear,Completed,Unknown,10.6
B01711,C0002,D0050,2026-03-17 15:19:00,Bandra,Powai,Mumbai,Bike,UPI,5.65,17.7,73.9,1.4,High,Cloudy,Completed,Unknown,1.4
B01712,C0109,D0028,2026-01-14 04:06:00,HSR Layout,Koramangala,Bengaluru,Auto,UPI,10.57,22.6,155.13,1.23,Low,Rain,Completed,Unknown,1.9
B01713,C0331,D0070,2026-02-07 15:59:00,Kukatpally,Gachibowli,Hyderabad,Auto,Card,4.85,12.4,103.65,1.07,Medium,Clear,Completed,Unknown,8.4
B01714,C0388,D0074,2026-03-06 23:39:00,Rohini,Pitampura,Delhi,Cab,Cash,7.59,17.8,196.26,1.11,Low,Clear,Completed,Unknown,0.0
B01715,C0371,D0029,2026-03-30 04:21:00,Madhapur,Banjara Hills,Hyderabad,Bike,Cash,11.85,48.2,111.1,1.62,High,Rain,Cancelled,Driver,3.2
B01716,C0174,D0140,2026-01-26 09:44:00,Hauz Khas,Karol Bagh,Delhi,Auto,Card,5.42,18.2,108.78,1.8,High,Clear,Completed,Unknown,11.1
B01717,C0056,D0008,2026-01-09 12:05:00,Jayanagar,Electronic City,Bengaluru,Bike,Wallet,2.39,4.1,54.34,1.09,Low,Cloudy,Completed,Unknown,8.1
B01718,C0359,D0103,2026-02-11 16:08:00,Andheri,Dadar,Mumbai,Bike,UPI,1.14,2.4,46.84,1.03,Low,Cloudy,Incomplete,Unknown,5.1
B01719,C0010,D0056,2026-02-23 03:34:00,Whitefield,Jayanagar,Bengaluru,Bike,Card,9.27,21.8,95.62,1.05,Medium,Smog,Completed,Unknown,11.5
B01720,C0313,D0072,2026-03-22 09:50:00,MG Road,Koramangala,Bengaluru,Bike,Card,12.25,41.0,113.5,1.73,High,Cloudy,Completed,Unknown,3.4
B01721,C0190,D0003,2026-03-03 16:17:00,Wakad,Viman Nagar,Pune,Auto,Card,2.49,7.2,82.41,1.1,Medium,Clear,Cancelled,Customer,0.0
B01722,C0215,D0014,2026-02-23 01:43:00,Gachibowli,Ameerpet,Hyderabad,Auto,UPI,1.75,4.5,75.75,1.14,Medium,Clear,Completed,Unknown,4.4
B01723,C0186,D0074,2026-02-18 13:57:00,Secunderabad,Madhapur,Hyderabad,Bike,Wallet,1.11,2.6,46.66,1.02,Low,Cloudy,Completed,Unknown,6.7
B01724,C0177,D0072,2026-01-13 08:39:00,HSR Layout,Jayanagar,Bengaluru,Bike,UPI,23.13,80.2,178.78,1.82,High,Clear,Completed,Unknown,7.1
B01725,C0128,D0075,2026-01-12 17:44:00,Dadar,Andheri,Mumbai,Bike,Cash,1.7,4.5,50.2,1.48,Medium,Clear,Completed,Unknown,2.3
B01726,C0193,D0108,2026-01-05 18:01:00,Ameerpet,Madhapur,Hyderabad,Bike,UPI,2.17,4.5,53.02,1.44,Medium,Clear,Completed,Unknown,7.2
B01727,C0364,D0122,2026-02-17 19:51:00,Hinjewadi,Viman Nagar,Pune,Cab,Card,7.66,24.6,197.24,1.7,High,Clear,Incomplete,Unknown,1.2
B01728,C0341,D0008,2026-02-28 00:00:00,Karol Bagh,Janakpuri,Delhi,Cab,Card,3.31,7.2,136.34,1.28,Low,Rain,Cancelled,Customer,5.7
B01729,C0309,D0120,2026-03-12 18:32:00,Wakad,Viman Nagar,Pune,Bike,UPI,2.56,10.4,55.36,1.83,High,Clear,Completed,Unknown,6.1
B01730,C0251,D0045,2026-03-15 08:22:00,MG Road,Indiranagar,Bengaluru,Cab,UPI,11.23,25.3,247.22,1.47,Medium,Clear,Completed,Unknown,2.8
B01731,C0289,D0132,2026-03-10 19:00:00,Ameerpet,Gachibowli,Hyderabad,Bike,UPI,10.0,32.8,100.0,1.79,High,Cloudy,Completed,Unknown,1.9
B01732,C0353,D0120,2026-01-15 20:18:00,Marathahalli,Electronic City,Bengaluru,Auto,Wallet,4.48,8.0,100.32,1.33,Low,Rain,Completed,Unknown,1.3
B01733,C0022,D0023,2026-03-27 02:39:00,Chembur,Powai,Mumbai,Auto,UPI,1.64,4.7,74.76,1.34,High,Clear,Completed,Unknown,7.5
B01734,C0024,D0033,2026-03-05 15:08:00,Whitefield,Jayanagar,Bengaluru,Bike,Cash,16.55,46.1,139.3,1.05,Medium,Clear,Completed,Unknown,0.8
B01735,C0196,D0124,2026-01-29 05:39:00,Borivali,Andheri,Mumbai,Cab,Cash,26.11,46.5,455.54,1.13,Low,Clear,Completed,Unknown,2.2
B01736,C0187,D0017,2026-02-12 05:14:00,Andheri,Chembur,Mumbai,Auto,Wallet,9.17,21.6,142.53,1.08,Low,Cloudy,Completed,Unknown,5.5
B01737,C0347,D0069,2026-03-13 08:00:00,Karol Bagh,Dwarka,Delhi,Bike,UPI,1.16,4.7,46.96,1.74,High,Clear,Cancelled,Customer,9.3
B01738,C0209,D0032,2026-02-14 11:36:00,Ameerpet,Banjara Hills,Hyderabad,Auto,UPI,6.64,11.6,119.76,1.14,Low,Clear,Completed,Unknown,0.0
B01739,C0391,D0069,2026-01-16 17:00:00,Gachibowli,Ameerpet,Hyderabad,Bike,Card,7.31,23.0,83.86,1.76,High,Clear,Completed,Unknown,6.0
B01740,C0269,D0036,2026-02-13 09:27:00,Electronic City,Marathahalli,Bengaluru,Bike,UPI,4.48,15.3,66.88,1.73,High,Clear,Completed,Unknown,0.9
B01741,C0087,D0074,2026-02-21 12:27:00,Rohini,Dwarka,Delhi,Cab,Card,17.94,52.2,341.16,1.11,Medium,Cloudy,Completed,Unknown,2.4
B01742,C0387,D0093,2026-01-13 19:30:00,MG Road,Marathahalli,Bengaluru,Cab,UPI,22.56,91.5,405.84,1.85,High,Clear,Completed,Unknown,8.7
B01743,C0315,D0069,2026-03-11 15:49:00,Viman Nagar,Baner,Pune,Cab,Wallet,17.69,35.5,337.66,1.1,Low,Cloudy,Completed,Unknown,8.3
B01744,C0238,D0079,2026-03-18 10:37:00,Powai,Malad,Mumbai,Bike,Card,6.57,11.7,79.42,1.11,Low,Clear,Completed,Unknown,2.2
B01745,C0101,D0033,2026-01-11 06:02:00,Colaba,Dadar,Mumbai,Cab,Cash,3.02,6.6,132.28,1.08,Low,Clear,Completed,Unknown,0.0
B01746,C0131,D0051,2026-02-25 05:59:00,Baner,Kothrud,Pune,Bike,UPI,12.98,29.9,117.88,1.14,Low,Clear,Incomplete,Unknown,11.0
B01747,C0204,D0100,2026-01-08 16:12:00,Kothrud,Viman Nagar,Pune,Bike,Card,6.33,19.2,77.98,1.09,Medium,Clear,Cancelled,Customer,1.5
B01748,C0087,D0073,2026-02-08 02:15:00,Wakad,Baner,Pune,Bike,Cash,11.4,19.9,108.4,1.2,Low,Rain,Completed,Unknown,0.5
B01749,C0172,D0004,2026-01-24 09:24:00,Hinjewadi,Kharadi,Pune,Cab,Wallet,10.3,34.1,234.2,1.76,High,Clear,Cancelled,Driver,12.1
B01750,C0214,D0045,2026-01-01 17:54:00,Banjara Hills,Secunderabad,Hyderabad,Cab,UPI,1.62,5.7,112.68,1.81,High,Clear,Completed,Unknown,9.9
B01751,C0037,D0088,2026-03-19 15:04:00,Malad,Powai,Mumbai,Cab,Card,10.15,17.9,232.1,1.01,Low,Cloudy,Completed,Unknown,0.0
B01752,C0367,D0088,2026-02-01 09:39:00,Whitefield,Koramangala,Bengaluru,Cab,UPI,14.97,42.0,299.58,1.74,High,Clear,Cancelled,Customer,3.0
B01753,C0197,D0079,2026-02-11 19:32:00,Indiranagar,MG Road,Bengaluru,Bike,UPI,3.38,7.6,60.28,1.45,Low,Smog,Completed,Unknown,8.0
B01754,C0191,D0010,2026-03-24 14:24:00,Connaught Place,Dwarka,Delhi,Cab,UPI,34.95,65.3,579.3,1.1,Low,Clear,Cancelled,Customer,7.6
B01755,C0149,D0073,2026-02-22 01:26:00,Hauz Khas,Pitampura,Delhi,Cab,UPI,12.79,24.7,269.06,1.06,Low,Clear,Completed,Unknown,0.0
B01756,C0052,D0026,2026-02-24 16:25:00,HSR Layout,Indiranagar,Bengaluru,Auto,Wallet,2.54,4.3,82.86,1.12,Low,Clear,Incomplete,Unknown,4.4
B01757,C0223,D0131,2026-02-11 04:22:00,Bandra,Colaba,Mumbai,Auto,UPI,2.2,3.8,79.8,1.05,Low,Clear,Completed,Unknown,2.4
B01758,C0033,D0114,2026-02-28 08:12:00,Dadar,Andheri,Mumbai,Cab,UPI,9.08,16.1,217.12,1.54,Low,Clear,Completed,Unknown,0.4
B01759,C0339,D0134,2026-02-26 00:24:00,Kharadi,Kothrud,Pune,Auto,UPI,3.48,10.6,91.32,1.03,Medium,Clear,Completed,Unknown,4.0
B01760,C0302,D0015,2026-01-01 21:16:00,Electronic City,Jayanagar,Bengaluru,Auto,Cash,14.27,55.4,188.43,1.42,High,Cloudy,Completed,Unknown,4.0
B01761,C0123,D0072,2026-01-05 13:01:00,Kharadi,Wakad,Pune,Auto,Wallet,4.41,9.9,99.69,1.11,Low,Smog,Completed,Unknown,0.0
B01762,C0050,D0090,2026-03-07 16:05:00,Ameerpet,Secunderabad,Hyderabad,Cab,Cash,4.42,17.6,151.88,1.37,High,Clear,Completed,Unknown,3.6
B01763,C0071,D0115,2026-01-01 23:13:00,Gachibowli,Madhapur,Hyderabad,Bike,UPI,25.14,41.5,190.84,1.01,Low,Smog,Completed,Unknown,2.8
B01764,C0188,D0063,2026-02-10 12:08:00,Gachibowli,Ameerpet,Hyderabad,Cab,UPI,2.66,7.5,127.24,1.01,Medium,Clear,Completed,Unknown,0.7
B01765,C0296,D0078,2026-02-26 05:55:00,Marathahalli,Whitefield,Bengaluru,Bike,UPI,5.52,15.5,73.12,1.1,Medium,Clear,Completed,Unknown,7.3
B01766,C0303,D0056,2026-01-11 18:12:00,Ameerpet,Banjara Hills,Hyderabad,Auto,UPI,15.09,59.1,195.81,1.81,High,Clear,Cancelled,Customer,6.2
B01767,C0096,D0062,2026-01-26 06:49:00,Saket,Lajpat Nagar,Delhi,Cab,UPI,5.86,12.2,172.04,1.02,Medium,Clear,Completed,Unknown,6.2
B01768,C0026,D0147,2026-01-05 18:59:00,Chembur,Dadar,Mumbai,Cab,UPI,2.93,8.9,131.02,1.46,Medium,Smog,Completed,Unknown,6.8
B01769,C0120,D0041,2026-03-28 11:48:00,Secunderabad,Gachibowli,Hyderabad,Auto,Cash,5.91,18.3,113.19,1.08,Medium,Cloudy,Completed,Unknown,0.0
B01770,C0306,D0128,2026-02-01 16:11:00,Kukatpally,Banjara Hills,Hyderabad,Auto,UPI,2.14,6.5,79.26,1.08,Medium,Clear,Completed,Unknown,0.7
B01771,C0081,D0009,2026-02-24 14:25:00,Rohini,Noida Sector 18,Delhi,Bike,Card,1.11,3.3,46.66,1.1,Medium,Cloudy,Completed,Unknown,4.1
B01772,C0013,D0109,2026-03-20 06:30:00,Secunderabad,Kukatpally,Hyderabad,Bike,Card,1.64,3.3,49.84,1.06,Low,Clear,Completed,Unknown,4.1
B01773,C0179,D0030,2026-01-09 14:28:00,Hinjewadi,Baner,Pune,Cab,Card,3.44,6.4,138.16,1.02,Low,Clear,Completed,Unknown,0.0
B01774,C0179,D0141,2026-03-02 02:53:00,Dadar,Colaba,Mumbai,Auto,UPI,7.2,20.6,124.8,1.34,Medium,Rain,Completed,Unknown,0.0
B01775,C0095,D0150,2026-02-22 03:57:00,Jayanagar,HSR Layout,Bengaluru,Auto,Cash,4.03,11.6,96.27,1.1,Medium,Cloudy,Completed,Unknown,12.5
B01776,C0026,D0068,2026-03-15 15:53:00,MG Road,Whitefield,Bengaluru,Cab,Card,4.79,8.2,157.06,1.03,Low,Clear,Completed,Unknown,2.9
B01777,C0250,D0073,2026-01-06 00:11:00,Malad,Colaba,Mumbai,Cab,UPI,16.61,37.4,322.54,1.04,Low,Cloudy,Incomplete,Unknown,0.0
B01778,C0103,D0071,2026-03-05 11:13:00,Colaba,Dadar,Mumbai,Cab,UPI,1.57,3.6,111.98,1.14,Low,Clear,Completed,Unknown,1.5
B01779,C0046,D0060,2026-01-23 07:12:00,Andheri,Dadar,Mumbai,Cab,Card,3.06,8.1,132.84,1.52,Medium,Cloudy,Completed,Unknown,2.8
B01780,C0335,D0050,2026-02-04 23:32:00,Dadar,Borivali,Mumbai,Cab,UPI,15.78,45.0,310.92,1.23,Medium,Rain,Completed,Unknown,0.0
B01781,C0367,D0099,2026-02-17 23:38:00,Karol Bagh,Saket,Delhi,Cab,Cash,1.5,3.4,111.0,1.02,Low,Clear,Completed,Unknown,9.4
B01782,C0092,D0147,2026-02-11 23:35:00,Colaba,Andheri,Mumbai,Bike,UPI,7.47,15.6,84.82,1.07,Low,Clear,Completed,Unknown,0.3
B01783,C0040,D0025,2026-03-24 19:28:00,Electronic City,Koramangala,Bengaluru,Bike,UPI,1.09,3.8,46.54,1.7,High,Clear,Cancelled,Customer,4.6
B01784,C0168,D0067,2026-02-08 10:13:00,Powai,Chembur,Mumbai,Bike,Wallet,1.19,2.0,47.14,1.06,Low,Clear,Cancelled,Customer,0.5
B01785,C0099,D0116,2026-03-20 19:27:00,Banjara Hills,Gachibowli,Hyderabad,Bike,Wallet,10.37,21.7,102.22,1.44,Medium,Cloudy,Completed,Unknown,4.3
B01786,C0209,D0090,2026-01-12 03:33:00,Marathahalli,MG Road,Bengaluru,Auto,Cash,12.85,47.0,175.65,1.31,High,Cloudy,Completed,Unknown,7.8
B01787,C0302,D0052,2026-02-03 18:55:00,Wakad,Kharadi,Pune,Auto,UPI,4.28,9.4,98.52,1.54,Medium,Cloudy,Cancelled,Customer,6.4
B01788,C0358,D0138,2026-03-28 17:39:00,Kukatpally,Gachibowli,Hyderabad,Cab,UPI,3.66,11.3,141.24,2.0,High,Rain,Completed,Unknown,2.0
B01789,C0191,D0069,2026-02-25 06:29:00,Kukatpally,Madhapur,Hyderabad,Bike,Wallet,13.57,47.1,121.42,1.64,High,Rain,Cancelled,Customer,11.1
B01790,C0150,D0041,2026-01-07 18:21:00,Karol Bagh,Noida Sector 18,Delhi,Bike,UPI,5.95,15.2,75.7,1.43,Medium,Cloudy,Completed,Unknown,2.1
B01791,C0150,D0140,2026-03-26 08:19:00,Janakpuri,Hauz Khas,Delhi,Auto,Cash,3.41,8.8,90.69,1.51,Medium,Clear,Cancelled,Customer,0.0
B01792,C0278,D0089,2026-01-30 03:22:00,Malad,Andheri,Mumbai,Auto,Card,7.39,15.5,126.51,1.11,Medium,Cloudy,Completed,Unknown,2.7
B01793,C0057,D0111,2026-01-24 17:07:00,Secunderabad,Madhapur,Hyderabad,Auto,UPI,16.95,47.3,212.55,1.41,Medium,Clear,Cancelled,Customer,9.5
B01794,C0320,D0053,2026-01-31 03:56:00,Kothrud,Hinjewadi,Pune,Auto,Card,2.67,6.2,84.03,1.1,Low,Clear,Completed,Unknown,5.0
B01795,C0369,D0113,2026-01-28 03:11:00,Banjara Hills,Madhapur,Hyderabad,Cab,Card,7.84,30.6,199.76,1.41,High,Clear,Completed,Unknown,4.8
B01796,C0129,D0034,2026-03-05 10:27:00,Kukatpally,Madhapur,Hyderabad,Bike,Cash,1.37,3.8,48.22,1.08,Medium,Cloudy,Incomplete,Unknown,2.9
B01797,C0099,D0030,2026-03-29 02:31:00,Rohini,Pitampura,Delhi,Auto,UPI,4.45,11.0,100.05,1.09,Medium,Smog,Cancelled,Customer,7.7
B01798,C0245,D0032,2026-03-20 05:50:00,Kothrud,Kharadi,Pune,Bike,Wallet,2.58,4.9,55.48,1.09,Low,Clear,Incomplete,Unknown,0.0
B01799,C0285,D0063,2026-01-17 15:19:00,Janakpuri,Connaught Place,Delhi,Cab,Card,6.34,17.8,178.76,1.11,Medium,Clear,Completed,Unknown,0.0
B01800,C0037,D0069,2026-02-15 15:41:00,Dwarka,Janakpuri,Delhi,Bike,Cash,5.64,10.8,73.84,1.13,Low,Cloudy,Cancelled,Driver,6.3
B01801,C0159,D0094,2026-01-12 06:45:00,Koramangala,Marathahalli,Bengaluru,Bike,Card,1.61,2.6,49.66,1.15,Low,Cloudy,Completed,Unknown,8.0
B01802,C0217,D0142,2026-02-27 03:45:00,Powai,Colaba,Mumbai,Bike,UPI,5.9,12.9,75.4,1.24,Low,Rain,Cancelled,Customer,8.9
B01803,C0079,D0067,2026-02-05 21:45:00,Whitefield,Marathahalli,Bengaluru,Cab,Cash,1.44,2.8,110.16,1.09,Low,Clear,Completed,Unknown,0.4
B01804,C0082,D0088,2026-03-30 12:42:00,Borivali,Colaba,Mumbai,Cab,Wallet,2.08,4.5,119.12,1.08,Medium,Clear,Completed,Unknown,1.1
B01805,C0358,D0099,2026-02-10 02:12:00,Rohini,Saket,Delhi,Bike,Wallet,10.8,20.0,104.8,1.11,Low,Clear,Completed,Unknown,10.6
B01806,C0386,D0050,2026-03-24 15:46:00,Baner,Viman Nagar,Pune,Auto,UPI,5.22,14.5,106.98,1.33,Medium,Rain,Completed,Unknown,4.9
B01807,C0222,D0128,2026-03-21 16:24:00,Hinjewadi,Baner,Pune,Cab,UPI,15.53,45.4,307.42,1.06,Medium,Clear,Completed,Unknown,1.2
B01808,C0139,D0133,2026-01-27 11:20:00,Borivali,Colaba,Mumbai,Bike,Cash,4.68,9.7,68.08,1.09,Low,Clear,Completed,Unknown,0.2
B01809,C0367,D0053,2026-03-22 04:33:00,Hauz Khas,Dwarka,Delhi,Auto,Cash,2.74,4.5,84.66,1.04,Low,Cloudy,Cancelled,Customer,1.6
B01810,C0065,D0136,2026-03-28 05:03:00,Hinjewadi,Baner,Pune,Bike,Card,1.78,3.4,50.68,1.12,Low,Clear,Completed,Unknown,1.8
B01811,C0028,D0050,2026-01-06 13:08:00,Saket,Rohini,Delhi,Auto,UPI,6.37,17.6,117.33,1.15,Medium,Clear,Cancelled,Driver,0.0
B01812,C0163,D0021,2026-02-15 13:03:00,Rohini,Pitampura,Delhi,Cab,UPI,17.91,30.9,340.74,1.0,Low,Smog,Completed,Unknown,2.0
B01813,C0222,D0125,2026-02-20 09:12:00,Marathahalli,MG Road,Bengaluru,Cab,UPI,2.11,3.7,119.54,1.73,Low,Rain,Cancelled,Driver,2.1
B01814,C0281,D0052,2026-01-17 05:21:00,MG Road,Jayanagar,Bengaluru,Auto,UPI,1.59,3.1,74.31,1.08,Low,Clear,Completed,Unknown,7.1
B01815,C0389,D0052,2026-01-06 04:20:00,Koramangala,Whitefield,Bengaluru,Bike,UPI,2.86,6.2,57.16,1.1,Low,Clear,Cancelled,Driver,10.4
B01816,C0234,D0130,2026-02-12 01:20:00,Gachibowli,Kukatpally,Hyderabad,Auto,Card,2.88,10.8,85.92,1.32,High,Clear,Cancelled,Customer,1.9
B01817,C0006,D0013,2026-01-26 05:04:00,Electronic City,Whitefield,Bengaluru,Auto,UPI,1.88,5.2,76.92,1.43,High,Clear,Cancelled,Driver,6.6
B01818,C0135,D0095,2026-01-27 07:53:00,Viman Nagar,Wakad,Pune,Cab,Wallet,9.22,27.4,219.08,1.78,High,Clear,Cancelled,Driver,4.2
B01819,C0065,D0140,2026-02-18 05:06:00,Andheri,Bandra,Mumbai,Auto,Card,2.39,7.3,81.51,1.08,Medium,Clear,Completed,Unknown,5.4
B01820,C0175,D0012,2026-01-17 12:16:00,Indiranagar,Electronic City,Bengaluru,Auto,Cash,5.54,9.9,109.86,1.08,Low,Clear,Completed,Unknown,4.7
B01821,C0387,D0040,2026-01-12 03:01:00,Madhapur,Secunderabad,Hyderabad,Auto,UPI,4.95,10.5,104.55,1.06,Medium,Cloudy,Completed,Unknown,0.0
B01822,C0158,D0064,2026-01-01 21:13:00,Pitampura,Rohini,Delhi,Auto,UPI,20.22,32.4,241.98,1.09,Low,Cloudy,Completed,Unknown,6.1
B01823,C0095,D0033,2026-02-08 16:04:00,Ameerpet,Secunderabad,Hyderabad,Cab,Card,8.79,22.3,213.06,1.14,Medium,Cloudy,Completed,Unknown,0.0
B01824,C0239,D0090,2026-02-07 21:40:00,Banjara Hills,Madhapur,Hyderabad,Cab,UPI,7.31,16.1,192.34,1.14,Low,Clear,Completed,Unknown,5.7
B01825,C0331,D0122,2026-02-12 14:27:00,Electronic City,Koramangala,Bengaluru,Bike,Card,8.54,19.1,91.24,1.13,Low,Cloudy,Completed,Unknown,7.3
B01826,C0273,D0134,2026-03-02 23:09:00,Powai,Borivali,Mumbai,Auto,Cash,2.77,6.4,84.93,1.05,Medium,Clear,Cancelled,Customer,1.6
B01827,C0084,D0114,2026-01-02 20:35:00,Whitefield,Jayanagar,Bengaluru,Auto,UPI,1.32,4.5,71.88,1.65,High,Rain,Completed,Unknown,4.0
B01828,C0144,D0011,2026-01-17 21:51:00,Koramangala,Whitefield,Bengaluru,Auto,Cash,4.15,8.0,97.35,1.08,Low,Clear,Cancelled,Driver,4.6
B01829,C0037,D0095,2026-03-12 14:59:00,Colaba,Malad,Mumbai,Bike,UPI,4.34,13.0,66.04,1.42,High,Clear,Completed,Unknown,0.7
B01830,C0039,D0051,2026-03-21 03:48:00,Dadar,Colaba,Mumbai,Bike,UPI,6.24,13.0,77.44,1.02,Medium,Cloudy,Completed,Unknown,0.1
B01831,C0129,D0034,2026-01-28 09:57:00,Saket,Dwarka,Delhi,Bike,Wallet,4.08,14.6,64.48,1.78,High,Cloudy,Cancelled,Customer,6.3
B01832,C0195,D0121,2026-02-24 18:40:00,Pitampura,Saket,Delhi,Auto,Cash,11.03,31.6,159.27,1.44,Medium,Smog,Completed,Unknown,1.0
B01833,C0311,D0072,2026-01-15 05:25:00,Malad,Dadar,Mumbai,Auto,UPI,7.66,18.5,128.94,1.07,Medium,Clear,Completed,Unknown,5.7
B01834,C0118,D0142,2026-01-25 19:20:00,Noida Sector 18,Janakpuri,Delhi,Bike,UPI,8.71,33.8,92.26,1.74,High,Cloudy,Completed,Unknown,2.4
B01835,C0012,D0102,2026-01-21 15:35:00,Noida Sector 18,Lajpat Nagar,Delhi,Auto,Card,8.6,14.7,137.4,1.07,Low,Smog,Completed,Unknown,0.0
B01836,C0193,D0071,2026-03-28 11:51:00,Marathahalli,MG Road,Bengaluru,Bike,UPI,14.94,29.4,129.64,1.07,Low,Clear,Completed,Unknown,0.0
B01837,C0273,D0060,2026-03-14 04:22:00,Karol Bagh,Hauz Khas,Delhi,Bike,Card,3.39,6.9,60.34,1.15,Low,Clear,Completed,Unknown,2.9
B01838,C0246,D0146,2026-03-08 13:05:00,Wakad,Baner,Pune,Cab,Card,13.13,29.5,273.82,1.11,Medium,Clear,Completed,Unknown,0.0
B01839,C0095,D0103,2026-01-09 17:47:00,Chembur,Malad,Mumbai,Bike,Cash,2.49,5.8,54.94,1.53,Medium,Cloudy,Completed,Unknown,0.0
B01840,C0072,D0147,2026-03-26 16:17:00,Koramangala,Marathahalli,Bengaluru,Auto,Cash,3.95,9.3,95.55,1.09,Low,Clear,Completed,Unknown,4.5
B01841,C0313,D0140,2026-01-08 06:11:00,MG Road,Whitefield,Bengaluru,Cab,UPI,2.15,5.2,120.1,1.12,Low,Smog,Completed,Unknown,1.2
B01842,C0104,D0072,2026-02-10 16:15:00,Saket,Lajpat Nagar,Delhi,Bike,Card,1.31,3.1,47.86,1.09,Medium,Clear,Incomplete,Unknown,0.4
B01843,C0381,D0026,2026-01-14 20:45:00,Connaught Place,Noida Sector 18,Delhi,Cab,UPI,26.51,46.6,461.14,1.07,Low,Clear,Completed,Unknown,6.5
B01844,C0173,D0004,2026-01-25 06:13:00,Hinjewadi,Viman Nagar,Pune,Auto,UPI,5.88,16.4,112.92,1.03,Medium,Clear,Completed,Unknown,10.2
B01845,C0338,D0058,2026-01-14 19:02:00,Viman Nagar,Baner,Pune,Bike,Wallet,5.99,12.7,75.94,1.48,Medium,Cloudy,Completed,Unknown,8.6
B01846,C0112,D0064,2026-02-05 19:07:00,Wakad,Kharadi,Pune,Auto,UPI,15.68,34.7,201.12,1.74,Low,Rain,Incomplete,Unknown,4.4
B01847,C0099,D0022,2026-01-21 03:48:00,Marathahalli,Electronic City,Bengaluru,Cab,UPI,6.13,16.4,175.82,1.09,Medium,Clear,Completed,Unknown,1.4
B01848,C0391,D0131,2026-03-22 20:30:00,Bandra,Borivali,Mumbai,Cab,Cash,9.49,23.1,222.86,1.12,Medium,Clear,Completed,Unknown,2.3
B01849,C0291,D0063,2026-01-01 03:40:00,Kharadi,Viman Nagar,Pune,Bike,UPI,2.01,4.2,52.06,1.08,Low,Cloudy,Completed,Unknown,0.7
B01850,C0236,D0015,2026-03-09 01:15:00,Electronic City,Indiranagar,Bengaluru,Cab,UPI,2.77,7.9,128.78,1.29,Medium,Rain,Completed,Unknown,10.3
B01851,C0191,D0107,2026-03-12 04:18:00,Karol Bagh,Saket,Delhi,Bike,UPI,4.59,11.9,67.54,1.05,Medium,Cloudy,Incomplete,Unknown,10.0
B01852,C0148,D0099,2026-01-27 22:13:00,Baner,Kothrud,Pune,Cab,Wallet,7.11,16.9,189.54,1.05,Low,Clear,Completed,Unknown,4.2
B01853,C0227,D0100,2026-01-04 05:49:00,Powai,Malad,Mumbai,Cab,Card,8.5,24.9,209.0,1.0,Medium,Clear,Completed,Unknown,2.3
B01854,C0386,D0126,2026-01-18 19:08:00,Marathahalli,Whitefield,Bengaluru,Auto,Card,6.5,11.4,118.5,1.47,Low,Clear,Completed,Unknown,5.4
B01855,C0008,D0117,2026-01-18 11:56:00,Powai,Dadar,Mumbai,Bike,UPI,10.96,33.8,105.76,1.02,Medium,Clear,Completed,Unknown,0.0
B01856,C0013,D0021,2026-01-16 21:27:00,Kukatpally,Gachibowli,Hyderabad,Bike,UPI,5.6,17.2,73.6,1.01,Medium,Cloudy,Completed,Unknown,1.9
B01857,C0281,D0033,2026-03-21 05:45:00,Baner,Kharadi,Pune,Cab,Card,2.17,3.9,120.38,1.09,Low,Cloudy,Completed,Unknown,0.5
B01858,C0022,D0136,2026-03-13 09:43:00,Janakpuri,Noida Sector 18,Delhi,Auto,Wallet,1.41,3.0,72.69,1.41,Medium,Cloudy,Completed,Unknown,4.2
B01859,C0111,D0007,2026-01-10 11:10:00,Electronic City,HSR Layout,Bengaluru,Cab,UPI,17.69,35.0,337.66,1.06,Low,Cloudy,Incomplete,Unknown,3.9
B01860,C0213,D0022,2026-01-08 18:03:00,Banjara Hills,Ameerpet,Hyderabad,Auto,Card,2.97,6.0,86.73,1.44,Low,Clear,Cancelled,Customer,2.2
B01861,C0184,D0099,2026-02-07 20:13:00,Powai,Chembur,Mumbai,Cab,Cash,15.16,33.5,302.24,1.28,Medium,Rain,Cancelled,Customer,10.4
B01862,C0083,D0027,2026-01-12 17:35:00,Indiranagar,HSR Layout,Bengaluru,Bike,Card,2.44,7.3,54.64,1.8,High,Clear,Completed,Unknown,7.3
B01863,C0115,D0022,2026-01-26 13:37:00,Chembur,Andheri,Mumbai,Bike,UPI,20.85,49.2,165.1,1.0,Low,Clear,Completed,Unknown,3.6
B01864,C0148,D0147,2026-02-09 15:54:00,Wakad,Kharadi,Pune,Cab,UPI,6.42,21.7,179.88,1.33,High,Clear,Completed,Unknown,11.8
B01865,C0002,D0120,2026-01-04 00:29:00,Karol Bagh,Pitampura,Delhi,Bike,UPI,2.77,5.0,56.62,1.02,Low,Clear,Completed,Unknown,5.1
B01866,C0035,D0056,2026-02-01 07:27:00,Viman Nagar,Kothrud,Pune,Bike,UPI,9.82,27.7,98.92,1.45,Medium,Clear,Completed,Unknown,3.4
B01867,C0084,D0142,2026-01-23 17:33:00,Colaba,Borivali,Mumbai,Cab,UPI,4.59,14.1,154.26,1.45,Medium,Clear,Completed,Unknown,2.2
B01868,C0392,D0134,2026-03-27 15:04:00,Dwarka,Karol Bagh,Delhi,Cab,UPI,11.53,35.8,251.42,1.42,High,Cloudy,Cancelled,Customer,2.5
B01869,C0351,D0008,2026-01-25 04:08:00,Marathahalli,Koramangala,Bengaluru,Cab,Card,15.81,30.8,311.34,1.11,Low,Cloudy,Completed,Unknown,4.8
B01870,C0033,D0063,2026-03-09 18:09:00,Koramangala,Marathahalli,Bengaluru,Bike,Cash,1.45,2.4,48.7,1.48,Low,Clear,Completed,Unknown,0.8
B01871,C0314,D0081,2026-01-30 11:04:00,Rohini,Noida Sector 18,Delhi,Auto,UPI,1.89,4.7,77.01,1.26,Medium,Rain,Completed,Unknown,0.0
B01872,C0047,D0056,2026-03-15 20:18:00,Ameerpet,Kukatpally,Hyderabad,Cab,UPI,6.26,14.7,177.64,1.25,Medium,Rain,Cancelled,Driver,4.4
B01873,C0176,D0090,2026-03-01 17:36:00,Viman Nagar,Wakad,Pune,Bike,Card,3.6,13.6,61.6,1.72,High,Clear,Completed,Unknown,3.3
B01874,C0094,D0122,2026-03-26 03:52:00,Kothrud,Kharadi,Pune,Cab,Wallet,4.08,11.2,147.12,1.04,Medium,Smog,Completed,Unknown,0.0
B01875,C0012,D0023,2026-01-24 21:09:00,Malad,Bandra,Mumbai,Auto,UPI,4.33,12.9,98.97,1.26,Medium,Rain,Cancelled,Customer,9.6
B01876,C0391,D0112,2026-01-13 12:18:00,Wakad,Baner,Pune,Bike,Cash,1.58,4.5,49.48,1.3,Medium,Rain,Cancelled,Customer,7.6
B01877,C0354,D0056,2026-02-03 23:43:00,Andheri,Chembur,Mumbai,Cab,Cash,5.29,9.4,164.06,1.04,Low,Clear,Incomplete,Unknown,2.3
B01878,C0148,D0056,2026-01-05 09:52:00,Bandra,Andheri,Mumbai,Bike,Card,2.43,7.1,54.58,1.8,High,Cloudy,Completed,Unknown,11.3
B01879,C0227,D0050,2026-02-23 03:01:00,Noida Sector 18,Karol Bagh,Delhi,Cab,Card,2.31,6.8,122.34,1.33,High,Cloudy,Cancelled,Customer,4.2
B01880,C0279,D0072,2026-03-29 04:50:00,Gachibowli,Secunderabad,Hyderabad,Auto,UPI,4.22,8.6,97.98,1.04,Low,Smog,Completed,Unknown,0.0
B01881,C0124,D0112,2026-02-26 07:15:00,Banjara Hills,Secunderabad,Hyderabad,Auto,UPI,1.59,3.7,74.31,1.46,Medium,Clear,Completed,Unknown,5.5
B01882,C0226,D0039,2026-01-17 11:57:00,Banjara Hills,Secunderabad,Hyderabad,Bike,UPI,29.25,87.9,215.5,1.32,Medium,Rain,Completed,Unknown,6.6
B01883,C0028,D0144,2026-03-06 06:56:00,Kharadi,Hinjewadi,Pune,Bike,Card,15.59,33.4,133.54,1.14,Medium,Clear,Completed,Unknown,11.2
B01884,C0233,D0032,2026-02-05 19:38:00,Viman Nagar,Kharadi,Pune,Auto,Card,1.67,6.1,75.03,1.79,High,Clear,Completed,Unknown,3.7
B01885,C0192,D0017,2026-03-02 00:49:00,Borivali,Chembur,Mumbai,Auto,Wallet,2.61,4.5,83.49,1.05,Low,Clear,Cancelled,Customer,8.9
B01886,C0331,D0022,2026-03-06 00:11:00,Marathahalli,Indiranagar,Bengaluru,Auto,Cash,1.95,5.4,77.55,1.0,Medium,Cloudy,Completed,Unknown,5.3
B01887,C0062,D0059,2026-01-08 18:13:00,Kharadi,Kothrud,Pune,Auto,Card,20.49,71.2,244.41,1.81,High,Cloudy,Completed,Unknown,5.0
B01888,C0090,D0100,2026-02-11 21:42:00,Electronic City,Indiranagar,Bengaluru,Auto,UPI,6.66,26.8,119.94,1.34,High,Clear,Completed,Unknown,1.5
B01889,C0135,D0136,2026-02-08 22:00:00,Janakpuri,Saket,Delhi,Auto,Wallet,6.19,13.0,115.71,1.12,Low,Clear,Completed,Unknown,0.0
B01890,C0335,D0071,2026-03-25 02:37:00,Wakad,Kothrud,Pune,Auto,Card,5.99,17.7,113.91,1.26,Medium,Rain,Incomplete,Unknown,0.0
B01891,C0096,D0124,2026-01-30 15:45:00,Whitefield,Electronic City,Bengaluru,Bike,UPI,4.65,8.7,67.9,1.11,Low,Clear,Completed,Unknown,0.0
B01892,C0239,D0005,2026-03-04 12:28:00,Hinjewadi,Wakad,Pune,Auto,Cash,8.46,25.4,136.14,1.14,Medium,Clear,Completed,Unknown,7.2
B01893,C0005,D0118,2026-03-04 12:31:00,Noida Sector 18,Rohini,Delhi,Cab,Cash,2.3,4.4,122.2,1.12,Low,Clear,Completed,Unknown,2.1
B01894,C0285,D0036,2026-02-09 10:20:00,Secunderabad,Banjara Hills,Hyderabad,Auto,UPI,5.39,11.7,108.51,1.23,Low,Rain,Completed,Unknown,4.7
B01895,C0101,D0113,2026-02-21 07:56:00,Madhapur,Ameerpet,Hyderabad,Bike,UPI,3.61,12.4,61.66,1.77,High,Clear,Completed,Unknown,1.7
B01896,C0281,D0109,2026-03-28 16:26:00,Dwarka,Janakpuri,Delhi,Auto,UPI,5.05,16.9,105.45,1.37,High,Clear,Completed,Unknown,1.9
B01897,C0356,D0119,2026-02-15 02:48:00,Chembur,Colaba,Mumbai,Auto,Wallet,4.17,9.1,97.53,1.04,Medium,Cloudy,Completed,Unknown,6.3
B01898,C0281,D0107,2026-02-10 03:40:00,Rohini,Lajpat Nagar,Delhi,Bike,UPI,4.24,8.9,65.44,1.06,Medium,Clear,Completed,Unknown,12.5
B01899,C0199,D0021,2026-02-27 19:47:00,Kukatpally,Gachibowli,Hyderabad,Cab,UPI,7.6,20.6,196.4,1.46,Medium,Clear,Completed,Unknown,0.0
B01900,C0311,D0022,2026-01-04 10:55:00,Gachibowli,Ameerpet,Hyderabad,Bike,UPI,20.72,48.1,164.32,1.05,Medium,Clear,Cancelled,Customer,0.0
B01901,C0304,D0090,2026-01-24 05:09:00,Hinjewadi,Kharadi,Pune,Bike,Card,24.69,72.8,188.14,1.15,Medium,Cloudy,Completed,Unknown,0.3
B01902,C0195,D0034,2026-02-20 22:52:00,Secunderabad,Gachibowli,Hyderabad,Cab,Wallet,9.08,27.9,217.12,1.33,High,Cloudy,Completed,Unknown,6.7
B01903,C0278,D0019,2026-01-31 04:54:00,Chembur,Malad,Mumbai,Auto,Wallet,2.41,7.3,81.69,1.56,High,Rain,Completed,Unknown,3.3
B01904,C0398,D0023,2026-02-07 00:39:00,Powai,Bandra,Mumbai,Cab,UPI,29.69,54.5,505.66,1.06,Low,Cloudy,Cancelled,Customer,2.0
B01905,C0171,D0116,2026-03-31 15:26:00,Chembur,Andheri,Mumbai,Cab,UPI,18.73,49.0,352.22,1.03,Medium,Clear,Cancelled,Customer,0.0
B01906,C0296,D0130,2026-02-06 18:46:00,Karol Bagh,Saket,Delhi,Bike,UPI,7.0,20.0,82.0,1.73,High,Clear,Completed,Unknown,1.8
B01907,C0080,D0078,2026-03-27 01:24:00,Gachibowli,Madhapur,Hyderabad,Auto,UPI,3.75,14.7,93.75,1.32,High,Clear,Completed,Unknown,6.5
B01908,C0253,D0128,2026-03-17 17:54:00,Indiranagar,Koramangala,Bengaluru,Auto,Wallet,5.91,16.5,113.19,1.76,High,Cloudy,Cancelled,Driver,5.6
B01909,C0150,D0085,2026-01-12 18:20:00,Dadar,Andheri,Mumbai,Bike,UPI,14.92,47.6,129.52,1.76,High,Clear,Cancelled,Driver,3.3
B01910,C0373,D0080,2026-02-01 01:39:00,Kharadi,Baner,Pune,Bike,Card,6.18,13.5,77.08,1.02,Low,Clear,Cancelled,Driver,0.0
B01911,C0236,D0147,2026-03-21 20:43:00,Dadar,Andheri,Mumbai,Auto,Card,2.28,4.8,80.52,1.02,Medium,Clear,Completed,Unknown,10.6
B01912,C0045,D0144,2026-02-17 10:13:00,Hauz Khas,Lajpat Nagar,Delhi,Auto,Card,2.82,6.6,85.38,1.13,Medium,Clear,Completed,Unknown,1.0
B01913,C0327,D0027,2026-03-31 21:25:00,Colaba,Andheri,Mumbai,Bike,Card,9.79,21.0,98.74,1.03,Medium,Cloudy,Completed,Unknown,5.4
B01914,C0212,D0034,2026-01-28 23:31:00,Lajpat Nagar,Connaught Place,Delhi,Bike,UPI,12.83,42.6,116.98,1.32,High,Cloudy,Completed,Unknown,5.9
B01915,C0338,D0099,2026-01-29 06:02:00,Karol Bagh,Dwarka,Delhi,Auto,Cash,2.27,6.8,80.43,1.03,Medium,Clear,Incomplete,Unknown,7.8
B01916,C0094,D0018,2026-02-05 16:35:00,Andheri,Borivali,Mumbai,Cab,UPI,9.17,23.8,218.38,1.26,Medium,Rain,Cancelled,Customer,2.6
B01917,C0115,D0056,2026-01-12 03:49:00,Secunderabad,Kukatpally,Hyderabad,Auto,Cash,6.25,12.1,116.25,1.06,Low,Cloudy,Incomplete,Unknown,5.7
B01918,C0207,D0001,2026-03-23 07:49:00,Whitefield,Electronic City,Bengaluru,Bike,UPI,2.43,8.2,54.58,1.8,High,Clear,Incomplete,Unknown,2.8
B01919,C0031,D0146,2026-03-19 01:24:00,Wakad,Baner,Pune,Cab,Card,3.22,5.6,135.08,1.03,Low,Cloudy,Completed,Unknown,1.9
B01920,C0031,D0147,2026-01-24 09:28:00,Karol Bagh,Janakpuri,Delhi,Auto,Card,6.68,19.6,120.12,1.76,High,Clear,Completed,Unknown,8.1
B01921,C0323,D0100,2026-02-19 16:35:00,Dwarka,Hauz Khas,Delhi,Auto,Card,13.56,41.5,182.04,1.22,Medium,Rain,Completed,Unknown,1.8
B01922,C0227,D0143,2026-01-06 16:10:00,MG Road,Whitefield,Bengaluru,Cab,Cash,21.58,45.1,392.12,1.01,Low,Clear,Completed,Unknown,4.1
B01923,C0033,D0042,2026-01-20 13:51:00,Gachibowli,Madhapur,Hyderabad,Auto,UPI,7.64,15.6,128.76,1.06,Low,Smog,Completed,Unknown,2.2
B01924,C0326,D0060,2026-03-18 20:46:00,Banjara Hills,Secunderabad,Hyderabad,Bike,UPI,1.4,2.3,48.4,1.04,Low,Clear,Completed,Unknown,1.9
B01925,C0095,D0126,2026-02-01 16:07:00,Koramangala,Marathahalli,Bengaluru,Cab,Card,6.46,15.7,180.44,1.07,Medium,Clear,Completed,Unknown,5.7
B01926,C0090,D0096,2026-01-18 17:31:00,Colaba,Borivali,Mumbai,Auto,UPI,4.58,12.8,101.22,1.4,Medium,Cloudy,Incomplete,Unknown,2.7
B01927,C0327,D0050,2026-02-11 08:56:00,Chembur,Dadar,Mumbai,Bike,Card,9.48,31.1,96.88,1.82,High,Smog,Completed,Unknown,3.9
B01928,C0391,D0124,2026-02-04 21:56:00,Madhapur,Kukatpally,Hyderabad,Bike,Card,5.77,9.8,74.62,1.04,Low,Clear,Completed,Unknown,1.9
B01929,C0017,D0107,2026-02-26 20:57:00,Banjara Hills,Gachibowli,Hyderabad,Cab,Cash,5.14,11.9,161.96,1.01,Low,Smog,Completed,Unknown,2.9
B01930,C0393,D0140,2026-02-10 18:04:00,Electronic City,Whitefield,Bengaluru,Bike,UPI,4.25,9.0,65.5,1.54,Low,Cloudy,Completed,Unknown,2.5
B01931,C0135,D0133,2026-01-03 00:29:00,Hinjewadi,Viman Nagar,Pune,Auto,Cash,7.36,20.5,126.24,1.38,High,Clear,Incomplete,Unknown,7.7
B01932,C0118,D0142,2026-01-14 11:22:00,Electronic City,MG Road,Bengaluru,Bike,UPI,10.02,20.8,100.12,1.09,Low,Clear,Completed,Unknown,1.2
B01933,C0241,D0034,2026-03-26 09:37:00,Chembur,Powai,Mumbai,Bike,Card,8.34,22.9,90.04,1.72,High,Clear,Completed,Unknown,6.9
B01934,C0313,D0092,2026-03-20 17:55:00,Dwarka,Connaught Place,Delhi,Auto,UPI,2.25,9.0,80.25,1.78,High,Clear,Incomplete,Unknown,3.5
B01935,C0253,D0053,2026-03-31 08:22:00,Dadar,Borivali,Mumbai,Bike,Cash,20.14,56.5,160.84,1.74,High,Clear,Cancelled,Customer,1.2
B01936,C0048,D0068,2026-02-18 03:57:00,Hinjewadi,Wakad,Pune,Auto,UPI,7.2,19.2,124.8,1.09,Medium,Clear,Completed,Unknown,2.1
B01937,C0095,D0004,2026-03-27 12:45:00,Secunderabad,Gachibowli,Hyderabad,Auto,Card,1.41,4.2,72.69,1.51,High,Rain,Completed,Unknown,15.5
B01938,C0158,D0111,2026-02-06 18:36:00,Lajpat Nagar,Rohini,Delhi,Auto,UPI,2.81,5.1,85.29,1.43,Low,Clear,Completed,Unknown,10.8
B01939,C0262,D0063,2026-02-28 07:09:00,Jayanagar,MG Road,Bengaluru,Bike,Cash,1.55,4.4,49.3,1.74,High,Clear,Cancelled,Customer,2.8
B01940,C0266,D0114,2026-01-22 04:29:00,Lajpat Nagar,Janakpuri,Delhi,Cab,UPI,10.43,20.7,236.02,1.11,Low,Cloudy,Cancelled,Customer,3.2
B01941,C0119,D0040,2026-01-15 13:19:00,HSR Layout,Indiranagar,Bengaluru,Auto,Card,2.82,6.3,85.38,1.01,Low,Clear,Completed,Unknown,1.1
B01942,C0013,D0140,2026-02-18 15:02:00,Andheri,Malad,Mumbai,Cab,Card,2.06,4.0,118.84,1.14,Low,Clear,Incomplete,Unknown,3.2
B01943,C0341,D0074,2026-02-02 13:17:00,Viman Nagar,Baner,Pune,Bike,Cash,15.5,45.0,133.0,1.02,Medium,Cloudy,Completed,Unknown,7.7
B01944,C0077,D0113,2026-03-06 04:00:00,Colaba,Malad,Mumbai,Cab,Card,7.69,17.4,197.66,1.2,Medium,Rain,Completed,Unknown,3.0
B01945,C0055,D0058,2026-02-24 23:10:00,Viman Nagar,Wakad,Pune,Auto,Card,5.31,9.6,107.79,1.07,Low,Cloudy,Cancelled,Driver,8.2
B01946,C0257,D0071,2026-01-04 13:41:00,Dwarka,Karol Bagh,Delhi,Bike,Cash,2.44,7.4,54.64,1.03,Medium,Cloudy,Completed,Unknown,3.3
B01947,C0373,D0097,2026-02-13 12:35:00,Whitefield,MG Road,Bengaluru,Auto,UPI,15.76,29.6,201.84,1.1,Low,Cloudy,Completed,Unknown,0.0
B01948,C0355,D0064,2026-02-08 07:06:00,Baner,Viman Nagar,Pune,Cab,Wallet,3.74,7.1,142.36,1.49,Low,Clear,Cancelled,Driver,2.8
B01949,C0336,D0064,2026-02-17 08:26:00,Hauz Khas,Rohini,Delhi,Bike,Card,3.97,8.6,63.82,1.47,Medium,Cloudy,Completed,Unknown,2.9
B01950,C0161,D0126,2026-03-29 04:02:00,Saket,Janakpuri,Delhi,Bike,UPI,6.11,10.5,76.66,1.1,Low,Clear,Incomplete,Unknown,12.3
B01951,C0028,D0073,2026-02-14 03:09:00,Andheri,Dadar,Mumbai,Auto,Card,13.34,28.8,180.06,1.34,Medium,Rain,Completed,Unknown,0.0
B01952,C0281,D0123,2026-03-19 14:02:00,Kukatpally,Banjara Hills,Hyderabad,Auto,Card,1.94,4.3,77.46,1.11,Low,Cloudy,Completed,Unknown,0.0
B01953,C0345,D0099,2026-02-18 10:55:00,Hinjewadi,Baner,Pune,Cab,UPI,3.61,11.2,140.54,1.06,Medium,Cloudy,Cancelled,Customer,10.2
B01954,C0350,D0051,2026-01-11 07:50:00,Dwarka,Karol Bagh,Delhi,Auto,UPI,1.37,5.5,72.33,2.03,High,Rain,Incomplete,Unknown,11.7
B01955,C0234,D0051,2026-02-24 20:05:00,Connaught Place,Dwarka,Delhi,Cab,UPI,2.41,6.0,123.74,1.04,Medium,Clear,Completed,Unknown,7.0
B01956,C0337,D0093,2026-01-06 22:16:00,Marathahalli,Koramangala,Bengaluru,Cab,Card,6.92,16.9,186.88,1.28,Medium,Rain,Cancelled,Driver,5.1
B01957,C0313,D0023,2026-02-27 14:29:00,Rohini,Noida Sector 18,Delhi,Cab,UPI,1.32,3.7,108.48,1.12,Medium,Clear,Completed,Unknown,1.5
B01958,C0286,D0015,2026-03-30 17:58:00,Indiranagar,Electronic City,Bengaluru,Auto,Card,22.94,64.6,266.46,1.52,Medium,Clear,Completed,Unknown,5.3
B01959,C0102,D0102,2026-02-25 13:51:00,Indiranagar,Whitefield,Bengaluru,Auto,UPI,5.61,13.4,110.49,1.02,Low,Cloudy,Completed,Unknown,0.0
B01960,C0035,D0013,2026-02-13 06:13:00,Hauz Khas,Lajpat Nagar,Delhi,Auto,Wallet,4.4,8.1,99.6,1.08,Low,Clear,Completed,Unknown,9.1
B01961,C0202,D0087,2026-03-14 16:08:00,Hinjewadi,Kharadi,Pune,Auto,Card,3.07,9.3,87.63,1.13,Medium,Cloudy,Completed,Unknown,4.0
B01962,C0064,D0001,2026-01-06 00:57:00,Baner,Kharadi,Pune,Bike,Cash,1.55,3.0,49.3,1.01,Low,Clear,Incomplete,Unknown,7.8
B01963,C0060,D0031,2026-03-07 14:28:00,Hinjewadi,Baner,Pune,Bike,UPI,7.3,17.5,83.8,1.06,Low,Clear,Completed,Unknown,0.0
B01964,C0075,D0112,2026-01-21 08:28:00,Dadar,Chembur,Mumbai,Bike,UPI,2.46,5.1,54.76,1.41,Low,Smog,Completed,Unknown,10.7
B01965,C0261,D0087,2026-02-12 02:35:00,Bandra,Powai,Mumbai,Cab,Wallet,9.03,18.8,216.42,1.08,Low,Clear,Completed,Unknown,2.9
B01966,C0274,D0004,2026-02-04 23:39:00,MG Road,Marathahalli,Bengaluru,Bike,Wallet,1.15,2.7,46.9,1.1,Low,Cloudy,Completed,Unknown,12.8
B01967,C0064,D0066,2026-02-02 13:52:00,Borivali,Andheri,Mumbai,Bike,UPI,21.76,57.3,170.56,1.09,Medium,Clear,Completed,Unknown,5.6
B01968,C0194,D0026,2026-02-15 20:42:00,Hauz Khas,Rohini,Delhi,Cab,UPI,4.64,9.7,154.96,1.29,Low,Rain,Completed,Unknown,1.3
B01969,C0389,D0050,2026-01-18 10:45:00,Indiranagar,Jayanagar,Bengaluru,Bike,Cash,24.29,50.2,185.74,1.07,Low,Cloudy,Completed,Unknown,4.7
B01970,C0303,D0016,2026-03-29 08:41:00,Secunderabad,Kukatpally,Hyderabad,Bike,Cash,2.37,8.1,54.22,1.84,High,Clear,Completed,Unknown,3.6
B01971,C0255,D0074,2026-02-25 05:07:00,Malad,Powai,Mumbai,Cab,Wallet,9.67,30.5,225.38,1.39,High,Clear,Completed,Unknown,8.9
B01972,C0274,D0045,2026-03-05 04:38:00,Colaba,Borivali,Mumbai,Cab,UPI,2.18,5.0,120.52,1.13,Low,Clear,Completed,Unknown,0.0
B01973,C0051,D0087,2026-01-07 08:36:00,Viman Nagar,Wakad,Pune,Cab,Cash,3.02,9.2,132.28,1.53,Medium,Cloudy,Completed,Unknown,13.2
B01974,C0011,D0044,2026-03-01 22:01:00,Gachibowli,Banjara Hills,Hyderabad,Bike,Cash,2.99,5.8,57.94,1.08,Low,Clear,Cancelled,Driver,6.0
B01975,C0155,D0050,2026-01-06 20:15:00,Andheri,Dadar,Mumbai,Auto,UPI,1.35,2.6,72.15,1.14,Low,Clear,Cancelled,Customer,4.1
B01976,C0277,D0030,2026-02-20 08:12:00,Ameerpet,Gachibowli,Hyderabad,Bike,UPI,7.78,16.0,86.68,1.67,Low,Rain,Cancelled,Customer,3.3
B01977,C0363,D0022,2026-03-26 02:21:00,MG Road,Koramangala,Bengaluru,Bike,UPI,6.4,13.7,78.4,1.01,Low,Clear,Completed,Unknown,0.0
B01978,C0363,D0052,2026-02-05 12:35:00,Baner,Hinjewadi,Pune,Auto,UPI,13.55,32.8,181.95,1.1,Medium,Clear,Completed,Unknown,8.1
B01979,C0090,D0110,2026-03-11 20:18:00,Indiranagar,HSR Layout,Bengaluru,Bike,UPI,2.14,5.0,52.84,1.07,Low,Cloudy,Completed,Unknown,0.0
B01980,C0050,D0073,2026-01-06 06:15:00,Noida Sector 18,Janakpuri,Delhi,Cab,UPI,1.71,2.9,113.94,1.14,Low,Clear,Completed,Unknown,0.0
B01981,C0006,D0059,2026-03-11 04:00:00,Banjara Hills,Madhapur,Hyderabad,Bike,UPI,10.91,32.8,105.46,1.3,High,Clear,Completed,Unknown,5.8
B01982,C0195,D0078,2026-02-05 23:44:00,Malad,Chembur,Mumbai,Auto,UPI,11.94,33.4,167.46,1.06,Medium,Clear,Completed,Unknown,7.4
B01983,C0054,D0109,2026-03-08 05:11:00,Pitampura,Dwarka,Delhi,Auto,Wallet,5.63,16.1,110.67,1.13,Medium,Clear,Completed,Unknown,0.0
B01984,C0148,D0072,2026-03-24 02:49:00,Karol Bagh,Saket,Delhi,Cab,Card,3.42,8.5,137.88,1.13,Medium,Clear,Completed,Unknown,0.0
B01985,C0087,D0137,2026-03-21 14:15:00,Borivali,Bandra,Mumbai,Cab,UPI,1.02,2.0,104.28,1.28,Low,Rain,Completed,Unknown,4.6
B01986,C0323,D0067,2026-03-22 01:31:00,Malad,Colaba,Mumbai,Auto,Wallet,4.96,10.6,104.64,1.08,Low,Cloudy,Completed,Unknown,0.0
B01987,C0148,D0072,2026-01-06 14:30:00,Noida Sector 18,Karol Bagh,Delhi,Bike,UPI,2.94,5.1,57.64,1.26,Low,Rain,Completed,Unknown,3.2
B01988,C0388,D0063,2026-02-25 02:28:00,Noida Sector 18,Connaught Place,Delhi,Auto,UPI,2.74,10.9,84.66,1.33,High,Clear,Completed,Unknown,3.8
B01989,C0283,D0039,2026-02-15 13:01:00,Saket,Rohini,Delhi,Auto,Wallet,16.14,37.2,205.26,1.06,Medium,Clear,Completed,Unknown,5.7
B01990,C0133,D0021,2026-02-12 04:48:00,Ameerpet,Kukatpally,Hyderabad,Cab,Cash,1.74,3.3,114.36,1.05,Low,Clear,Cancelled,Customer,0.0
B01991,C0211,D0101,2026-01-27 20:22:00,Kharadi,Hinjewadi,Pune,Cab,Card,23.04,51.7,412.56,1.1,Medium,Cloudy,Cancelled,Driver,2.7
B01992,C0116,D0018,2026-03-20 12:18:00,Borivali,Malad,Mumbai,Auto,Wallet,17.12,47.2,214.08,1.14,Medium,Clear,Completed,Unknown,7.4
B01993,C0144,D0140,2026-01-02 15:53:00,Malad,Chembur,Mumbai,Bike,Wallet,1.11,3.4,46.66,1.03,Medium,Clear,Cancelled,Customer,1.4
B01994,C0093,D0084,2026-02-04 22:44:00,Wakad,Hinjewadi,Pune,Cab,Wallet,2.02,3.5,118.28,1.28,Low,Rain,Cancelled,Customer,0.0
B01995,C0084,D0114,2026-01-01 10:01:00,Marathahalli,Koramangala,Bengaluru,Cab,Wallet,2.55,7.6,125.7,1.12,Medium,Clear,Completed,Unknown,2.1
B01996,C0147,D0045,2026-02-10 04:17:00,Indiranagar,Jayanagar,Bengaluru,Cab,Cash,5.39,9.2,165.46,1.04,Low,Cloudy,Completed,Unknown,2.8
B01997,C0061,D0140,2026-02-26 02:44:00,Electronic City,MG Road,Bengaluru,Auto,Card,13.26,31.5,179.34,1.05,Low,Clear,Completed,Unknown,7.5
B01998,C0207,D0040,2026-03-16 11:37:00,Whitefield,HSR Layout,Bengaluru,Auto,UPI,8.09,22.8,132.81,1.12,Medium,Clear,Completed,Unknown,0.0
B01999,C0356,D0006,2026-03-26 02:21:00,Powai,Malad,Mumbai,Bike,UPI,1.18,3.6,47.08,1.38,High,Clear,Cancelled,Driver,8.2
B02000,C0102,D0024,2026-02-22 00:50:00,Lajpat Nagar,Dwarka,Delhi,Cab,Card,12.09,24.8,259.26,1.02,Low,Cloudy,Completed,Unknown,0.0
B02001,C0090,D0033,2026-03-16 20:17:00,Baner,Kothrud,Pune,Bike,Cash,3.52,10.9,61.12,1.31,Medium,Rain,Completed,Unknown,2.1
B02002,C0285,D0101,2026-02-13 16:49:00,Jayanagar,Koramangala,Bengaluru,Bike,Card,5.6,12.1,73.6,1.03,Low,Cloudy,Completed,Unknown,6.4
B02003,C0258,D0127,2026-01-28 10:05:00,Kothrud,Viman Nagar,Pune,Bike,UPI,4.87,18.2,69.22,1.39,High,Clear,Completed,Unknown,1.1
B02004,C0248,D0140,2026-01-01 19:14:00,HSR Layout,Electronic City,Bengaluru,Bike,Card,2.76,6.2,56.56,1.5,Medium,Clear,Completed,Unknown,0.0
B02005,C0182,D0122,2026-03-05 22:17:00,Kharadi,Kothrud,Pune,Auto,UPI,3.81,7.8,94.29,1.03,Low,Clear,Completed,Unknown,4.1
B02006,C0120,D0037,2026-02-26 13:34:00,Viman Nagar,Hinjewadi,Pune,Cab,UPI,3.59,7.2,140.26,1.06,Low,Clear,Completed,Unknown,0.2
B02007,C0341,D0075,2026-03-23 02:43:00,MG Road,Marathahalli,Bengaluru,Bike,UPI,3.81,8.5,62.86,1.24,Medium,Rain,Completed,Unknown,2.2
B02008,C0293,D0003,2026-03-28 20:38:00,Karol Bagh,Saket,Delhi,Bike,UPI,8.68,20.6,92.08,1.1,Low,Clear,Completed,Unknown,0.1
B02009,C0359,D0146,2026-02-11 09:03:00,Kharadi,Wakad,Pune,Cab,Cash,8.09,19.4,203.26,1.42,Medium,Cloudy,Cancelled,Customer,2.8
B02010,C0331,D0090,2026-01-02 19:30:00,Viman Nagar,Hinjewadi,Pune,Cab,Cash,8.92,26.0,214.88,1.54,Medium,Cloudy,Completed,Unknown,7.1
B02011,C0022,D0041,2026-03-11 01:14:00,Malad,Andheri,Mumbai,Bike,UPI,4.39,16.5,66.34,1.41,High,Cloudy,Completed,Unknown,1.4
B02012,C0106,D0093,2026-02-19 20:17:00,Kothrud,Baner,Pune,Bike,UPI,3.93,9.6,63.58,1.05,Medium,Cloudy,Incomplete,Unknown,5.9
B02013,C0273,D0041,2026-02-12 15:34:00,Andheri,Chembur,Mumbai,Bike,UPI,7.03,16.4,82.18,1.09,Low,Clear,Completed,Unknown,3.7
B02014,C0077,D0013,2026-01-21 08:14:00,Ameerpet,Gachibowli,Hyderabad,Cab,Card,3.71,6.5,141.94,1.46,Low,Clear,Cancelled,Driver,5.7
B02015,C0179,D0058,2026-02-23 23:04:00,Chembur,Bandra,Mumbai,Auto,Card,6.27,12.8,116.43,1.05,Low,Cloudy,Completed,Unknown,2.3
B02016,C0010,D0142,2026-01-22 00:43:00,Saket,Hauz Khas,Delhi,Bike,Card,14.14,41.2,124.84,1.03,Medium,Clear,Completed,Unknown,5.2
B02017,C0049,D0034,2026-02-10 22:18:00,Andheri,Borivali,Mumbai,Auto,Wallet,1.95,7.8,77.55,1.35,High,Clear,Completed,Unknown,5.7
B02018,C0187,D0016,2026-02-25 03:24:00,Baner,Hinjewadi,Pune,Auto,UPI,4.64,15.8,101.76,1.32,High,Clear,Completed,Unknown,5.4
B02019,C0170,D0131,2026-02-18 17:28:00,Hinjewadi,Baner,Pune,Auto,Cash,1.04,3.5,69.36,1.7,High,Clear,Cancelled,Customer,2.7
B02020,C0012,D0146,2026-03-20 20:16:00,Baner,Kharadi,Pune,Bike,UPI,3.06,8.8,58.36,1.13,Medium,Cloudy,Completed,Unknown,1.2
B02021,C0041,D0077,2026-01-04 00:45:00,Banjara Hills,Kukatpally,Hyderabad,Auto,Card,12.23,31.4,170.07,1.32,Medium,Rain,Completed,Unknown,3.1
B02022,C0011,D0031,2026-01-17 01:40:00,Indiranagar,Koramangala,Bengaluru,Bike,Cash,2.45,6.1,54.7,1.04,Medium,Clear,Cancelled,Customer,1.8
B02023,C0328,D0079,2026-03-19 15:55:00,Borivali,Colaba,Mumbai,Auto,UPI,6.12,21.4,115.08,1.38,High,Clear,Completed,Unknown,7.3
B02024,C0182,D0116,2026-03-18 11:08:00,Ameerpet,Kukatpally,Hyderabad,Bike,Cash,14.83,26.3,128.98,1.01,Low,Clear,Completed,Unknown,0.0
B02025,C0363,D0150,2026-03-12 09:06:00,Saket,Janakpuri,Delhi,Cab,UPI,3.84,9.8,143.76,1.52,Medium,Cloudy,Completed,Unknown,1.8
B02026,C0062,D0087,2026-03-05 22:56:00,Wakad,Hinjewadi,Pune,Cab,Wallet,5.78,12.2,170.92,1.08,Low,Cloudy,Completed,Unknown,10.2
B02027,C0350,D0122,2026-02-28 11:03:00,Hinjewadi,Baner,Pune,Cab,Cash,4.1,8.6,147.4,1.31,Medium,Rain,Completed,Unknown,0.0
B02028,C0264,D0004,2026-01-03 08:01:00,Powai,Dadar,Mumbai,Auto,Cash,2.83,6.2,85.47,1.64,Medium,Rain,Completed,Unknown,9.8
B02029,C0348,D0084,2026-01-03 07:25:00,Indiranagar,HSR Layout,Bengaluru,Bike,UPI,1.41,2.4,48.46,1.42,Low,Clear,Completed,Unknown,0.0
B02030,C0082,D0087,2026-01-05 01:49:00,Powai,Malad,Mumbai,Auto,Cash,2.48,7.4,82.32,1.08,Medium,Cloudy,Incomplete,Unknown,7.2
B02031,C0094,D0063,2026-03-24 23:00:00,Kothrud,Kharadi,Pune,Bike,UPI,6.22,14.4,77.32,1.01,Low,Clear,Cancelled,Driver,2.6
B02032,C0158,D0103,2026-03-22 16:40:00,Karol Bagh,Saket,Delhi,Auto,Cash,3.97,10.1,95.73,1.1,Medium,Clear,Completed,Unknown,5.3
B02033,C0114,D0005,2026-01-07 19:25:00,Gachibowli,Ameerpet,Hyderabad,Cab,UPI,7.94,28.7,201.16,1.75,High,Clear,Completed,Unknown,11.8
B02034,C0165,D0022,2026-02-10 01:28:00,Dwarka,Pitampura,Delhi,Bike,UPI,6.07,12.2,76.42,1.12,Low,Cloudy,Completed,Unknown,0.0
B02035,C0131,D0103,2026-01-21 09:02:00,Whitefield,Jayanagar,Bengaluru,Auto,Card,13.75,30.0,183.75,1.46,Low,Clear,Incomplete,Unknown,11.4
B02036,C0104,D0067,2026-02-12 09:23:00,Dwarka,Hauz Khas,Delhi,Cab,Cash,1.36,5.1,109.04,1.85,High,Clear,Completed,Unknown,4.6
B02037,C0068,D0033,2026-01-02 17:10:00,Chembur,Dadar,Mumbai,Bike,UPI,3.51,13.6,61.06,1.77,High,Cloudy,Completed,Unknown,7.2
B02038,C0080,D0029,2026-01-31 13:57:00,Banjara Hills,Ameerpet,Hyderabad,Cab,Cash,1.68,5.1,113.52,1.09,Medium,Clear,Completed,Unknown,1.9
B02039,C0092,D0132,2026-01-11 18:56:00,HSR Layout,Marathahalli,Bengaluru,Bike,UPI,7.27,27.8,83.62,1.84,High,Clear,Completed,Unknown,7.6
B02040,C0103,D0040,2026-02-28 03:35:00,Malad,Powai,Mumbai,Bike,Card,4.86,11.1,69.16,1.07,Low,Cloudy,Cancelled,Customer,0.0
B02041,C0277,D0095,2026-03-06 22:58:00,Viman Nagar,Baner,Pune,Cab,Card,2.11,3.5,119.54,1.1,Low,Clear,Completed,Unknown,0.0
B02042,C0094,D0014,2026-03-04 17:21:00,Lajpat Nagar,Karol Bagh,Delhi,Auto,Card,6.99,16.3,122.91,1.75,Low,Rain,Cancelled,Driver,1.6
B02043,C0184,D0142,2026-01-30 08:40:00,Andheri,Colaba,Mumbai,Bike,Wallet,5.66,17.6,73.96,1.42,Medium,Cloudy,Completed,Unknown,0.0
B02044,C0183,D0018,2026-01-08 20:04:00,Ameerpet,Madhapur,Hyderabad,Bike,UPI,4.49,9.9,66.94,1.04,Low,Clear,Completed,Unknown,5.2
B02045,C0144,D0108,2026-01-26 15:36:00,Lajpat Nagar,Saket,Delhi,Auto,UPI,3.88,9.2,94.92,1.29,Low,Rain,Completed,Unknown,10.3
B02046,C0327,D0102,2026-02-06 22:45:00,Kukatpally,Gachibowli,Hyderabad,Bike,Cash,4.12,9.0,64.72,1.09,Low,Clear,Completed,Unknown,0.7
B02047,C0222,D0132,2026-02-01 13:29:00,Whitefield,HSR Layout,Bengaluru,Auto,Cash,12.11,27.5,168.99,1.01,Low,Cloudy,Incomplete,Unknown,4.5
B02048,C0033,D0011,2026-03-13 23:37:00,Saket,Janakpuri,Delhi,Auto,UPI,8.78,15.1,139.02,1.15,Low,Cloudy,Completed,Unknown,8.3
B02049,C0313,D0027,2026-01-30 05:58:00,Secunderabad,Banjara Hills,Hyderabad,Auto,UPI,5.99,13.4,113.91,1.05,Low,Clear,Completed,Unknown,3.5
B02050,C0313,D0001,2026-01-12 09:51:00,Whitefield,Electronic City,Bengaluru,Cab,UPI,4.69,15.5,155.66,1.95,High,Rain,Completed,Unknown,2.8
B02051,C0341,D0093,2026-01-01 13:33:00,Hinjewadi,Baner,Pune,Cab,Card,7.81,18.6,199.34,1.03,Low,Cloudy,Cancelled,Driver,8.7
B02052,C0039,D0114,2026-01-01 08:07:00,Electronic City,Jayanagar,Bengaluru,Auto,Card,8.36,31.9,135.24,1.98,High,Rain,Cancelled,Customer,7.0
B02053,C0116,D0077,2026-01-06 18:06:00,Gachibowli,Ameerpet,Hyderabad,Bike,Card,8.17,22.0,89.02,1.44,Medium,Cloudy,Completed,Unknown,0.4
B02054,C0012,D0108,2026-03-09 08:26:00,Madhapur,Ameerpet,Hyderabad,Cab,Cash,13.94,40.4,285.16,1.72,High,Clear,Incomplete,Unknown,10.1
B02055,C0107,D0006,2026-02-10 00:44:00,Jayanagar,Koramangala,Bengaluru,Bike,UPI,3.55,7.4,61.3,1.15,Low,Cloudy,Completed,Unknown,8.1
B02056,C0329,D0144,2026-02-21 17:24:00,Baner,Wakad,Pune,Cab,UPI,3.22,5.3,135.08,1.46,Low,Clear,Completed,Unknown,4.3
B02057,C0261,D0034,2026-01-01 12:57:00,Marathahalli,Whitefield,Bengaluru,Bike,UPI,17.47,28.9,144.82,1.08,Low,Cloudy,Cancelled,Customer,3.1
B02058,C0226,D0094,2026-01-05 20:17:00,Koramangala,HSR Layout,Bengaluru,Cab,Card,3.14,7.0,133.96,1.01,Low,Cloudy,Incomplete,Unknown,6.7
B02059,C0240,D0111,2026-01-12 13:31:00,Madhapur,Banjara Hills,Hyderabad,Bike,UPI,2.03,3.9,52.18,1.02,Low,Cloudy,Completed,Unknown,11.1
B02060,C0327,D0039,2026-01-18 23:18:00,Jayanagar,Marathahalli,Bengaluru,Auto,Cash,24.46,99.5,280.14,1.32,High,Clear,Completed,Unknown,13.6
B02061,C0081,D0050,2026-02-28 00:07:00,Chembur,Bandra,Mumbai,Bike,Card,7.94,15.2,87.64,1.08,Low,Cloudy,Completed,Unknown,4.6
B02062,C0225,D0037,2026-03-30 18:14:00,Secunderabad,Banjara Hills,Hyderabad,Auto,UPI,15.45,44.6,199.05,1.76,High,Clear,Cancelled,Customer,8.3
B02063,C0340,D0062,2026-01-27 23:44:00,MG Road,Koramangala,Bengaluru,Bike,Card,2.0,3.5,52.0,1.11,Low,Cloudy,Completed,Unknown,8.0
B02064,C0359,D0033,2026-01-27 22:32:00,Gachibowli,Banjara Hills,Hyderabad,Bike,Cash,3.39,10.4,60.34,1.32,High,Clear,Cancelled,Customer,5.5
B02065,C0195,D0142,2026-02-09 09:46:00,Malad,Powai,Mumbai,Auto,UPI,16.0,42.4,204.0,1.41,Medium,Cloudy,Completed,Unknown,10.5
B02066,C0214,D0027,2026-01-17 21:50:00,Banjara Hills,Gachibowli,Hyderabad,Cab,Wallet,15.93,29.5,313.02,1.02,Low,Clear,Cancelled,Driver,5.5
B02067,C0031,D0109,2026-02-13 09:35:00,Madhapur,Ameerpet,Hyderabad,Auto,Card,9.86,24.1,148.74,1.54,Medium,Cloudy,Completed,Unknown,0.0
B02068,C0373,D0103,2026-01-02 08:40:00,Dwarka,Rohini,Delhi,Auto,UPI,1.0,2.4,69.0,1.55,Medium,Clear,Completed,Unknown,6.1
B02069,C0228,D0094,2026-01-11 12:54:00,Whitefield,MG Road,Bengaluru,Bike,Wallet,29.57,55.1,217.42,1.05,Low,Clear,Completed,Unknown,6.1
B02070,C0146,D0102,2026-03-21 19:09:00,Chembur,Dadar,Mumbai,Cab,UPI,10.99,25.8,243.86,1.53,Medium,Clear,Completed,Unknown,3.1
B02071,C0265,D0034,2026-01-13 20:55:00,Indiranagar,MG Road,Bengaluru,Bike,UPI,1.48,3.3,48.88,1.02,Medium,Cloudy,Completed,Unknown,0.0
B02072,C0245,D0018,2026-02-21 00:36:00,Powai,Borivali,Mumbai,Bike,UPI,9.86,16.1,99.16,1.04,Low,Clear,Completed,Unknown,8.3
B02073,C0365,D0016,2026-01-28 04:41:00,Rohini,Dwarka,Delhi,Cab,Card,5.2,11.7,162.8,1.08,Medium,Cloudy,Incomplete,Unknown,0.3
B02074,C0152,D0133,2026-02-15 06:47:00,Electronic City,Whitefield,Bengaluru,Cab,UPI,2.27,5.1,121.78,1.04,Medium,Clear,Completed,Unknown,0.0
B02075,C0372,D0017,2026-03-13 20:27:00,Andheri,Borivali,Mumbai,Bike,UPI,1.33,4.0,47.98,1.4,High,Clear,Completed,Unknown,4.1
B02076,C0248,D0120,2026-03-05 10:57:00,Colaba,Powai,Mumbai,Auto,Cash,2.53,4.9,82.77,1.29,Low,Rain,Completed,Unknown,8.3
B02077,C0373,D0040,2026-01-12 18:08:00,Bandra,Borivali,Mumbai,Auto,Cash,2.36,7.2,81.24,1.64,Medium,Rain,Completed,Unknown,1.7
B02078,C0331,D0133,2026-02-19 20:22:00,Viman Nagar,Wakad,Pune,Cab,Wallet,1.89,4.0,116.46,1.11,Low,Clear,Completed,Unknown,4.3
B02079,C0271,D0049,2026-03-21 01:47:00,Saket,Pitampura,Delhi,Bike,Wallet,2.04,8.1,52.24,1.37,High,Clear,Completed,Unknown,7.9
B02080,C0272,D0124,2026-03-16 21:17:00,Karol Bagh,Pitampura,Delhi,Auto,Card,2.01,4.5,78.09,1.14,Low,Clear,Completed,Unknown,3.1
B02081,C0308,D0132,2026-02-21 21:29:00,Koramangala,Whitefield,Bengaluru,Bike,UPI,1.52,4.2,49.12,1.05,Medium,Clear,Cancelled,Driver,3.0
B02082,C0311,D0128,2026-01-30 12:59:00,Whitefield,HSR Layout,Bengaluru,Cab,UPI,9.53,19.9,223.42,1.01,Low,Cloudy,Completed,Unknown,0.0
B02083,C0097,D0093,2026-03-20 16:08:00,MG Road,Whitefield,Bengaluru,Auto,UPI,1.63,3.9,74.67,1.34,Low,Rain,Completed,Unknown,8.3
B02084,C0037,D0132,2026-03-13 00:50:00,Dwarka,Noida Sector 18,Delhi,Bike,Card,8.61,25.9,91.66,1.03,Medium,Cloudy,Completed,Unknown,5.4
B02085,C0191,D0014,2026-03-28 04:00:00,Jayanagar,Marathahalli,Bengaluru,Auto,Cash,6.16,15.0,115.44,1.07,Medium,Clear,Completed,Unknown,4.0
B02086,C0067,D0102,2026-03-06 08:22:00,Kukatpally,Gachibowli,Hyderabad,Bike,Cash,3.27,6.8,59.62,1.48,Low,Clear,Cancelled,Driver,0.0
B02087,C0144,D0001,2026-01-25 10:43:00,Saket,Hauz Khas,Delhi,Bike,Card,5.81,15.5,74.86,1.14,Medium,Clear,Completed,Unknown,4.8
B02088,C0363,D0105,2026-01-02 00:21:00,Kharadi,Hinjewadi,Pune,Cab,UPI,1.44,2.4,110.16,1.01,Low,Clear,Completed,Unknown,0.0
B02089,C0338,D0053,2026-03-01 22:40:00,HSR Layout,Whitefield,Bengaluru,Auto,UPI,2.81,6.1,85.29,1.01,Low,Cloudy,Cancelled,Customer,1.3
B02090,C0200,D0112,2026-03-22 01:40:00,Electronic City,Whitefield,Bengaluru,Auto,Cash,2.58,5.6,83.22,1.05,Medium,Cloudy,Completed,Unknown,2.6
B02091,C0335,D0049,2026-03-20 21:18:00,Madhapur,Secunderabad,Hyderabad,Cab,UPI,2.77,5.6,128.78,1.07,Low,Clear,Cancelled,Customer,5.3
B02092,C0353,D0132,2026-01-08 23:27:00,Wakad,Hinjewadi,Pune,Auto,Card,1.78,3.0,76.02,1.1,Low,Smog,Incomplete,Unknown,4.9
B02093,C0250,D0073,2026-03-29 09:21:00,Borivali,Malad,Mumbai,Cab,Wallet,16.13,48.1,315.82,1.8,High,Clear,Cancelled,Customer,3.0
B02094,C0129,D0068,2026-03-15 07:11:00,Hinjewadi,Kharadi,Pune,Auto,Cash,15.41,36.5,198.69,1.42,Low,Clear,Cancelled,Customer,7.7
B02095,C0126,D0063,2026-01-17 07:46:00,Madhapur,Secunderabad,Hyderabad,Cab,UPI,16.12,62.4,315.68,1.79,High,Clear,Cancelled,Driver,3.4
B02096,C0005,D0087,2026-02-02 00:45:00,Malad,Chembur,Mumbai,Cab,UPI,21.39,39.8,389.46,1.14,Low,Cloudy,Completed,Unknown,7.4
B02097,C0173,D0023,2026-01-11 08:59:00,Koramangala,Indiranagar,Bengaluru,Bike,Card,11.53,45.4,109.18,1.83,High,Cloudy,Completed,Unknown,4.9
B02098,C0152,D0137,2026-02-08 03:30:00,HSR Layout,Whitefield,Bengaluru,Cab,UPI,5.58,13.4,168.12,1.07,Low,Clear,Completed,Unknown,2.1
B02099,C0255,D0040,2026-01-31 00:11:00,Indiranagar,Electronic City,Bengaluru,Cab,UPI,8.16,19.8,204.24,1.15,Medium,Clear,Completed,Unknown,3.9
B02100,C0338,D0034,2026-03-22 20:44:00,Bandra,Powai,Mumbai,Auto,Card,9.93,28.0,149.37,1.43,High,Clear,Cancelled,Driver,5.5
B02101,C0130,D0025,2026-03-25 19:14:00,Secunderabad,Kukatpally,Hyderabad,Cab,Card,2.7,7.8,127.8,1.73,High,Clear,Completed,Unknown,2.0
B02102,C0267,D0090,2026-02-21 06:56:00,Hinjewadi,Viman Nagar,Pune,Bike,Card,5.21,10.1,71.26,1.14,Low,Cloudy,Completed,Unknown,1.8
B02103,C0044,D0001,2026-01-25 15:19:00,Kukatpally,Madhapur,Hyderabad,Cab,UPI,3.27,8.6,135.78,1.34,Medium,Rain,Cancelled,Customer,6.2
B02104,C0007,D0107,2026-03-27 12:46:00,Hauz Khas,Rohini,Delhi,Auto,UPI,12.31,20.4,170.79,1.04,Low,Cloudy,Cancelled,Customer,5.9
B02105,C0081,D0120,2026-02-12 21:17:00,Whitefield,Jayanagar,Bengaluru,Cab,Card,7.71,18.0,197.94,1.03,Low,Clear,Completed,Unknown,3.5
B02106,C0187,D0035,2026-03-24 20:22:00,Viman Nagar,Baner,Pune,Auto,UPI,1.8,2.9,76.2,1.04,Low,Clear,Cancelled,Customer,4.1
B02107,C0106,D0112,2026-03-24 19:13:00,Gachibowli,Secunderabad,Hyderabad,Auto,Cash,1.99,6.0,77.91,1.68,Medium,Rain,Completed,Unknown,10.8
B02108,C0185,D0014,2026-01-31 05:31:00,Dwarka,Karol Bagh,Delhi,Bike,UPI,5.82,10.8,74.92,1.09,Low,Clear,Completed,Unknown,0.0
B02109,C0367,D0087,2026-02-27 08:49:00,Rohini,Dwarka,Delhi,Auto,UPI,1.2,4.3,70.8,1.73,High,Cloudy,Cancelled,Driver,12.8
B02110,C0227,D0093,2026-03-28 17:29:00,Indiranagar,MG Road,Bengaluru,Cab,Cash,1.78,5.7,114.92,1.77,High,Clear,Incomplete,Unknown,5.4
B02111,C0122,D0060,2026-02-26 23:02:00,Chembur,Andheri,Mumbai,Auto,Card,5.7,12.1,111.3,1.15,Medium,Clear,Completed,Unknown,1.3
B02112,C0259,D0095,2026-03-06 14:52:00,Kothrud,Viman Nagar,Pune,Cab,UPI,1.41,3.2,109.74,1.28,Medium,Rain,Cancelled,Customer,2.9
B02113,C0340,D0095,2026-01-04 00:16:00,Jayanagar,Whitefield,Bengaluru,Cab,Cash,5.5,11.1,167.0,1.07,Low,Clear,Completed,Unknown,1.7
B02114,C0281,D0092,2026-02-08 14:17:00,Dadar,Chembur,Mumbai,Auto,UPI,13.7,41.4,183.3,1.08,Medium,Clear,Completed,Unknown,1.2
B02115,C0325,D0067,2026-01-12 10:05:00,Madhapur,Secunderabad,Hyderabad,Cab,UPI,4.89,13.5,158.46,1.4,High,Clear,Cancelled,Customer,2.6
B02116,C0092,D0067,2026-02-19 05:11:00,Kothrud,Viman Nagar,Pune,Cab,Cash,2.05,4.1,118.7,1.31,Low,Rain,Completed,Unknown,0.5
B02117,C0094,D0131,2026-01-08 20:27:00,Ameerpet,Madhapur,Hyderabad,Bike,Card,3.86,9.0,63.16,1.08,Low,Clear,Completed,Unknown,2.1
B02118,C0050,D0127,2026-01-18 07:52:00,Dadar,Malad,Mumbai,Auto,Card,1.49,3.3,73.41,1.53,Low,Clear,Completed,Unknown,1.3
B02119,C0333,D0093,2026-03-29 12:58:00,Lajpat Nagar,Connaught Place,Delhi,Bike,UPI,6.66,20.2,79.96,1.07,Medium,Cloudy,Incomplete,Unknown,1.8
B02120,C0230,D0036,2026-01-26 04:15:00,Kharadi,Baner,Pune,Cab,Card,26.32,62.8,458.48,1.01,Low,Cloudy,Completed,Unknown,0.0
B02121,C0196,D0089,2026-03-20 19:05:00,Ameerpet,Madhapur,Hyderabad,Cab,UPI,3.49,7.7,138.86,1.49,Medium,Cloudy,Completed,Unknown,1.1
B02122,C0371,D0131,2026-03-26 12:24:00,Karol Bagh,Lajpat Nagar,Delhi,Bike,UPI,1.95,4.4,51.7,1.13,Medium,Clear,Completed,Unknown,0.0
B02123,C0373,D0024,2026-01-25 05:06:00,Hauz Khas,Connaught Place,Delhi,Auto,Wallet,13.71,26.9,183.39,1.29,Low,Rain,Completed,Unknown,1.9
B02124,C0293,D0039,2026-01-12 00:00:00,Bandra,Powai,Mumbai,Cab,Cash,3.86,7.5,144.04,1.03,Low,Smog,Completed,Unknown,7.0
B02125,C0369,D0087,2026-02-08 08:09:00,Koramangala,Jayanagar,Bengaluru,Cab,Card,2.62,7.9,126.68,1.99,High,Rain,Cancelled,Driver,8.8
B02126,C0118,D0142,2026-01-05 11:22:00,Koramangala,Indiranagar,Bengaluru,Auto,Wallet,4.81,13.6,103.29,1.01,Medium,Cloudy,Completed,Unknown,0.5
B02127,C0360,D0019,2026-01-25 05:57:00,Madhapur,Banjara Hills,Hyderabad,Bike,Card,1.38,3.0,48.28,1.13,Medium,Clear,Completed,Unknown,3.4
B02128,C0344,D0013,2026-03-04 02:08:00,Madhapur,Ameerpet,Hyderabad,Cab,UPI,13.53,23.4,279.42,1.05,Low,Clear,Completed,Unknown,8.8
B02129,C0060,D0131,2026-02-15 16:22:00,Ameerpet,Banjara Hills,Hyderabad,Cab,UPI,7.37,16.8,193.18,1.04,Low,Clear,Completed,Unknown,8.5
B02130,C0274,D0071,2026-02-28 10:30:00,Indiranagar,Jayanagar,Bengaluru,Auto,UPI,2.95,6.8,86.55,1.32,Low,Rain,Completed,Unknown,0.0
B02131,C0150,D0112,2026-03-16 08:05:00,Gachibowli,Banjara Hills,Hyderabad,Auto,UPI,6.89,26.5,122.01,2.03,High,Rain,Completed,Unknown,13.3
B02132,C0136,D0008,2026-03-09 23:07:00,Banjara Hills,Ameerpet,Hyderabad,Auto,Card,31.91,86.4,347.19,1.33,Medium,Rain,Completed,Unknown,5.5
B02133,C0198,D0022,2026-01-18 11:03:00,Rohini,Janakpuri,Delhi,Bike,UPI,2.71,6.8,56.26,1.0,Medium,Cloudy,Cancelled,Customer,5.2
B02134,C0107,D0136,2026-01-05 13:29:00,Kharadi,Wakad,Pune,Auto,UPI,1.02,3.1,69.18,1.1,Medium,Clear,Completed,Unknown,2.6
B02135,C0101,D0063,2026-01-19 15:02:00,Borivali,Chembur,Mumbai,Cab,Cash,5.04,20.3,160.56,1.34,High,Clear,Cancelled,Driver,2.5
B02136,C0285,D0060,2026-01-03 23:19:00,Wakad,Kharadi,Pune,Bike,Card,8.17,14.9,89.02,1.1,Low,Cloudy,Completed,Unknown,1.4
B02137,C0024,D0133,2026-02-25 12:23:00,Viman Nagar,Hinjewadi,Pune,Auto,UPI,9.53,19.1,145.77,1.12,Low,Cloudy,Completed,Unknown,0.0
B02138,C0065,D0137,2026-01-06 10:13:00,Kukatpally,Gachibowli,Hyderabad,Auto,Card,6.35,11.1,117.15,1.22,Low,Rain,Completed,Unknown,2.8
B02139,C0253,D0102,2026-01-02 01:56:00,Ameerpet,Gachibowli,Hyderabad,Auto,UPI,4.03,9.6,96.27,1.24,Low,Rain,Completed,Unknown,5.8
B02140,C0201,D0015,2026-02-27 21:28:00,Viman Nagar,Wakad,Pune,Bike,UPI,14.45,49.6,126.7,1.37,High,Clear,Completed,Unknown,5.0
B02141,C0232,D0005,2026-02-16 20:41:00,Koramangala,Whitefield,Bengaluru,Bike,Cash,5.63,12.1,73.78,1.08,Low,Clear,Completed,Unknown,11.3
B02142,C0235,D0096,2026-02-19 08:42:00,Malad,Colaba,Mumbai,Bike,UPI,6.01,12.8,76.06,1.48,Medium,Clear,Incomplete,Unknown,0.5
B02143,C0236,D0067,2026-03-02 10:49:00,Karol Bagh,Rohini,Delhi,Auto,Wallet,6.85,22.4,121.65,1.34,High,Clear,Completed,Unknown,3.6
B02144,C0129,D0098,2026-03-04 05:24:00,HSR Layout,Koramangala,Bengaluru,Bike,UPI,2.48,7.4,54.88,1.05,Medium,Clear,Completed,Unknown,3.2
B02145,C0177,D0014,2026-03-13 10:24:00,Jayanagar,HSR Layout,Bengaluru,Cab,UPI,2.8,7.2,129.2,1.06,Medium,Clear,Cancelled,Customer,0.4
B02146,C0093,D0085,2026-01-20 14:37:00,Banjara Hills,Gachibowli,Hyderabad,Auto,Card,1.45,3.0,73.05,1.12,Low,Cloudy,Completed,Unknown,0.0
B02147,C0065,D0041,2026-01-12 08:54:00,Andheri,Chembur,Mumbai,Bike,Cash,5.12,18.9,70.72,1.72,High,Clear,Completed,Unknown,2.0
B02148,C0228,D0023,2026-02-07 22:59:00,Kharadi,Kothrud,Pune,Cab,UPI,7.99,19.0,201.86,1.15,Low,Cloudy,Completed,Unknown,7.7
B02149,C0302,D0136,2026-03-28 20:27:00,Andheri,Bandra,Mumbai,Cab,Card,10.89,31.0,242.46,1.3,High,Clear,Completed,Unknown,8.0
B02150,C0376,D0054,2026-03-10 01:45:00,Viman Nagar,Hinjewadi,Pune,Auto,UPI,1.11,2.3,69.99,1.26,Low,Rain,Cancelled,Driver,0.4
B02151,C0160,D0113,2026-03-05 07:25:00,Dadar,Chembur,Mumbai,Cab,UPI,15.96,47.8,313.44,1.75,High,Cloudy,Completed,Unknown,3.9
B02152,C0258,D0056,2026-02-10 18:39:00,Lajpat Nagar,Pitampura,Delhi,Bike,Cash,5.6,21.9,73.6,1.8,High,Clear,Completed,Unknown,11.6
B02153,C0376,D0050,2026-03-13 07:35:00,Malad,Colaba,Mumbai,Auto,UPI,14.3,43.4,188.7,1.5,Medium,Clear,Completed,Unknown,0.0
B02154,C0232,D0086,2026-01-23 11:14:00,Baner,Viman Nagar,Pune,Cab,UPI,6.96,12.7,187.44,1.13,Low,Clear,Completed,Unknown,1.9
B02155,C0248,D0039,2026-02-01 23:04:00,Gachibowli,Madhapur,Hyderabad,Cab,UPI,5.36,12.3,165.04,1.02,Low,Cloudy,Completed,Unknown,2.0
B02156,C0245,D0062,2026-02-20 22:07:00,Kukatpally,Secunderabad,Hyderabad,Bike,UPI,13.44,36.7,120.64,1.41,High,Cloudy,Cancelled,Customer,4.3
B02157,C0165,D0016,2026-03-01 14:52:00,Banjara Hills,Gachibowli,Hyderabad,Auto,Cash,3.13,6.1,88.17,1.06,Low,Cloudy,Completed,Unknown,1.3
B02158,C0031,D0014,2026-01-12 23:48:00,Powai,Borivali,Mumbai,Auto,Card,11.47,25.5,163.23,1.02,Low,Clear,Completed,Unknown,0.0
B02159,C0261,D0052,2026-02-25 19:23:00,Secunderabad,Banjara Hills,Hyderabad,Bike,Card,15.13,43.8,130.78,1.73,Medium,Rain,Completed,Unknown,3.8
B02160,C0192,D0125,2026-03-30 20:41:00,Connaught Place,Lajpat Nagar,Delhi,Cab,Wallet,2.48,6.9,124.72,1.59,High,Rain,Cancelled,Customer,3.0
B02161,C0178,D0087,2026-01-26 20:55:00,Wakad,Viman Nagar,Pune,Bike,Wallet,5.39,19.1,72.34,1.55,High,Rain,Completed,Unknown,8.1
B02162,C0281,D0033,2026-01-14 03:59:00,Rohini,Noida Sector 18,Delhi,Auto,UPI,8.35,13.9,135.15,1.34,Low,Rain,Cancelled,Driver,2.7
B02163,C0261,D0120,2026-03-22 12:01:00,Dadar,Borivali,Mumbai,Bike,Card,3.63,6.4,61.78,1.1,Low,Smog,Cancelled,Customer,2.6
B02164,C0087,D0006,2026-01-05 05:45:00,Andheri,Colaba,Mumbai,Bike,UPI,7.32,22.6,83.92,1.1,Medium,Clear,Completed,Unknown,7.4
B02165,C0389,D0007,2026-03-24 10:45:00,Madhapur,Ameerpet,Hyderabad,Auto,Card,7.84,13.0,130.56,1.0,Low,Clear,Cancelled,Driver,7.8
B02166,C0193,D0094,2026-02-27 23:41:00,Electronic City,Indiranagar,Bengaluru,Cab,Card,1.22,2.6,107.08,1.05,Low,Clear,Completed,Unknown,5.0
B02167,C0274,D0077,2026-03-27 04:53:00,Karol Bagh,Lajpat Nagar,Delhi,Auto,UPI,5.03,8.4,105.27,1.09,Low,Clear,Completed,Unknown,3.5
B02168,C0180,D0029,2026-02-21 00:42:00,Lajpat Nagar,Dwarka,Delhi,Cab,Card,1.12,4.4,105.68,1.38,High,Clear,Incomplete,Unknown,6.5
B02169,C0036,D0030,2026-03-01 20:50:00,Powai,Malad,Mumbai,Auto,Cash,1.93,6.5,77.37,1.36,High,Cloudy,Incomplete,Unknown,4.2
B02170,C0034,D0113,2026-01-01 23:27:00,Hinjewadi,Wakad,Pune,Bike,UPI,7.17,14.6,83.02,1.09,Low,Clear,Completed,Unknown,0.0
B02171,C0272,D0078,2026-03-01 19:48:00,HSR Layout,Marathahalli,Bengaluru,Bike,Cash,15.0,38.1,130.0,1.46,Medium,Cloudy,Completed,Unknown,7.2
B02172,C0307,D0051,2026-01-02 12:12:00,Borivali,Bandra,Mumbai,Bike,Card,1.88,4.0,51.28,1.07,Medium,Clear,Completed,Unknown,0.0
B02173,C0176,D0128,2026-03-19 09:44:00,Kukatpally,Secunderabad,Hyderabad,Bike,UPI,4.03,11.4,64.18,1.73,High,Clear,Completed,Unknown,7.0
B02174,C0376,D0022,2026-02-17 13:44:00,Ameerpet,Secunderabad,Hyderabad,Auto,UPI,3.45,7.5,91.05,1.09,Low,Clear,Completed,Unknown,4.5
B02175,C0394,D0061,2026-03-26 05:49:00,Karol Bagh,Saket,Delhi,Cab,UPI,11.46,35.5,250.44,1.0,Medium,Cloudy,Completed,Unknown,0.0
B02176,C0147,D0107,2026-02-10 18:46:00,Bandra,Colaba,Mumbai,Cab,UPI,3.8,9.3,143.2,1.44,Medium,Cloudy,Incomplete,Unknown,10.0
B02177,C0339,D0148,2026-02-24 13:47:00,Whitefield,HSR Layout,Bengaluru,Bike,Cash,3.47,7.0,60.82,1.12,Low,Smog,Completed,Unknown,2.2
B02178,C0239,D0146,2026-02-27 20:46:00,Baner,Wakad,Pune,Cab,Card,5.01,12.2,160.14,1.04,Medium,Cloudy,Completed,Unknown,0.0
B02179,C0331,D0008,2026-03-19 22:06:00,Connaught Place,Rohini,Delhi,Auto,UPI,8.93,16.0,140.37,1.01,Low,Cloudy,Completed,Unknown,9.0
B02180,C0228,D0105,2026-01-10 23:12:00,Kharadi,Hinjewadi,Pune,Auto,Card,6.34,14.0,117.06,1.3,Low,Rain,Cancelled,Customer,3.9
B02181,C0307,D0125,2026-03-25 00:04:00,Viman Nagar,Baner,Pune,Bike,Card,8.58,17.8,91.48,1.01,Low,Cloudy,Completed,Unknown,0.2
B02182,C0244,D0006,2026-03-24 16:07:00,Marathahalli,Jayanagar,Bengaluru,Cab,UPI,7.78,14.1,198.92,1.04,Low,Cloudy,Cancelled,Customer,2.8
B02183,C0247,D0140,2026-03-11 00:06:00,Colaba,Andheri,Mumbai,Auto,UPI,4.32,8.6,98.88,1.14,Low,Smog,Completed,Unknown,3.9
B02184,C0281,D0006,2026-02-25 02:29:00,Baner,Hinjewadi,Pune,Auto,UPI,2.9,8.5,86.1,1.41,High,Clear,Incomplete,Unknown,5.9
B02185,C0153,D0069,2026-01-08 05:18:00,Madhapur,Gachibowli,Hyderabad,Cab,UPI,2.02,3.5,118.28,1.04,Low,Cloudy,Completed,Unknown,8.4
B02186,C0308,D0121,2026-01-28 07:41:00,Kharadi,Hinjewadi,Pune,Cab,UPI,6.04,17.6,174.56,1.75,High,Smog,Cancelled,Driver,7.5
B02187,C0372,D0100,2026-03-12 08:49:00,Kothrud,Viman Nagar,Pune,Bike,Cash,10.4,24.5,102.4,1.54,Medium,Cloudy,Completed,Unknown,0.0
B02188,C0085,D0060,2026-03-29 10:04:00,MG Road,Marathahalli,Bengaluru,Bike,Card,1.87,3.8,51.22,1.13,Low,Cloudy,Completed,Unknown,2.1
B02189,C0054,D0030,2026-02-26 05:39:00,Secunderabad,Gachibowli,Hyderabad,Cab,UPI,2.33,5.0,122.62,1.08,Low,Clear,Completed,Unknown,5.8
B02190,C0317,D0026,2026-01-05 03:00:00,Ameerpet,Kukatpally,Hyderabad,Bike,Card,14.37,24.9,126.22,1.11,Low,Clear,Completed,Unknown,0.0
B02191,C0103,D0024,2026-03-16 10:18:00,Ameerpet,Madhapur,Hyderabad,Bike,Card,3.8,9.0,62.8,1.13,Medium,Clear,Completed,Unknown,0.9
B02192,C0377,D0101,2026-01-12 10:48:00,Saket,Rohini,Delhi,Cab,Wallet,7.01,16.7,188.14,1.07,Low,Clear,Completed,Unknown,7.0
B02193,C0350,D0002,2026-03-18 22:11:00,Secunderabad,Ameerpet,Hyderabad,Auto,Card,4.74,12.8,102.66,1.09,Medium,Cloudy,Completed,Unknown,4.3
B02194,C0358,D0109,2026-02-17 06:07:00,Madhapur,Secunderabad,Hyderabad,Auto,Cash,2.7,6.6,84.3,1.1,Medium,Cloudy,Cancelled,Customer,7.3
B02195,C0177,D0037,2026-01-08 20:08:00,Janakpuri,Noida Sector 18,Delhi,Auto,UPI,4.15,12.1,97.35,1.39,High,Clear,Completed,Unknown,7.5
B02196,C0159,D0054,2026-01-11 00:23:00,Saket,Rohini,Delhi,Bike,Card,5.55,13.3,73.3,1.15,Low,Cloudy,Completed,Unknown,1.4
B02197,C0046,D0090,2026-03-01 09:05:00,HSR Layout,Electronic City,Bengaluru,Auto,Card,3.93,12.3,95.37,1.79,High,Clear,Cancelled,Driver,0.7
B02198,C0383,D0050,2026-03-07 00:20:00,Wakad,Kharadi,Pune,Auto,Card,9.88,17.7,148.92,1.13,Low,Cloudy,Completed,Unknown,0.0
B02199,C0240,D0098,2026-01-20 19:43:00,Karol Bagh,Lajpat Nagar,Delhi,Cab,Card,1.93,4.9,117.02,1.61,Medium,Rain,Completed,Unknown,0.0
B02200,C0121,D0085,2026-02-11 02:13:00,Whitefield,Koramangala,Bengaluru,Auto,Card,11.2,24.7,160.8,1.05,Low,Clear,Completed,Unknown,0.0
B02201,C0255,D0114,2026-02-15 18:01:00,Karol Bagh,Lajpat Nagar,Delhi,Cab,Wallet,4.21,13.7,148.94,1.79,High,Cloudy,Completed,Unknown,3.0
B02202,C0050,D0066,2026-01-04 16:12:00,Pitampura,Hauz Khas,Delhi,Cab,UPI,9.34,16.8,220.76,1.24,Low,Rain,Completed,Unknown,3.6
B02203,C0384,D0119,2026-02-16 13:26:00,Noida Sector 18,Hauz Khas,Delhi,Bike,Cash,1.27,3.3,47.62,1.09,Medium,Cloudy,Completed,Unknown,2.6
B02204,C0163,D0132,2026-03-04 19:25:00,Bandra,Borivali,Mumbai,Cab,Cash,2.86,8.0,130.04,1.44,Medium,Clear,Incomplete,Unknown,3.8
B02205,C0302,D0063,2026-03-16 07:45:00,Baner,Viman Nagar,Pune,Bike,UPI,11.01,25.9,106.06,1.54,Medium,Clear,Completed,Unknown,0.0
B02206,C0204,D0056,2026-02-20 20:20:00,HSR Layout,Indiranagar,Bengaluru,Auto,UPI,3.7,13.0,93.3,1.59,High,Rain,Completed,Unknown,5.6
B02207,C0131,D0030,2026-03-17 19:42:00,Lajpat Nagar,Karol Bagh,Delhi,Auto,Wallet,9.29,37.9,143.61,1.75,High,Cloudy,Completed,Unknown,2.3
B02208,C0044,D0121,2026-03-14 02:41:00,Koramangala,Whitefield,Bengaluru,Cab,Cash,3.6,9.0,140.4,1.12,Medium,Clear,Completed,Unknown,0.0
B02209,C0060,D0004,2026-03-10 21:36:00,Gachibowli,Madhapur,Hyderabad,Bike,Wallet,1.1,3.3,46.6,1.06,Medium,Cloudy,Completed,Unknown,9.7
B02210,C0088,D0093,2026-03-12 03:28:00,Lajpat Nagar,Saket,Delhi,Cab,UPI,7.25,23.1,191.5,1.33,High,Clear,Completed,Unknown,12.5
B02211,C0346,D0023,2026-03-23 02:47:00,Whitefield,Electronic City,Bengaluru,Cab,Card,2.34,8.6,122.76,1.42,High,Clear,Cancelled,Customer,8.5
B02212,C0039,D0063,2026-03-28 04:48:00,Pitampura,Hauz Khas,Delhi,Cab,Wallet,8.27,16.1,205.78,1.14,Low,Clear,Completed,Unknown,2.6
B02213,C0135,D0036,2026-01-11 14:08:00,Electronic City,MG Road,Bengaluru,Auto,UPI,7.68,18.4,129.12,1.3,Low,Rain,Incomplete,Unknown,3.8
B02214,C0087,D0018,2026-03-01 15:01:00,Connaught Place,Hauz Khas,Delhi,Bike,UPI,7.0,11.4,82.0,1.02,Low,Clear,Completed,Unknown,2.9
B02215,C0396,D0140,2026-03-24 09:54:00,Rohini,Janakpuri,Delhi,Cab,Card,8.47,21.3,208.58,1.48,Medium,Clear,Cancelled,Driver,3.7
B02216,C0262,D0012,2026-01-30 02:23:00,Wakad,Baner,Pune,Cab,Cash,3.7,11.1,141.8,1.23,Medium,Rain,Completed,Unknown,8.2
B02217,C0040,D0115,2026-02-16 12:04:00,Chembur,Andheri,Mumbai,Auto,Cash,12.3,30.0,170.7,1.06,Medium,Clear,Completed,Unknown,0.8
B02218,C0226,D0072,2026-03-07 17:10:00,Dadar,Borivali,Mumbai,Bike,Card,1.35,3.7,48.1,1.4,Medium,Cloudy,Completed,Unknown,2.4
B02219,C0130,D0093,2026-02-14 09:29:00,Baner,Kharadi,Pune,Bike,UPI,6.35,21.8,78.1,1.71,High,Cloudy,Cancelled,Driver,6.0
B02220,C0104,D0126,2026-03-16 11:19:00,Lajpat Nagar,Pitampura,Delhi,Auto,UPI,4.0,11.6,96.0,1.05,Medium,Clear,Completed,Unknown,11.6
B02221,C0274,D0100,2026-01-01 20:29:00,Madhapur,Kukatpally,Hyderabad,Bike,Card,2.23,4.9,53.38,1.04,Medium,Clear,Completed,Unknown,1.7
B02222,C0274,D0088,2026-01-29 17:36:00,Baner,Viman Nagar,Pune,Cab,Wallet,2.62,9.3,126.68,1.83,High,Cloudy,Completed,Unknown,3.3
B02223,C0338,D0126,2026-01-25 16:00:00,Chembur,Dadar,Mumbai,Bike,Card,4.88,13.2,69.28,1.15,Medium,Clear,Completed,Unknown,6.7
B02224,C0007,D0016,2026-03-19 17:16:00,Banjara Hills,Madhapur,Hyderabad,Cab,Card,2.39,6.7,123.46,1.53,Medium,Clear,Completed,Unknown,3.1
B02225,C0114,D0024,2026-03-28 00:25:00,Secunderabad,Gachibowli,Hyderabad,Cab,UPI,5.99,18.7,173.86,1.03,Medium,Clear,Completed,Unknown,3.8
B02226,C0165,D0012,2026-03-20 10:03:00,Gachibowli,Banjara Hills,Hyderabad,Auto,Cash,10.03,29.6,150.27,1.01,Medium,Cloudy,Completed,Unknown,5.0
B02227,C0234,D0040,2026-03-28 07:24:00,Colaba,Dadar,Mumbai,Cab,UPI,15.84,30.5,311.76,1.45,Low,Cloudy,Cancelled,Driver,0.7
B02228,C0364,D0076,2026-02-26 04:39:00,Kukatpally,Ameerpet,Hyderabad,Cab,Card,6.9,13.9,186.6,1.06,Low,Clear,Completed,Unknown,0.0
B02229,C0340,D0033,2026-03-12 05:07:00,Rohini,Hauz Khas,Delhi,Bike,Card,3.07,8.6,58.42,1.3,High,Clear,Completed,Unknown,3.4
B02230,C0318,D0083,2026-03-09 05:03:00,Colaba,Andheri,Mumbai,Bike,Wallet,3.48,13.5,60.88,1.39,High,Clear,Completed,Unknown,1.1
B02231,C0185,D0117,2026-02-22 22:52:00,Borivali,Colaba,Mumbai,Auto,Wallet,8.65,19.1,137.85,1.07,Low,Clear,Completed,Unknown,5.2
B02232,C0118,D0079,2026-02-28 02:19:00,Rohini,Hauz Khas,Delhi,Cab,Card,3.7,8.1,141.8,1.04,Low,Clear,Completed,Unknown,3.2
B02233,C0024,D0136,2026-03-21 01:58:00,Connaught Place,Hauz Khas,Delhi,Auto,UPI,1.36,2.8,72.24,1.11,Low,Clear,Completed,Unknown,0.0
B02234,C0018,D0149,2026-03-18 07:28:00,Kharadi,Hinjewadi,Pune,Cab,Card,3.0,7.7,132.0,1.41,Medium,Clear,Completed,Unknown,0.0
B02235,C0055,D0041,2026-01-13 22:17:00,Kothrud,Viman Nagar,Pune,Cab,UPI,2.34,5.1,122.76,1.03,Low,Cloudy,Completed,Unknown,1.0
B02236,C0334,D0073,2026-03-13 12:58:00,Noida Sector 18,Dwarka,Delhi,Bike,UPI,1.47,4.0,48.82,1.01,Medium,Cloudy,Completed,Unknown,0.0
B02237,C0143,D0130,2026-01-05 13:13:00,Indiranagar,Koramangala,Bengaluru,Bike,UPI,2.7,9.4,56.2,1.64,High,Rain,Cancelled,Driver,4.6
B02238,C0005,D0147,2026-01-26 23:13:00,Noida Sector 18,Karol Bagh,Delhi,Auto,UPI,2.88,4.6,85.92,1.22,Low,Rain,Completed,Unknown,2.0
B02239,C0055,D0088,2026-02-05 13:06:00,Hauz Khas,Noida Sector 18,Delhi,Auto,Card,1.8,5.1,76.2,1.03,Medium,Clear,Completed,Unknown,5.1
B02240,C0394,D0064,2026-03-24 21:22:00,Indiranagar,MG Road,Bengaluru,Cab,Wallet,1.45,3.9,110.3,1.12,Medium,Clear,Completed,Unknown,2.7
B02241,C0318,D0136,2026-02-09 13:06:00,Electronic City,Marathahalli,Bengaluru,Bike,Card,8.32,29.1,89.92,1.38,High,Clear,Completed,Unknown,2.2
B02242,C0354,D0147,2026-01-25 03:32:00,Kothrud,Baner,Pune,Bike,UPI,28.85,66.0,213.1,1.29,Low,Rain,Completed,Unknown,4.5
B02243,C0071,D0112,2026-02-09 11:15:00,Pitampura,Karol Bagh,Delhi,Bike,UPI,19.81,56.9,158.86,1.45,High,Clear,Completed,Unknown,6.8
B02244,C0171,D0129,2026-02-03 23:47:00,Malad,Borivali,Mumbai,Cab,UPI,16.42,28.3,319.88,1.1,Low,Clear,Completed,Unknown,1.6
B02245,C0278,D0022,2026-01-14 08:22:00,Rohini,Hauz Khas,Delhi,Bike,Card,3.69,12.0,62.14,1.84,High,Cloudy,Completed,Unknown,9.2
B02246,C0284,D0010,2026-01-28 16:51:00,Gachibowli,Banjara Hills,Hyderabad,Cab,UPI,7.04,17.2,188.56,1.14,Medium,Clear,Completed,Unknown,2.0
B02247,C0380,D0131,2026-03-16 07:25:00,Powai,Colaba,Mumbai,Bike,UPI,8.8,28.8,92.8,1.78,High,Clear,Cancelled,Customer,4.2
B02248,C0335,D0037,2026-02-07 10:54:00,Kothrud,Baner,Pune,Bike,Wallet,1.2,3.9,47.2,1.61,High,Rain,Completed,Unknown,7.3
B02249,C0341,D0143,2026-03-11 01:56:00,Wakad,Kharadi,Pune,Auto,UPI,4.23,9.4,98.07,1.04,Medium,Cloudy,Completed,Unknown,0.3
B02250,C0139,D0058,2026-01-28 03:36:00,Baner,Viman Nagar,Pune,Bike,Card,10.76,25.8,104.56,1.09,Medium,Cloudy,Completed,Unknown,3.7
B02251,C0216,D0078,2026-01-07 06:27:00,Bandra,Colaba,Mumbai,Auto,Card,5.86,22.9,112.74,1.41,High,Clear,Incomplete,Unknown,7.6
B02252,C0058,D0137,2026-02-14 02:53:00,Gachibowli,Madhapur,Hyderabad,Auto,UPI,1.63,4.7,74.67,1.01,Medium,Clear,Completed,Unknown,4.8
B02253,C0232,D0093,2026-03-31 03:56:00,Madhapur,Ameerpet,Hyderabad,Cab,Wallet,2.9,6.7,130.6,1.08,Low,Clear,Completed,Unknown,5.4
B02254,C0327,D0004,2026-03-17 19:00:00,Hauz Khas,Rohini,Delhi,Auto,Cash,5.38,12.0,108.42,1.44,Medium,Clear,Completed,Unknown,6.9
B02255,C0179,D0085,2026-02-10 11:32:00,Malad,Bandra,Mumbai,Auto,UPI,9.63,32.8,146.67,1.38,High,Cloudy,Completed,Unknown,12.9
B02256,C0114,D0121,2026-02-27 10:47:00,Koramangala,Jayanagar,Bengaluru,Cab,UPI,6.86,15.0,186.04,1.08,Medium,Smog,Cancelled,Driver,2.7
B02257,C0192,D0013,2026-01-17 20:22:00,Dadar,Andheri,Mumbai,Bike,UPI,10.21,17.0,101.26,1.14,Low,Cloudy,Completed,Unknown,2.5
B02258,C0215,D0096,2026-02-15 16:37:00,Janakpuri,Dwarka,Delhi,Bike,Card,14.45,25.2,126.7,1.07,Low,Cloudy,Completed,Unknown,0.0
B02259,C0348,D0096,2026-01-21 07:48:00,Secunderabad,Ameerpet,Hyderabad,Cab,Cash,4.79,18.1,157.06,1.71,High,Clear,Cancelled,Customer,3.5
B02260,C0108,D0040,2026-01-29 03:43:00,Janakpuri,Dwarka,Delhi,Bike,Cash,13.72,39.7,122.32,1.23,Medium,Rain,Cancelled,Customer,0.0
B02261,C0034,D0009,2026-02-16 02:27:00,Malad,Borivali,Mumbai,Bike,Card,8.23,23.1,89.38,1.08,Medium,Clear,Completed,Unknown,0.0
B02262,C0101,D0103,2026-01-02 03:19:00,Malad,Borivali,Mumbai,Auto,Wallet,6.11,12.8,114.99,1.09,Medium,Clear,Completed,Unknown,11.7
B02263,C0230,D0050,2026-02-03 15:39:00,Kukatpally,Madhapur,Hyderabad,Auto,Card,1.93,3.7,77.37,1.15,Low,Cloudy,Completed,Unknown,2.3
B02264,C0061,D0094,2026-01-01 17:52:00,Baner,Hinjewadi,Pune,Cab,UPI,21.52,86.4,391.28,1.71,High,Clear,Completed,Unknown,10.1
B02265,C0308,D0121,2026-03-11 20:36:00,Janakpuri,Lajpat Nagar,Delhi,Bike,Cash,3.48,9.0,60.88,1.04,Medium,Cloudy,Completed,Unknown,6.7
B02266,C0150,D0126,2026-02-22 16:45:00,Connaught Place,Lajpat Nagar,Delhi,Bike,UPI,6.0,10.4,76.0,1.08,Low,Clear,Incomplete,Unknown,4.0
B02267,C0274,D0126,2026-01-01 15:24:00,Indiranagar,HSR Layout,Bengaluru,Cab,Card,6.8,12.1,185.2,1.06,Low,Clear,Completed,Unknown,6.5
B02268,C0217,D0008,2026-03-04 21:24:00,Secunderabad,Madhapur,Hyderabad,Bike,Card,6.48,10.7,78.88,1.09,Low,Clear,Completed,Unknown,4.2
B02269,C0135,D0120,2026-03-03 00:25:00,Wakad,Kharadi,Pune,Cab,Wallet,8.63,20.5,210.82,1.07,Low,Clear,Completed,Unknown,6.4
B02270,C0389,D0042,2026-01-17 11:00:00,Baner,Kothrud,Pune,Auto,UPI,12.95,25.2,176.55,1.07,Low,Clear,Completed,Unknown,0.0
B02271,C0353,D0147,2026-03-28 00:53:00,Indiranagar,Marathahalli,Bengaluru,Bike,Card,5.38,10.8,72.28,1.13,Low,Clear,Cancelled,Customer,10.0
B02272,C0081,D0143,2026-02-26 02:29:00,Jayanagar,Marathahalli,Bengaluru,Auto,Card,10.47,18.5,154.23,1.02,Low,Clear,Completed,Unknown,0.0
B02273,C0327,D0085,2026-01-09 02:54:00,Electronic City,Koramangala,Bengaluru,Cab,UPI,1.48,4.4,110.72,1.42,High,Cloudy,Cancelled,Customer,6.9
B02274,C0042,D0150,2026-01-23 21:59:00,Noida Sector 18,Lajpat Nagar,Delhi,Bike,UPI,10.46,24.0,102.76,1.05,Low,Cloudy,Completed,Unknown,3.1
B02275,C0119,D0134,2026-02-08 17:16:00,Banjara Hills,Gachibowli,Hyderabad,Bike,UPI,34.33,137.6,245.98,1.78,High,Cloudy,Completed,Unknown,1.3
B02276,C0293,D0131,2026-01-20 07:01:00,Pitampura,Karol Bagh,Delhi,Auto,UPI,1.04,4.0,69.36,1.8,High,Clear,Completed,Unknown,6.2
B02277,C0105,D0143,2026-01-01 23:33:00,Baner,Kothrud,Pune,Bike,UPI,3.4,7.0,60.4,1.14,Low,Clear,Completed,Unknown,0.0
B02278,C0206,D0034,2026-03-14 17:08:00,Malad,Andheri,Mumbai,Auto,Wallet,2.67,8.5,84.03,1.76,High,Clear,Completed,Unknown,4.6
B02279,C0176,D0072,2026-03-18 02:32:00,Secunderabad,Kukatpally,Hyderabad,Cab,Card,8.52,19.3,209.28,1.13,Low,Clear,Completed,Unknown,5.0
B02280,C0281,D0033,2026-01-24 06:16:00,Kukatpally,Ameerpet,Hyderabad,Cab,Card,2.92,6.1,130.88,1.04,Low,Clear,Cancelled,Customer,2.6
B02281,C0323,D0136,2026-01-22 01:36:00,HSR Layout,Koramangala,Bengaluru,Auto,Cash,10.65,25.9,155.85,1.14,Medium,Cloudy,Completed,Unknown,2.4
B02282,C0220,D0001,2026-03-12 18:05:00,Indiranagar,HSR Layout,Bengaluru,Auto,Cash,7.18,21.7,124.62,1.43,Medium,Clear,Cancelled,Customer,1.9
B02283,C0095,D0125,2026-01-02 20:09:00,Bandra,Dadar,Mumbai,Bike,Wallet,16.85,38.3,141.1,1.01,Low,Clear,Completed,Unknown,4.9
B02284,C0271,D0026,2026-03-12 22:10:00,Ameerpet,Gachibowli,Hyderabad,Cab,Cash,15.14,25.6,301.96,1.13,Low,Smog,Completed,Unknown,3.3
B02285,C0304,D0049,2026-03-30 19:21:00,Gachibowli,Banjara Hills,Hyderabad,Auto,Cash,17.75,40.6,219.75,1.54,Low,Smog,Cancelled,Customer,8.1
B02286,C0121,D0038,2026-03-07 19:37:00,Hinjewadi,Viman Nagar,Pune,Bike,Card,2.03,5.1,52.18,1.42,Medium,Clear,Cancelled,Customer,7.0
B02287,C0042,D0015,2026-01-10 00:48:00,Wakad,Hinjewadi,Pune,Auto,Cash,4.3,13.0,98.7,1.14,Medium,Cloudy,Completed,Unknown,8.6
B02288,C0353,D0142,2026-03-30 19:30:00,Connaught Place,Dwarka,Delhi,Cab,Cash,10.04,24.3,230.56,1.45,Medium,Clear,Cancelled,Customer,0.0
B02289,C0356,D0017,2026-01-22 03:44:00,Ameerpet,Kukatpally,Hyderabad,Bike,Card,6.15,13.8,76.9,1.01,Low,Clear,Completed,Unknown,0.0
B02290,C0360,D0018,2026-02-07 01:57:00,Indiranagar,Koramangala,Bengaluru,Bike,Cash,3.98,8.5,63.88,1.12,Medium,Clear,Completed,Unknown,3.8
B02291,C0075,D0074,2026-01-19 11:41:00,Secunderabad,Kukatpally,Hyderabad,Cab,Card,2.0,4.6,118.0,1.03,Medium,Clear,Completed,Unknown,5.2
B02292,C0389,D0139,2026-01-18 01:59:00,Kothrud,Viman Nagar,Pune,Bike,Wallet,4.17,7.8,65.02,1.34,Low,Rain,Completed,Unknown,7.7
B02293,C0240,D0134,2026-03-21 02:00:00,Saket,Rohini,Delhi,Auto,UPI,8.24,18.2,134.16,1.08,Medium,Cloudy,Completed,Unknown,0.0
B02294,C0337,D0030,2026-02-14 19:44:00,Indiranagar,Jayanagar,Bengaluru,Cab,Wallet,1.1,4.4,105.4,1.76,High,Clear,Completed,Unknown,4.3
B02295,C0003,D0087,2026-02-28 02:47:00,Chembur,Borivali,Mumbai,Bike,Wallet,13.86,26.4,123.16,1.26,Low,Rain,Cancelled,Driver,5.0
B02296,C0081,D0096,2026-03-01 09:27:00,Viman Nagar,Baner,Pune,Cab,Wallet,1.99,5.2,117.86,1.53,Medium,Clear,Completed,Unknown,4.3
B02297,C0312,D0096,2026-02-06 09:56:00,Kukatpally,Madhapur,Hyderabad,Auto,UPI,5.53,9.7,109.77,1.51,Low,Clear,Incomplete,Unknown,0.4
B02298,C0031,D0136,2026-02-04 03:43:00,Ameerpet,Banjara Hills,Hyderabad,Bike,Cash,4.78,8.0,68.68,1.08,Low,Clear,Completed,Unknown,6.8
B02299,C0372,D0130,2026-03-18 16:55:00,MG Road,Jayanagar,Bengaluru,Auto,Cash,1.32,2.2,71.88,1.2,Low,Rain,Completed,Unknown,1.4
B02300,C0043,D0066,2026-01-26 06:10:00,Hinjewadi,Kharadi,Pune,Cab,UPI,14.81,30.9,297.34,1.34,Low,Rain,Completed,Unknown,4.2
B02301,C0325,D0093,2026-02-21 06:53:00,Borivali,Bandra,Mumbai,Cab,UPI,7.97,13.5,201.58,1.13,Low,Clear,Completed,Unknown,4.5
B02302,C0083,D0015,2026-02-11 11:14:00,Bandra,Powai,Mumbai,Bike,UPI,5.4,15.0,72.4,1.32,Medium,Rain,Completed,Unknown,2.8
B02303,C0167,D0096,2026-03-25 02:51:00,Malad,Borivali,Mumbai,Auto,UPI,5.5,12.9,109.5,1.24,Low,Rain,Cancelled,Customer,0.0
B02304,C0338,D0102,2026-01-28 02:33:00,Baner,Hinjewadi,Pune,Bike,UPI,11.93,40.6,111.58,1.37,High,Clear,Cancelled,Customer,3.0
B02305,C0279,D0124,2026-03-05 09:42:00,Viman Nagar,Hinjewadi,Pune,Bike,Card,3.74,13.4,62.44,1.75,High,Smog,Completed,Unknown,11.8
B02306,C0068,D0063,2026-01-12 08:33:00,Secunderabad,Banjara Hills,Hyderabad,Cab,Cash,1.52,4.7,111.28,1.65,Medium,Rain,Completed,Unknown,0.0
B02307,C0254,D0012,2026-01-10 21:41:00,Chembur,Colaba,Mumbai,Auto,Cash,1.86,4.5,76.74,1.03,Medium,Cloudy,Completed,Unknown,6.7
B02308,C0158,D0105,2026-02-12 18:48:00,Madhapur,Gachibowli,Hyderabad,Bike,Card,1.2,2.4,47.2,1.41,Low,Clear,Completed,Unknown,0.0
B02309,C0190,D0136,2026-03-28 17:53:00,Kharadi,Wakad,Pune,Bike,Cash,8.65,25.8,91.9,1.71,High,Clear,Cancelled,Customer,1.5
B02310,C0284,D0109,2026-01-06 01:30:00,Malad,Powai,Mumbai,Bike,Card,14.38,29.8,126.28,1.34,Low,Rain,Incomplete,Unknown,3.8
B02311,C0302,D0014,2026-02-02 00:52:00,Chembur,Malad,Mumbai,Bike,Card,1.21,3.2,47.26,1.01,Medium,Clear,Completed,Unknown,3.7
B02312,C0334,D0029,2026-01-07 04:24:00,Hauz Khas,Connaught Place,Delhi,Auto,UPI,2.41,6.5,81.69,1.11,Medium,Clear,Cancelled,Customer,2.9
B02313,C0131,D0039,2026-01-23 20:10:00,Gachibowli,Banjara Hills,Hyderabad,Auto,Wallet,4.71,10.2,102.39,1.13,Medium,Cloudy,Completed,Unknown,8.8
B02314,C0236,D0119,2026-03-22 00:57:00,Kukatpally,Ameerpet,Hyderabad,Auto,UPI,9.02,27.8,141.18,1.36,High,Clear,Completed,Unknown,16.5
B02315,C0342,D0095,2026-02-10 08:43:00,Rohini,Hauz Khas,Delhi,Auto,UPI,5.74,10.1,111.66,1.64,Low,Rain,Completed,Unknown,1.4
B02316,C0384,D0106,2026-03-23 04:02:00,Electronic City,Koramangala,Bengaluru,Bike,Wallet,16.6,50.6,139.6,1.34,High,Cloudy,Completed,Unknown,3.1
B02317,C0064,D0078,2026-03-22 01:53:00,Secunderabad,Madhapur,Hyderabad,Bike,Card,2.68,6.7,56.08,1.14,Medium,Cloudy,Completed,Unknown,9.2
B02318,C0140,D0136,2026-03-13 09:48:00,Kukatpally,Madhapur,Hyderabad,Cab,UPI,45.0,162.2,720.0,1.7,High,Clear,Completed,Unknown,5.6
B02319,C0257,D0055,2026-03-23 14:23:00,HSR Layout,Jayanagar,Bengaluru,Auto,Card,2.83,6.9,85.47,1.04,Medium,Cloudy,Cancelled,Customer,7.1
B02320,C0043,D0090,2026-03-06 01:05:00,Ameerpet,Kukatpally,Hyderabad,Bike,UPI,3.92,12.2,63.52,1.07,Medium,Cloudy,Completed,Unknown,1.1
B02321,C0189,D0131,2026-02-03 11:00:00,Jayanagar,Indiranagar,Bengaluru,Cab,UPI,3.46,8.3,138.44,1.33,Low,Rain,Completed,Unknown,6.9
B02322,C0174,D0139,2026-03-25 10:27:00,Wakad,Kothrud,Pune,Auto,UPI,3.11,7.6,87.99,1.07,Medium,Clear,Completed,Unknown,4.7
B02323,C0239,D0071,2026-02-03 12:24:00,HSR Layout,Whitefield,Bengaluru,Bike,Wallet,11.38,32.0,108.28,1.05,Medium,Clear,Completed,Unknown,0.0
B02324,C0215,D0142,2026-02-26 17:50:00,Colaba,Chembur,Mumbai,Cab,Wallet,3.65,8.2,141.1,1.55,Low,Clear,Completed,Unknown,6.9
B02325,C0035,D0090,2026-01-16 17:32:00,Pitampura,Noida Sector 18,Delhi,Auto,Cash,9.75,20.8,147.75,1.41,Medium,Cloudy,Completed,Unknown,2.0
B02326,C0290,D0142,2026-03-13 20:42:00,Whitefield,Koramangala,Bengaluru,Auto,UPI,1.23,3.5,71.07,1.01,Medium,Clear,Completed,Unknown,3.6
B02327,C0075,D0066,2026-02-06 13:31:00,Wakad,Viman Nagar,Pune,Cab,Cash,3.67,13.6,141.38,1.54,High,Rain,Cancelled,Customer,12.4
B02328,C0095,D0068,2026-03-20 05:05:00,Gachibowli,Secunderabad,Hyderabad,Auto,UPI,4.18,11.8,97.62,1.05,Medium,Clear,Cancelled,Driver,4.8
B02329,C0232,D0112,2026-03-25 10:48:00,Jayanagar,Koramangala,Bengaluru,Auto,Card,2.25,5.3,80.25,1.2,Medium,Rain,Cancelled,Driver,8.4
B02330,C0055,D0006,2026-01-16 00:30:00,Kharadi,Wakad,Pune,Bike,Card,6.51,16.9,79.06,1.05,Medium,Cloudy,Completed,Unknown,7.6
B02331,C0063,D0017,2026-03-13 04:02:00,Whitefield,MG Road,Bengaluru,Bike,UPI,3.97,15.6,63.82,1.41,High,Clear,Completed,Unknown,6.1
B02332,C0188,D0076,2026-02-15 17:00:00,Kothrud,Kharadi,Pune,Auto,UPI,1.3,3.8,71.7,1.82,High,Cloudy,Completed,Unknown,3.5
B02333,C0356,D0137,2026-03-19 10:33:00,Koramangala,Electronic City,Bengaluru,Bike,Cash,1.99,4.7,51.94,1.1,Low,Clear,Cancelled,Driver,1.3
B02334,C0031,D0142,2026-02-01 09:05:00,Chembur,Malad,Mumbai,Bike,Card,1.46,3.0,48.76,1.43,Medium,Cloudy,Completed,Unknown,4.6
B02335,C0186,D0092,2026-03-29 21:53:00,Secunderabad,Ameerpet,Hyderabad,Bike,UPI,10.96,29.4,105.76,1.08,Medium,Clear,Incomplete,Unknown,1.6
B02336,C0238,D0078,2026-02-16 15:21:00,Andheri,Chembur,Mumbai,Auto,UPI,2.38,5.0,81.42,1.12,Medium,Clear,Completed,Unknown,6.7
B02337,C0178,D0010,2026-02-03 14:14:00,Whitefield,Marathahalli,Bengaluru,Cab,UPI,14.03,48.9,286.42,1.38,High,Cloudy,Cancelled,Customer,4.8
B02338,C0328,D0054,2026-01-20 05:59:00,Secunderabad,Ameerpet,Hyderabad,Auto,Card,5.15,9.7,106.35,1.03,Low,Clear,Completed,Unknown,3.2
B02339,C0235,D0125,2026-01-09 07:34:00,Rohini,Lajpat Nagar,Delhi,Cab,UPI,16.25,56.1,317.5,1.75,High,Clear,Completed,Unknown,4.0
B02340,C0235,D0027,2026-03-11 14:03:00,Baner,Hinjewadi,Pune,Bike,Card,1.64,3.5,49.84,1.06,Low,Clear,Completed,Unknown,0.0
B02341,C0313,D0050,2026-03-02 12:25:00,Gachibowli,Madhapur,Hyderabad,Auto,Cash,5.07,10.9,105.63,1.03,Low,Clear,Completed,Unknown,3.4
B02342,C0207,D0133,2026-03-01 15:39:00,Kharadi,Hinjewadi,Pune,Auto,Cash,7.7,17.5,129.3,1.11,Medium,Clear,Completed,Unknown,0.0
B02343,C0346,D0009,2026-03-27 00:07:00,Whitefield,Jayanagar,Bengaluru,Cab,Card,1.01,3.2,104.14,1.5,High,Rain,Cancelled,Customer,3.1
B02344,C0037,D0083,2026-03-03 03:38:00,Secunderabad,Madhapur,Hyderabad,Bike,Card,6.78,13.0,80.68,1.03,Low,Clear,Incomplete,Unknown,5.1
B02345,C0075,D0074,2026-03-31 04:17:00,Pitampura,Noida Sector 18,Delhi,Cab,Wallet,2.04,4.0,118.56,1.02,Low,Clear,Completed,Unknown,2.5
B02346,C0052,D0053,2026-03-12 03:21:00,Madhapur,Gachibowli,Hyderabad,Cab,UPI,12.5,34.6,265.0,1.11,Medium,Cloudy,Completed,Unknown,3.0
B02347,C0147,D0144,2026-01-20 12:10:00,Kharadi,Wakad,Pune,Bike,UPI,9.0,28.2,94.0,1.43,High,Clear,Incomplete,Unknown,9.9
B02348,C0400,D0053,2026-01-05 11:44:00,Chembur,Andheri,Mumbai,Bike,UPI,18.52,59.6,151.12,1.41,High,Clear,Completed,Unknown,8.8
B02349,C0028,D0060,2026-02-22 16:13:00,Banjara Hills,Ameerpet,Hyderabad,Auto,UPI,10.42,19.4,153.78,1.02,Low,Cloudy,Completed,Unknown,2.0
B02350,C0102,D0123,2026-03-14 16:06:00,MG Road,Whitefield,Bengaluru,Cab,Card,7.34,29.6,192.76,1.4,High,Cloudy,Cancelled,Customer,9.8
B02351,C0165,D0099,2026-02-03 23:23:00,Karol Bagh,Pitampura,Delhi,Auto,UPI,2.25,4.7,80.25,1.02,Low,Clear,Completed,Unknown,8.9
B02352,C0307,D0097,2026-03-24 19:21:00,Kharadi,Baner,Pune,Auto,Card,8.19,25.0,133.71,1.64,Medium,Rain,Completed,Unknown,3.4
B02353,C0372,D0146,2026-01-05 18:33:00,Kothrud,Wakad,Pune,Bike,Card,1.63,4.5,49.78,1.78,High,Cloudy,Cancelled,Driver,6.7
B02354,C0341,D0094,2026-02-08 20:14:00,Kharadi,Kothrud,Pune,Bike,UPI,5.28,19.3,71.68,1.34,High,Clear,Completed,Unknown,8.8
B02355,C0298,D0132,2026-01-19 19:38:00,Karol Bagh,Saket,Delhi,Cab,Wallet,6.77,18.3,184.78,1.54,Medium,Cloudy,Completed,Unknown,1.8
B02356,C0150,D0022,2026-02-16 12:51:00,Karol Bagh,Janakpuri,Delhi,Auto,Wallet,12.81,29.3,175.29,1.26,Medium,Rain,Cancelled,Driver,7.2
B02357,C0065,D0126,2026-03-01 01:04:00,Kharadi,Viman Nagar,Pune,Bike,UPI,4.12,14.2,64.72,1.38,High,Clear,Incomplete,Unknown,13.1
B02358,C0400,D0002,2026-03-11 13:28:00,Marathahalli,HSR Layout,Bengaluru,Auto,UPI,7.42,16.9,126.78,1.04,Low,Clear,Completed,Unknown,12.0
B02359,C0173,D0023,2026-03-15 14:57:00,Baner,Kothrud,Pune,Bike,Cash,3.03,8.0,58.18,1.05,Medium,Clear,Completed,Unknown,5.3
B02360,C0053,D0087,2026-03-23 10:47:00,Viman Nagar,Wakad,Pune,Bike,Card,10.15,23.6,100.9,1.01,Low,Clear,Completed,Unknown,6.7
B02361,C0274,D0093,2026-03-05 02:05:00,Kharadi,Baner,Pune,Cab,UPI,2.18,3.7,120.52,1.02,Low,Clear,Cancelled,Customer,0.7
B02362,C0226,D0137,2026-02-10 06:46:00,Banjara Hills,Ameerpet,Hyderabad,Bike,Cash,1.29,4.1,47.74,1.41,High,Clear,Completed,Unknown,6.0
B02363,C0095,D0051,2026-03-03 08:03:00,Gachibowli,Kukatpally,Hyderabad,Cab,Card,4.33,7.4,150.62,1.43,Low,Smog,Cancelled,Customer,5.5
B02364,C0104,D0134,2026-03-15 12:38:00,Baner,Kothrud,Pune,Auto,Cash,6.42,13.2,117.78,1.02,Low,Clear,Completed,Unknown,0.0
B02365,C0303,D0090,2026-03-31 06:29:00,Andheri,Powai,Mumbai,Bike,Cash,5.17,12.5,71.02,1.14,Medium,Cloudy,Cancelled,Customer,4.0
B02366,C0351,D0108,2026-01-15 16:20:00,Chembur,Powai,Mumbai,Cab,UPI,1.4,2.9,109.6,1.35,Medium,Rain,Completed,Unknown,9.2
B02367,C0281,D0025,2026-02-13 21:08:00,Kharadi,Baner,Pune,Cab,Wallet,2.37,4.5,123.18,1.28,Low,Rain,Incomplete,Unknown,0.0
B02368,C0241,D0111,2026-02-03 14:57:00,Powai,Bandra,Mumbai,Cab,Card,4.35,13.3,150.9,1.34,Medium,Rain,Completed,Unknown,9.0
B02369,C0018,D0018,2026-01-14 09:44:00,Bandra,Malad,Mumbai,Bike,UPI,7.06,19.6,82.36,1.54,Medium,Clear,Cancelled,Driver,2.1
B02370,C0315,D0144,2026-01-14 06:43:00,Pitampura,Karol Bagh,Delhi,Cab,Card,3.74,8.9,142.36,1.11,Low,Cloudy,Completed,Unknown,6.7
B02371,C0390,D0067,2026-01-08 17:48:00,Borivali,Andheri,Mumbai,Auto,UPI,7.86,19.7,130.74,1.41,Medium,Clear,Completed,Unknown,1.4
B02372,C0213,D0087,2026-03-22 14:02:00,Dadar,Powai,Mumbai,Auto,UPI,1.82,5.0,76.38,1.26,Medium,Rain,Completed,Unknown,5.1
B02373,C0313,D0050,2026-03-01 16:38:00,Connaught Place,Karol Bagh,Delhi,Bike,UPI,5.25,20.6,71.5,1.44,High,Clear,Completed,Unknown,3.0
B02374,C0332,D0018,2026-03-30 02:39:00,Hinjewadi,Kharadi,Pune,Bike,Cash,18.56,44.2,151.36,1.08,Medium,Clear,Completed,Unknown,4.8
B02375,C0093,D0075,2026-01-16 08:38:00,Karol Bagh,Rohini,Delhi,Cab,UPI,2.37,4.1,123.18,1.54,Low,Clear,Completed,Unknown,5.2
B02376,C0113,D0073,2026-03-21 16:39:00,Pitampura,Rohini,Delhi,Bike,Card,1.37,3.2,48.22,1.01,Low,Clear,Cancelled,Customer,0.0
B02377,C0163,D0111,2026-01-05 14:48:00,Indiranagar,Whitefield,Bengaluru,Auto,Cash,19.82,51.3,238.38,1.09,Medium,Clear,Cancelled,Customer,10.6
B02378,C0372,D0026,2026-03-11 11:23:00,HSR Layout,Electronic City,Bengaluru,Auto,UPI,3.8,8.3,94.2,1.07,Low,Clear,Incomplete,Unknown,2.5
B02379,C0269,D0015,2026-03-04 03:17:00,Jayanagar,HSR Layout,Bengaluru,Auto,UPI,2.34,4.0,81.06,1.14,Low,Clear,Completed,Unknown,6.9
B02380,C0199,D0006,2026-01-13 15:52:00,Malad,Chembur,Mumbai,Cab,Cash,5.24,11.9,163.36,1.13,Low,Clear,Cancelled,Customer,8.5
B02381,C0240,D0074,2026-01-16 14:13:00,Pitampura,Connaught Place,Delhi,Auto,UPI,5.09,15.5,105.81,1.02,Medium,Clear,Completed,Unknown,3.2
B02382,C0352,D0121,2026-02-01 06:28:00,Secunderabad,Madhapur,Hyderabad,Cab,UPI,8.42,26.1,207.88,1.33,High,Clear,Completed,Unknown,0.9
B02383,C0281,D0060,2026-01-09 15:33:00,Marathahalli,HSR Layout,Bengaluru,Bike,UPI,8.95,16.4,93.7,1.08,Low,Clear,Cancelled,Customer,0.0
B02384,C0174,D0092,2026-01-20 20:45:00,Kharadi,Baner,Pune,Bike,UPI,1.48,4.5,48.88,1.15,Medium,Cloudy,Completed,Unknown,0.0
B02385,C0082,D0116,2026-02-22 03:36:00,Electronic City,HSR Layout,Bengaluru,Bike,UPI,5.75,11.4,74.5,1.12,Low,Clear,Completed,Unknown,0.0
B02386,C0250,D0051,2026-02-02 14:02:00,Marathahalli,Electronic City,Bengaluru,Bike,UPI,14.83,31.9,128.98,1.09,Low,Clear,Completed,Unknown,4.6
B02387,C0274,D0063,2026-03-08 03:36:00,Banjara Hills,Gachibowli,Hyderabad,Bike,UPI,3.76,8.4,62.56,1.05,Low,Clear,Completed,Unknown,0.0
B02388,C0207,D0007,2026-01-19 07:58:00,Chembur,Bandra,Mumbai,Auto,Wallet,1.25,4.7,71.25,1.74,High,Clear,Completed,Unknown,10.5
B02389,C0296,D0141,2026-01-07 12:29:00,Koramangala,Indiranagar,Bengaluru,Auto,Card,32.71,121.1,354.39,1.45,High,Clear,Completed,Unknown,3.3
B02390,C0263,D0127,2026-01-16 02:15:00,Gachibowli,Banjara Hills,Hyderabad,Cab,Card,6.57,14.2,181.98,1.04,Medium,Clear,Completed,Unknown,5.2
B02391,C0301,D0137,2026-03-06 18:29:00,Electronic City,Marathahalli,Bengaluru,Cab,UPI,12.05,46.7,258.7,1.73,High,Clear,Cancelled,Customer,5.4
B02392,C0058,D0111,2026-03-31 06:40:00,Dadar,Malad,Mumbai,Auto,UPI,21.28,35.2,251.52,1.05,Low,Cloudy,Completed,Unknown,3.5
B02393,C0097,D0034,2026-02-04 14:56:00,Gachibowli,Madhapur,Hyderabad,Auto,Card,2.89,8.3,86.01,1.32,High,Clear,Completed,Unknown,0.6
B02394,C0355,D0095,2026-03-12 10:06:00,Hauz Khas,Connaught Place,Delhi,Auto,UPI,6.54,14.6,118.86,1.1,Low,Clear,Cancelled,Customer,0.0
B02395,C0238,D0051,2026-01-15 18:27:00,Gachibowli,Kukatpally,Hyderabad,Cab,Cash,3.12,7.1,133.68,1.45,Medium,Cloudy,Completed,Unknown,7.4
B02396,C0088,D0012,2026-03-23 09:42:00,Jayanagar,MG Road,Bengaluru,Cab,Wallet,1.91,5.4,116.74,1.79,High,Clear,Completed,Unknown,11.3
B02397,C0159,D0037,2026-01-13 13:53:00,Pitampura,Rohini,Delhi,Auto,UPI,5.79,13.8,112.11,1.03,Low,Clear,Completed,Unknown,0.6
B02398,C0246,D0051,2026-01-07 20:35:00,Janakpuri,Karol Bagh,Delhi,Auto,UPI,4.22,12.8,97.98,1.12,Medium,Clear,Completed,Unknown,7.9
B02399,C0273,D0062,2026-03-05 13:28:00,Hinjewadi,Kharadi,Pune,Cab,UPI,2.47,5.3,124.58,1.01,Low,Clear,Incomplete,Unknown,9.6
B02400,C0195,D0051,2026-01-13 21:28:00,Saket,Dwarka,Delhi,Auto,Card,12.23,31.5,170.07,1.0,Medium,Clear,Completed,Unknown,2.9
B02401,C0344,D0020,2026-03-29 05:20:00,Jayanagar,Electronic City,Bengaluru,Cab,UPI,12.86,23.5,270.04,1.07,Low,Clear,Cancelled,Customer,1.1
B02402,C0109,D0068,2026-03-02 05:59:00,Hauz Khas,Karol Bagh,Delhi,Cab,Wallet,3.32,8.6,136.48,1.03,Medium,Cloudy,Completed,Unknown,6.8
B02403,C0072,D0125,2026-01-25 23:00:00,Kukatpally,Madhapur,Hyderabad,Auto,UPI,1.23,4.9,71.07,1.32,High,Clear,Completed,Unknown,4.0
B02404,C0258,D0063,2026-01-05 05:32:00,MG Road,Whitefield,Bengaluru,Bike,Cash,12.41,32.7,114.46,1.09,Medium,Clear,Completed,Unknown,2.9
B02405,C0075,D0073,2026-01-09 09:23:00,Connaught Place,Saket,Delhi,Auto,UPI,1.72,3.7,75.48,1.5,Low,Clear,Completed,Unknown,0.0
B02406,C0283,D0097,2026-02-12 03:25:00,Ameerpet,Secunderabad,Hyderabad,Cab,Cash,20.4,34.0,375.6,1.05,Low,Clear,Cancelled,Customer,1.1
B02407,C0091,D0121,2026-03-25 05:33:00,Baner,Viman Nagar,Pune,Auto,UPI,6.13,10.8,115.17,1.03,Low,Cloudy,Completed,Unknown,1.6
B02408,C0274,D0083,2026-03-03 07:32:00,Gachibowli,Ameerpet,Hyderabad,Cab,Cash,10.73,41.3,240.22,1.77,High,Clear,Completed,Unknown,2.8
B02409,C0107,D0125,2026-01-09 14:53:00,Bandra,Colaba,Mumbai,Cab,Card,19.95,55.6,369.3,1.08,Medium,Clear,Completed,Unknown,1.6
B02410,C0244,D0083,2026-03-06 23:28:00,Koramangala,Marathahalli,Bengaluru,Auto,UPI,2.34,6.7,81.06,1.07,Medium,Cloudy,Incomplete,Unknown,0.4
B02411,C0381,D0017,2026-01-11 17:01:00,Ameerpet,Secunderabad,Hyderabad,Auto,Wallet,1.01,2.2,69.09,1.52,Medium,Clear,Incomplete,Unknown,7.0
B02412,C0235,D0125,2026-03-25 02:26:00,Kukatpally,Ameerpet,Hyderabad,Cab,Card,8.9,18.2,214.6,1.12,Low,Cloudy,Completed,Unknown,2.0
B02413,C0227,D0140,2026-01-18 09:12:00,Kukatpally,Banjara Hills,Hyderabad,Cab,Cash,17.46,52.3,334.44,1.99,High,Rain,Cancelled,Driver,2.1
B02414,C0253,D0039,2026-02-24 08:27:00,Baner,Hinjewadi,Pune,Cab,UPI,2.63,10.2,126.82,1.83,High,Clear,Completed,Unknown,7.2
B02415,C0157,D0089,2026-02-27 12:03:00,Noida Sector 18,Pitampura,Delhi,Auto,UPI,5.95,16.2,113.55,1.02,Medium,Clear,Completed,Unknown,0.0
B02416,C0103,D0132,2026-03-25 20:40:00,Ameerpet,Madhapur,Hyderabad,Auto,UPI,6.62,20.5,119.58,1.23,Medium,Rain,Completed,Unknown,2.3
B02417,C0383,D0113,2026-02-24 08:17:00,Ameerpet,Kukatpally,Hyderabad,Bike,Cash,7.84,12.8,87.04,1.46,Low,Clear,Cancelled,Customer,1.8
B02418,C0308,D0041,2026-03-26 08:03:00,Whitefield,Marathahalli,Bengaluru,Cab,Wallet,2.63,6.6,126.82,1.7,Medium,Rain,Cancelled,Driver,1.7
B02419,C0212,D0092,2026-01-29 10:02:00,Gachibowli,Madhapur,Hyderabad,Cab,UPI,1.89,4.2,116.46,1.04,Medium,Clear,Completed,Unknown,0.0
B02420,C0158,D0008,2026-01-04 13:41:00,Malad,Colaba,Mumbai,Bike,UPI,4.86,11.9,69.16,1.11,Medium,Cloudy,Completed,Unknown,8.3
B02421,C0228,D0031,2026-03-08 14:07:00,Kukatpally,Madhapur,Hyderabad,Bike,Cash,5.96,11.0,75.76,1.07,Low,Cloudy,Completed,Unknown,4.1
B02422,C0090,D0017,2026-02-02 08:32:00,Powai,Chembur,Mumbai,Cab,Cash,22.95,86.8,411.3,1.75,High,Clear,Completed,Unknown,3.4
B02423,C0228,D0082,2026-01-06 15:07:00,Colaba,Dadar,Mumbai,Auto,Card,6.68,12.5,120.12,1.01,Low,Clear,Completed,Unknown,8.8
B02424,C0264,D0039,2026-03-04 07:18:00,Rohini,Dwarka,Delhi,Auto,Card,1.95,6.8,77.55,1.84,High,Clear,Completed,Unknown,11.8
B02425,C0367,D0112,2026-02-19 03:02:00,Whitefield,Koramangala,Bengaluru,Bike,Card,6.23,10.0,77.38,1.0,Low,Clear,Completed,Unknown,5.2
B02426,C0161,D0141,2026-03-25 12:25:00,HSR Layout,Koramangala,Bengaluru,Auto,UPI,16.27,37.2,206.43,1.08,Low,Clear,Completed,Unknown,0.4
B02427,C0161,D0079,2026-03-21 16:28:00,Kharadi,Hinjewadi,Pune,Auto,Cash,2.51,8.9,82.59,1.34,High,Cloudy,Completed,Unknown,0.5
B02428,C0192,D0022,2026-02-18 07:28:00,Dwarka,Saket,Delhi,Bike,Wallet,2.61,7.3,55.66,1.79,High,Clear,Cancelled,Customer,4.0
B02429,C0311,D0095,2026-03-22 23:16:00,HSR Layout,Marathahalli,Bengaluru,Auto,UPI,11.09,17.9,159.81,1.13,Low,Cloudy,Completed,Unknown,0.0
B02430,C0297,D0125,2026-01-17 20:01:00,Electronic City,Jayanagar,Bengaluru,Bike,UPI,2.57,5.3,55.42,1.14,Low,Cloudy,Completed,Unknown,0.0
B02431,C0359,D0067,2026-03-15 07:47:00,Pitampura,Karol Bagh,Delhi,Auto,Card,15.25,32.9,197.25,1.67,Medium,Rain,Completed,Unknown,1.2
B02432,C0135,D0002,2026-03-15 17:32:00,Kharadi,Baner,Pune,Auto,Wallet,6.06,17.5,114.54,1.82,High,Cloudy,Completed,Unknown,15.5
B02433,C0048,D0013,2026-01-18 13:39:00,Banjara Hills,Ameerpet,Hyderabad,Auto,Cash,2.55,7.0,82.95,1.4,High,Clear,Cancelled,Driver,7.3
B02434,C0011,D0057,2026-03-24 15:55:00,Koramangala,Marathahalli,Bengaluru,Auto,UPI,5.13,11.3,106.17,1.14,Medium,Clear,Cancelled,Customer,0.0
B02435,C0325,D0008,2026-03-09 11:29:00,Ameerpet,Banjara Hills,Hyderabad,Auto,Card,4.48,11.2,100.32,1.14,Medium,Clear,Completed,Unknown,1.4
B02436,C0390,D0053,2026-03-30 23:03:00,Secunderabad,Gachibowli,Hyderabad,Auto,Wallet,4.93,12.1,104.37,1.03,Medium,Cloudy,Completed,Unknown,0.0
B02437,C0258,D0053,2026-02-02 07:17:00,Saket,Hauz Khas,Delhi,Auto,UPI,7.21,22.5,124.89,1.81,High,Clear,Cancelled,Driver,8.8
B02438,C0320,D0010,2026-01-03 07:56:00,Kharadi,Viman Nagar,Pune,Auto,Wallet,8.37,23.4,135.33,1.5,Medium,Clear,Completed,Unknown,6.9
B02439,C0277,D0059,2026-02-02 22:50:00,Madhapur,Gachibowli,Hyderabad,Bike,UPI,26.24,65.8,197.44,1.09,Medium,Cloudy,Completed,Unknown,3.2
B02440,C0002,D0038,2026-01-31 03:03:00,Secunderabad,Ameerpet,Hyderabad,Cab,UPI,17.57,47.6,335.98,1.0,Medium,Clear,Completed,Unknown,7.3
B02441,C0100,D0012,2026-03-15 02:09:00,Pitampura,Noida Sector 18,Delhi,Auto,Card,2.57,4.5,83.13,1.09,Low,Cloudy,Completed,Unknown,3.7
B02442,C0131,D0046,2026-01-21 22:51:00,Baner,Wakad,Pune,Bike,Card,9.48,21.7,96.88,1.14,Low,Clear,Completed,Unknown,0.0
B02443,C0227,D0016,2026-03-31 02:44:00,Rohini,Connaught Place,Delhi,Cab,Wallet,18.84,34.5,353.76,1.09,Low,Clear,Completed,Unknown,0.3
B02444,C0278,D0018,2026-01-30 01:07:00,Koramangala,Electronic City,Bengaluru,Cab,UPI,1.27,2.6,107.78,1.09,Low,Clear,Completed,Unknown,3.4
B02445,C0209,D0058,2026-02-06 07:55:00,Hinjewadi,Kharadi,Pune,Bike,UPI,6.62,21.2,79.72,1.74,High,Cloudy,Completed,Unknown,13.3
B02446,C0144,D0042,2026-03-12 05:35:00,Malad,Andheri,Mumbai,Bike,Card,10.03,29.0,100.18,1.09,Medium,Clear,Completed,Unknown,1.8
B02447,C0044,D0091,2026-03-18 16:02:00,Marathahalli,HSR Layout,Bengaluru,Cab,UPI,8.53,19.3,209.42,1.1,Medium,Clear,Cancelled,Customer,4.3
B02448,C0060,D0144,2026-03-05 11:14:00,Dwarka,Connaught Place,Delhi,Auto,Card,2.71,6.3,84.39,1.02,Medium,Cloudy,Cancelled,Customer,3.4
B02449,C0253,D0127,2026-03-18 10:47:00,Kothrud,Baner,Pune,Cab,Card,6.39,17.5,179.46,1.58,High,Rain,Completed,Unknown,1.6
B02450,C0165,D0027,2026-03-01 18:12:00,Gachibowli,Madhapur,Hyderabad,Cab,UPI,21.89,49.7,396.46,1.41,Low,Cloudy,Incomplete,Unknown,6.7
B02451,C0263,D0035,2026-01-27 01:08:00,Dadar,Borivali,Mumbai,Auto,Card,10.08,21.8,150.72,1.09,Low,Cloudy,Completed,Unknown,5.0
B02452,C0318,D0137,2026-01-12 03:23:00,Madhapur,Gachibowli,Hyderabad,Auto,UPI,4.29,7.0,98.61,1.0,Low,Clear,Completed,Unknown,6.8
B02453,C0278,D0120,2026-02-28 05:00:00,Kharadi,Baner,Pune,Bike,UPI,3.94,6.7,63.64,1.01,Low,Cloudy,Incomplete,Unknown,4.5
B02454,C0149,D0125,2026-01-12 21:13:00,Hauz Khas,Lajpat Nagar,Delhi,Bike,UPI,15.88,48.7,135.28,1.35,High,Clear,Cancelled,Customer,3.4
B02455,C0315,D0026,2026-01-05 15:34:00,Chembur,Andheri,Mumbai,Auto,Wallet,1.91,3.2,77.19,1.14,Low,Cloudy,Completed,Unknown,3.1
B02456,C0177,D0129,2026-01-29 21:40:00,Borivali,Andheri,Mumbai,Bike,Card,2.44,4.1,54.64,1.15,Low,Clear,Cancelled,Driver,1.2
B02457,C0350,D0069,2026-03-23 15:30:00,Kharadi,Wakad,Pune,Bike,Wallet,1.72,5.9,50.32,1.62,High,Rain,Cancelled,Customer,1.4
B02458,C0111,D0059,2026-03-12 17:35:00,Kothrud,Kharadi,Pune,Bike,UPI,5.2,15.0,71.2,1.82,High,Cloudy,Completed,Unknown,1.3
B02459,C0267,D0125,2026-02-25 04:51:00,Secunderabad,Gachibowli,Hyderabad,Cab,UPI,1.15,3.4,106.1,1.0,Medium,Clear,Cancelled,Driver,5.9
B02460,C0121,D0106,2026-03-25 06:44:00,Hinjewadi,Wakad,Pune,Cab,UPI,1.06,3.2,104.84,1.26,Medium,Rain,Cancelled,Driver,7.1
B02461,C0075,D0132,2026-02-05 12:19:00,Kukatpally,Ameerpet,Hyderabad,Auto,UPI,4.23,10.0,98.07,1.1,Medium,Clear,Completed,Unknown,2.3
B02462,C0099,D0079,2026-01-10 02:51:00,Viman Nagar,Kharadi,Pune,Bike,Cash,2.11,5.5,52.66,1.09,Medium,Clear,Completed,Unknown,1.6
B02463,C0361,D0118,2026-02-19 02:39:00,Saket,Noida Sector 18,Delhi,Auto,Card,3.78,7.1,94.02,1.34,Low,Rain,Completed,Unknown,0.9
B02464,C0285,D0030,2026-03-15 09:33:00,Karol Bagh,Pitampura,Delhi,Cab,Wallet,7.35,24.2,192.9,1.75,High,Clear,Completed,Unknown,5.8
B02465,C0364,D0124,2026-03-16 10:54:00,Viman Nagar,Kothrud,Pune,Bike,Wallet,1.49,3.6,48.94,1.04,Low,Clear,Completed,Unknown,0.4
B02466,C0066,D0099,2026-02-13 11:20:00,Karol Bagh,Rohini,Delhi,Bike,UPI,12.27,22.2,113.62,1.14,Low,Smog,Cancelled,Driver,8.2
B02467,C0166,D0073,2026-03-05 22:33:00,Banjara Hills,Secunderabad,Hyderabad,Bike,Cash,6.66,18.2,79.96,1.01,Medium,Cloudy,Completed,Unknown,0.0
B02468,C0139,D0063,2026-02-26 23:12:00,Janakpuri,Lajpat Nagar,Delhi,Cab,UPI,4.59,12.1,154.26,1.34,Medium,Rain,Completed,Unknown,0.0
B02469,C0323,D0116,2026-03-18 09:57:00,Chembur,Malad,Mumbai,Auto,UPI,14.81,57.8,193.29,1.72,High,Clear,Completed,Unknown,2.4
B02470,C0376,D0121,2026-03-04 13:21:00,Wakad,Baner,Pune,Bike,Wallet,4.23,16.7,65.38,1.37,High,Cloudy,Incomplete,Unknown,6.5
B02471,C0144,D0113,2026-01-13 21:56:00,Viman Nagar,Kothrud,Pune,Auto,UPI,6.04,10.7,114.36,1.27,Low,Rain,Cancelled,Customer,0.0
B02472,C0079,D0058,2026-01-21 14:13:00,MG Road,HSR Layout,Bengaluru,Bike,Card,11.32,24.7,107.92,1.01,Low,Cloudy,Completed,Unknown,8.7
B02473,C0211,D0139,2026-03-04 07:52:00,Andheri,Colaba,Mumbai,Cab,UPI,1.73,5.7,114.22,1.8,High,Cloudy,Completed,Unknown,3.8
B02474,C0148,D0012,2026-01-05 21:37:00,Kukatpally,Secunderabad,Hyderabad,Auto,Cash,5.02,13.9,105.18,1.05,Medium,Clear,Cancelled,Driver,5.7
B02475,C0263,D0123,2026-01-09 01:13:00,Wakad,Hinjewadi,Pune,Auto,Wallet,6.47,13.8,118.23,1.01,Low,Cloudy,Cancelled,Customer,2.7
B02476,C0028,D0034,2026-01-10 11:45:00,Wakad,Hinjewadi,Pune,Cab,Wallet,6.67,15.1,183.38,1.09,Low,Smog,Cancelled,Driver,3.8
B02477,C0229,D0137,2026-02-24 21:40:00,Viman Nagar,Kharadi,Pune,Bike,Card,9.44,27.3,96.64,1.05,Medium,Clear,Incomplete,Unknown,0.7
B02478,C0059,D0019,2026-01-29 18:28:00,Connaught Place,Pitampura,Delhi,Auto,Card,9.55,29.5,145.95,1.75,High,Clear,Completed,Unknown,10.3
B02479,C0141,D0052,2026-03-05 21:44:00,Viman Nagar,Kothrud,Pune,Auto,UPI,3.38,12.1,90.42,1.33,High,Clear,Completed,Unknown,8.6
B02480,C0157,D0008,2026-01-25 07:32:00,Whitefield,Marathahalli,Bengaluru,Auto,Cash,33.25,54.6,359.25,1.73,Low,Rain,Completed,Unknown,7.6
B02481,C0286,D0140,2026-01-11 19:43:00,Colaba,Dadar,Mumbai,Auto,UPI,2.46,7.9,82.14,1.78,High,Clear,Cancelled,Customer,12.7
B02482,C0279,D0124,2026-02-25 06:02:00,Hauz Khas,Connaught Place,Delhi,Bike,UPI,2.01,4.9,52.06,1.05,Medium,Clear,Completed,Unknown,0.0
B02483,C0038,D0069,2026-02-22 16:18:00,Hinjewadi,Baner,Pune,Bike,UPI,14.63,31.7,127.78,1.03,Medium,Cloudy,Incomplete,Unknown,12.3
B02484,C0303,D0094,2026-03-24 19:34:00,Banjara Hills,Secunderabad,Hyderabad,Auto,Card,8.84,21.9,139.56,1.5,Medium,Cloudy,Cancelled,Driver,7.4
B02485,C0016,D0093,2026-03-04 22:31:00,Hinjewadi,Kharadi,Pune,Bike,Cash,6.57,11.8,79.42,1.04,Low,Clear,Completed,Unknown,5.5
B02486,C0105,D0039,2026-03-31 09:48:00,Banjara Hills,Kukatpally,Hyderabad,Cab,UPI,1.94,7.5,117.16,1.81,High,Clear,Incomplete,Unknown,11.4
B02487,C0169,D0080,2026-01-03 13:53:00,Jayanagar,Indiranagar,Bengaluru,Auto,UPI,1.24,3.6,71.16,1.33,High,Clear,Completed,Unknown,4.7
B02488,C0017,D0050,2026-03-03 22:36:00,Madhapur,Kukatpally,Hyderabad,Cab,Wallet,9.98,19.8,229.72,1.1,Low,Smog,Completed,Unknown,0.0
B02489,C0389,D0063,2026-03-20 13:12:00,Jayanagar,Koramangala,Bengaluru,Cab,Card,9.33,22.0,220.62,1.12,Medium,Clear,Cancelled,Driver,2.6
B02490,C0371,D0060,2026-03-02 18:37:00,Noida Sector 18,Dwarka,Delhi,Cab,UPI,8.28,23.5,205.92,1.44,Medium,Clear,Completed,Unknown,0.0
B02491,C0152,D0006,2026-02-08 01:35:00,Madhapur,Gachibowli,Hyderabad,Cab,Cash,5.58,15.4,168.12,1.06,Medium,Cloudy,Cancelled,Customer,5.9
B02492,C0230,D0052,2026-03-16 15:26:00,Powai,Colaba,Mumbai,Bike,UPI,2.03,5.4,52.18,1.11,Medium,Cloudy,Completed,Unknown,5.0
B02493,C0095,D0014,2026-01-04 19:34:00,Electronic City,HSR Layout,Bengaluru,Auto,UPI,3.36,12.9,90.24,1.76,High,Clear,Completed,Unknown,1.9
B02494,C0224,D0023,2026-01-29 18:09:00,Janakpuri,Noida Sector 18,Delhi,Cab,UPI,15.61,38.5,308.54,1.54,Medium,Clear,Completed,Unknown,5.1
B02495,C0014,D0139,2026-01-02 09:33:00,Ameerpet,Secunderabad,Hyderabad,Auto,UPI,1.08,4.2,69.72,1.73,High,Cloudy,Completed,Unknown,7.0
B02496,C0271,D0068,2026-02-28 23:52:00,Madhapur,Ameerpet,Hyderabad,Auto,Cash,7.28,13.7,125.52,1.13,Low,Clear,Completed,Unknown,0.0
B02497,C0204,D0060,2026-03-17 05:06:00,Banjara Hills,Gachibowli,Hyderabad,Bike,Card,1.26,2.1,47.56,1.24,Low,Rain,Completed,Unknown,0.0
B02498,C0312,D0039,2026-01-02 03:18:00,Colaba,Dadar,Mumbai,Auto,Card,1.66,4.7,74.94,1.06,Medium,Smog,Completed,Unknown,4.1
B02499,C0026,D0108,2026-02-14 07:46:00,Connaught Place,Janakpuri,Delhi,Auto,Wallet,2.3,3.8,80.7,1.69,Low,Rain,Completed,Unknown,1.2
B02500,C0124,D0142,2026-02-23 10:10:00,Lajpat Nagar,Rohini,Delhi,Cab,UPI,21.28,40.2,387.92,1.02,Low,Clear,Completed,Unknown,0.3
B02501,C0284,D0035,2026-03-15 18:20:00,Banjara Hills,Ameerpet,Hyderabad,Cab,UPI,2.34,5.0,122.76,1.72,Low,Rain,Cancelled,Driver,0.8
B02502,C0338,D0123,2026-01-27 19:38:00,Viman Nagar,Baner,Pune,Auto,UPI,19.48,78.8,235.32,1.81,High,Clear,Cancelled,Customer,4.8
B02503,C0040,D0108,2026-03-10 22:09:00,Koramangala,Whitefield,Bengaluru,Auto,Card,12.3,35.2,170.7,1.44,High,Clear,Completed,Unknown,4.4
B02504,C0058,D0107,2026-03-25 13:28:00,Kukatpally,Gachibowli,Hyderabad,Cab,UPI,3.04,5.1,132.56,1.24,Low,Rain,Completed,Unknown,6.6
B02505,C0178,D0004,2026-03-01 23:00:00,Connaught Place,Saket,Delhi,Bike,Cash,4.76,9.7,68.56,1.09,Low,Cloudy,Completed,Unknown,9.7
B02506,C0276,D0002,2026-02-24 12:40:00,Malad,Andheri,Mumbai,Cab,UPI,1.63,2.9,112.82,1.1,Low,Clear,Completed,Unknown,9.8
B02507,C0169,D0131,2026-02-09 23:13:00,Ameerpet,Banjara Hills,Hyderabad,Cab,UPI,4.56,10.6,153.84,1.23,Medium,Rain,Cancelled,Customer,4.4
B02508,C0183,D0074,2026-01-07 00:00:00,Andheri,Borivali,Mumbai,Bike,UPI,7.86,17.2,87.16,1.06,Low,Clear,Completed,Unknown,4.4
B02509,C0171,D0139,2026-01-02 08:58:00,Borivali,Malad,Mumbai,Cab,Cash,16.71,59.5,323.94,1.77,High,Clear,Completed,Unknown,3.0
B02510,C0106,D0128,2026-03-27 02:27:00,Borivali,Dadar,Mumbai,Bike,UPI,1.43,4.1,48.58,1.09,Medium,Clear,Completed,Unknown,0.0
B02511,C0298,D0124,2026-03-04 07:41:00,Chembur,Borivali,Mumbai,Bike,UPI,4.66,11.5,67.96,1.44,Medium,Clear,Completed,Unknown,0.8
B02512,C0334,D0006,2026-03-16 11:37:00,Wakad,Baner,Pune,Cab,UPI,12.64,35.1,266.96,1.35,High,Clear,Cancelled,Driver,8.7
B02513,C0010,D0116,2026-03-26 17:18:00,Kukatpally,Banjara Hills,Hyderabad,Auto,UPI,7.45,28.4,127.05,1.76,High,Cloudy,Completed,Unknown,3.0
B02514,C0274,D0076,2026-03-06 11:00:00,Pitampura,Lajpat Nagar,Delhi,Cab,Cash,1.91,5.8,116.74,1.06,Medium,Smog,Completed,Unknown,2.7
B02515,C0196,D0134,2026-03-20 21:53:00,Gachibowli,Kukatpally,Hyderabad,Auto,Card,2.48,5.6,82.32,1.04,Low,Clear,Cancelled,Customer,0.0
B02516,C0311,D0013,2026-01-19 18:45:00,Indiranagar,Whitefield,Bengaluru,Bike,Card,8.54,21.1,91.24,1.66,Medium,Rain,Incomplete,Unknown,9.2
B02517,C0307,D0078,2026-02-06 03:43:00,Koramangala,Jayanagar,Bengaluru,Bike,Wallet,13.87,26.8,123.22,1.04,Low,Clear,Completed,Unknown,6.7
B02518,C0230,D0045,2026-02-03 03:14:00,HSR Layout,Whitefield,Bengaluru,Cab,Cash,5.72,11.4,170.08,1.03,Low,Clear,Incomplete,Unknown,2.1
B02519,C0327,D0005,2026-03-10 21:07:00,Wakad,Hinjewadi,Pune,Cab,Card,2.64,4.3,126.96,1.02,Low,Clear,Completed,Unknown,10.9
B02520,C0372,D0047,2026-03-10 10:22:00,Wakad,Kharadi,Pune,Cab,Wallet,10.18,24.7,232.52,1.11,Medium,Cloudy,Incomplete,Unknown,3.3
B02521,C0173,D0131,2026-02-04 14:25:00,Viman Nagar,Hinjewadi,Pune,Auto,Cash,3.87,8.0,94.83,1.06,Low,Clear,Incomplete,Unknown,0.5
B02522,C0259,D0027,2026-01-10 14:08:00,MG Road,Jayanagar,Bengaluru,Cab,UPI,7.94,23.1,201.16,1.14,Medium,Clear,Completed,Unknown,0.9
B02523,C0101,D0014,2026-03-09 13:01:00,Gachibowli,Secunderabad,Hyderabad,Auto,Card,16.23,63.5,206.07,1.39,High,Clear,Completed,Unknown,3.6
B02524,C0166,D0004,2026-01-24 09:44:00,MG Road,Electronic City,Bengaluru,Cab,UPI,6.35,25.0,178.9,1.78,High,Clear,Completed,Unknown,13.8
B02525,C0357,D0062,2026-01-11 14:37:00,Ameerpet,Kukatpally,Hyderabad,Auto,Card,9.39,23.9,144.51,1.12,Medium,Cloudy,Completed,Unknown,8.7
B02526,C0277,D0053,2026-01-13 06:37:00,Kukatpally,Gachibowli,Hyderabad,Bike,Card,45.0,138.7,310.0,1.13,Medium,Clear,Completed,Unknown,1.4
B02527,C0320,D0134,2026-02-24 05:54:00,Gachibowli,Madhapur,Hyderabad,Auto,UPI,4.43,12.3,99.87,1.35,High,Clear,Cancelled,Customer,2.9
B02528,C0040,D0015,2026-01-11 06:06:00,Dadar,Bandra,Mumbai,Auto,UPI,11.04,19.0,159.36,1.0,Low,Cloudy,Completed,Unknown,1.0
B02529,C0008,D0064,2026-01-24 04:23:00,Koramangala,Jayanagar,Bengaluru,Bike,UPI,2.96,6.6,57.76,1.12,Medium,Clear,Cancelled,Customer,6.2
B02530,C0191,D0139,2026-02-13 17:50:00,Electronic City,Koramangala,Bengaluru,Auto,Card,2.35,5.6,81.15,1.45,Medium,Clear,Completed,Unknown,3.2
B02531,C0180,D0006,2026-02-14 14:06:00,Kothrud,Viman Nagar,Pune,Auto,UPI,3.8,10.1,94.2,1.01,Medium,Cloudy,Cancelled,Customer,5.8
B02532,C0366,D0049,2026-02-11 15:58:00,Banjara Hills,Gachibowli,Hyderabad,Auto,Card,6.35,10.3,117.15,1.06,Low,Clear,Completed,Unknown,3.1
B02533,C0072,D0132,2026-03-31 22:03:00,Kharadi,Baner,Pune,Bike,Card,6.24,21.5,77.44,1.43,High,Smog,Completed,Unknown,4.0
B02534,C0284,D0042,2026-03-30 03:51:00,Whitefield,HSR Layout,Bengaluru,Cab,Cash,1.21,3.0,106.94,1.01,Medium,Cloudy,Cancelled,Customer,0.0
B02535,C0173,D0027,2026-02-25 21:11:00,Koramangala,Marathahalli,Bengaluru,Auto,Wallet,7.6,17.4,128.4,1.13,Low,Cloudy,Completed,Unknown,8.5
B02536,C0036,D0031,2026-01-23 03:50:00,Chembur,Malad,Mumbai,Bike,Cash,1.14,2.8,46.84,1.0,Medium,Clear,Completed,Unknown,0.6
B02537,C0372,D0003,2026-01-08 20:17:00,Kothrud,Baner,Pune,Cab,Card,10.71,40.3,239.94,1.33,High,Clear,Completed,Unknown,7.1
B02538,C0279,D0019,2026-01-15 12:47:00,Connaught Place,Hauz Khas,Delhi,Cab,Cash,2.12,5.1,119.68,1.0,Medium,Clear,Completed,Unknown,6.1
B02539,C0015,D0032,2026-03-16 02:40:00,Bandra,Colaba,Mumbai,Auto,UPI,20.9,44.2,248.1,1.04,Medium,Clear,Cancelled,Customer,1.7
B02540,C0373,D0031,2026-03-11 02:33:00,MG Road,Electronic City,Bengaluru,Bike,UPI,8.43,19.6,90.58,1.09,Low,Cloudy,Completed,Unknown,2.9
B02541,C0228,D0093,2026-03-28 10:46:00,Hinjewadi,Wakad,Pune,Cab,UPI,7.49,29.1,194.86,1.4,High,Clear,Completed,Unknown,4.6
B02542,C0330,D0034,2026-03-14 15:05:00,Kothrud,Baner,Pune,Auto,Wallet,3.2,10.9,88.8,1.56,High,Rain,Completed,Unknown,3.8
B02543,C0315,D0046,2026-02-18 22:00:00,Powai,Bandra,Mumbai,Cab,UPI,3.61,7.9,140.54,1.13,Low,Clear,Completed,Unknown,0.0
B02544,C0347,D0111,2026-03-30 20:32:00,Madhapur,Kukatpally,Hyderabad,Bike,Cash,3.68,8.5,62.08,1.1,Low,Cloudy,Completed,Unknown,9.2
B02545,C0085,D0004,2026-01-21 16:08:00,Noida Sector 18,Hauz Khas,Delhi,Bike,UPI,4.08,15.5,64.48,1.36,High,Clear,Cancelled,Customer,14.5
B02546,C0359,D0132,2026-01-03 02:52:00,Saket,Connaught Place,Delhi,Auto,UPI,10.13,22.5,151.17,1.09,Medium,Clear,Incomplete,Unknown,4.0
B02547,C0044,D0140,2026-03-06 00:50:00,Kothrud,Wakad,Pune,Bike,Cash,21.1,40.4,166.6,1.02,Low,Clear,Completed,Unknown,4.3
B02548,C0039,D0025,2026-03-11 09:03:00,Dwarka,Janakpuri,Delhi,Auto,Cash,6.31,18.8,116.79,1.54,Medium,Clear,Completed,Unknown,0.6
B02549,C0049,D0015,2026-03-18 03:06:00,Lajpat Nagar,Karol Bagh,Delhi,Bike,Wallet,19.15,54.4,154.9,1.31,Medium,Rain,Completed,Unknown,10.7
B02550,C0306,D0126,2026-02-25 09:34:00,Hauz Khas,Dwarka,Delhi,Bike,Wallet,7.53,25.3,85.18,1.81,High,Clear,Incomplete,Unknown,7.2
B02551,C0307,D0098,2026-02-10 06:38:00,Lajpat Nagar,Karol Bagh,Delhi,Bike,UPI,3.13,5.1,58.78,1.05,Low,Cloudy,Cancelled,Customer,0.0
B02552,C0071,D0063,2026-03-31 02:36:00,Hinjewadi,Kharadi,Pune,Auto,Card,2.16,6.0,79.44,1.11,Medium,Clear,Completed,Unknown,0.0
B02553,C0192,D0060,2026-03-12 13:08:00,Hinjewadi,Kharadi,Pune,Bike,Cash,14.73,33.3,128.38,1.11,Low,Clear,Completed,Unknown,0.2
B02554,C0238,D0064,2026-01-11 11:41:00,Secunderabad,Madhapur,Hyderabad,Bike,UPI,11.95,21.7,111.7,1.05,Low,Clear,Completed,Unknown,7.0
B02555,C0049,D0072,2026-01-16 06:44:00,Viman Nagar,Wakad,Pune,Cab,UPI,2.13,6.6,119.82,1.38,High,Clear,Cancelled,Customer,6.7
B02556,C0284,D0134,2026-03-24 05:34:00,Electronic City,Koramangala,Bengaluru,Auto,UPI,15.28,34.9,197.52,1.07,Low,Clear,Completed,Unknown,0.0
B02557,C0014,D0019,2026-02-28 05:27:00,Marathahalli,MG Road,Bengaluru,Cab,UPI,15.58,41.4,308.12,1.13,Medium,Smog,Completed,Unknown,3.3
B02558,C0353,D0072,2026-01-04 20:04:00,Madhapur,Banjara Hills,Hyderabad,Auto,UPI,6.1,21.8,114.9,1.56,High,Rain,Cancelled,Customer,7.2
B02559,C0183,D0085,2026-03-26 06:39:00,Chembur,Colaba,Mumbai,Cab,UPI,1.92,3.7,116.88,1.02,Low,Cloudy,Cancelled,Driver,0.0
B02560,C0311,D0014,2026-02-22 13:57:00,Colaba,Dadar,Mumbai,Bike,UPI,12.29,35.7,113.74,1.3,Medium,Rain,Completed,Unknown,5.2
B02561,C0189,D0136,2026-03-04 02:20:00,Viman Nagar,Kothrud,Pune,Bike,Cash,6.55,18.4,79.3,1.03,Medium,Clear,Completed,Unknown,0.0
B02562,C0174,D0130,2026-02-08 11:18:00,Jayanagar,Koramangala,Bengaluru,Auto,UPI,3.37,9.5,90.33,1.11,Medium,Cloudy,Completed,Unknown,0.0
B02563,C0011,D0005,2026-03-18 01:26:00,Kharadi,Viman Nagar,Pune,Cab,UPI,4.7,8.8,155.8,1.04,Low,Clear,Completed,Unknown,8.5
B02564,C0185,D0147,2026-03-31 04:48:00,Gachibowli,Ameerpet,Hyderabad,Bike,UPI,2.57,7.1,55.42,1.12,Medium,Cloudy,Completed,Unknown,1.9
B02565,C0094,D0076,2026-03-29 09:43:00,Colaba,Powai,Mumbai,Auto,Card,13.85,33.4,184.65,1.74,Medium,Rain,Completed,Unknown,0.0
B02566,C0041,D0092,2026-02-07 01:39:00,Secunderabad,Kukatpally,Hyderabad,Bike,Wallet,10.76,22.5,104.56,1.02,Low,Cloudy,Completed,Unknown,0.0
B02567,C0178,D0026,2026-03-08 22:49:00,Viman Nagar,Hinjewadi,Pune,Bike,Wallet,6.23,11.7,77.38,1.03,Low,Cloudy,Completed,Unknown,2.3
B02568,C0119,D0067,2026-03-04 16:10:00,Baner,Viman Nagar,Pune,Cab,UPI,3.42,6.3,137.88,1.04,Low,Cloudy,Completed,Unknown,1.2
B02569,C0190,D0015,2026-01-16 09:11:00,Lajpat Nagar,Karol Bagh,Delhi,Bike,Cash,2.11,5.9,52.66,1.79,High,Clear,Completed,Unknown,8.2
B02570,C0087,D0120,2026-01-09 08:55:00,Hauz Khas,Pitampura,Delhi,Bike,UPI,6.29,18.6,77.74,1.49,Medium,Cloudy,Completed,Unknown,5.8
B02571,C0124,D0044,2026-02-14 03:04:00,Dwarka,Rohini,Delhi,Auto,Card,7.63,17.1,128.67,1.0,Low,Cloudy,Completed,Unknown,8.1
B02572,C0220,D0111,2026-01-21 09:25:00,Janakpuri,Saket,Delhi,Auto,Cash,9.84,35.3,148.56,1.73,High,Clear,Completed,Unknown,8.8
B02573,C0316,D0061,2026-03-31 12:27:00,Secunderabad,Madhapur,Hyderabad,Cab,Cash,21.02,46.2,384.28,1.01,Medium,Clear,Completed,Unknown,0.0
B02574,C0260,D0116,2026-03-22 16:29:00,Pitampura,Karol Bagh,Delhi,Bike,Cash,2.83,9.1,56.98,1.53,High,Rain,Completed,Unknown,6.2
B02575,C0269,D0095,2026-01-29 00:30:00,Chembur,Borivali,Mumbai,Auto,UPI,10.97,30.6,158.73,1.01,Medium,Smog,Completed,Unknown,4.4
B02576,C0122,D0050,2026-03-09 02:30:00,Pitampura,Noida Sector 18,Delhi,Bike,UPI,7.03,20.0,82.18,1.04,Medium,Clear,Cancelled,Customer,2.4
B02577,C0352,D0003,2026-01-08 12:49:00,Kothrud,Wakad,Pune,Cab,UPI,3.3,8.0,136.2,1.04,Medium,Clear,Completed,Unknown,1.4
B02578,C0130,D0008,2026-01-15 08:16:00,Dadar,Malad,Mumbai,Cab,UPI,1.1,3.1,105.4,1.45,Medium,Clear,Completed,Unknown,6.7
B02579,C0365,D0031,2026-01-21 11:38:00,Kukatpally,Ameerpet,Hyderabad,Bike,UPI,14.78,32.8,128.68,1.06,Medium,Clear,Completed,Unknown,0.5
B02580,C0119,D0002,2026-03-28 16:11:00,Viman Nagar,Hinjewadi,Pune,Bike,UPI,2.28,5.2,53.68,1.04,Medium,Clear,Completed,Unknown,6.7
B02581,C0295,D0030,2026-02-10 00:34:00,Dadar,Borivali,Mumbai,Cab,UPI,5.87,11.0,172.18,1.07,Low,Clear,Completed,Unknown,7.3
B02582,C0352,D0107,2026-02-02 05:36:00,Bandra,Borivali,Mumbai,Cab,UPI,5.13,10.3,161.82,1.12,Low,Cloudy,Cancelled,Customer,8.7
B02583,C0129,D0056,2026-01-29 19:13:00,Viman Nagar,Kharadi,Pune,Bike,Cash,3.18,10.7,59.08,1.8,High,Clear,Cancelled,Driver,1.7
B02584,C0016,D0036,2026-02-08 07:09:00,Hinjewadi,Wakad,Pune,Bike,Wallet,6.44,13.9,78.64,1.45,Medium,Clear,Cancelled,Customer,0.7
B02585,C0285,D0023,2026-02-15 01:44:00,Gachibowli,Secunderabad,Hyderabad,Auto,Cash,3.86,11.2,94.74,1.09,Medium,Clear,Completed,Unknown,9.5
B02586,C0277,D0095,2026-02-07 08:40:00,Jayanagar,Koramangala,Bengaluru,Auto,UPI,4.91,13.8,104.19,1.71,High,Cloudy,Completed,Unknown,0.8
B02587,C0331,D0034,2026-02-27 22:23:00,Malad,Powai,Mumbai,Cab,UPI,14.73,39.5,296.22,1.08,Medium,Cloudy,Completed,Unknown,0.5
B02588,C0157,D0146,2026-01-25 11:35:00,Secunderabad,Madhapur,Hyderabad,Bike,Wallet,1.02,2.4,46.12,1.09,Low,Clear,Completed,Unknown,0.0
B02589,C0162,D0053,2026-02-24 19:44:00,Kukatpally,Banjara Hills,Hyderabad,Auto,Card,5.58,16.5,110.22,1.4,Medium,Clear,Cancelled,Driver,6.7
B02590,C0016,D0114,2026-03-14 05:23:00,Jayanagar,MG Road,Bengaluru,Auto,Card,4.24,9.4,98.16,1.27,Low,Rain,Completed,Unknown,1.5
B02591,C0201,D0124,2026-02-15 02:37:00,Banjara Hills,Kukatpally,Hyderabad,Auto,Card,13.73,44.2,183.57,1.35,High,Clear,Completed,Unknown,4.0
B02592,C0120,D0050,2026-03-02 23:10:00,Koramangala,Marathahalli,Bengaluru,Bike,UPI,1.58,3.5,49.48,1.03,Low,Clear,Completed,Unknown,2.5
B02593,C0068,D0017,2026-01-31 00:14:00,Borivali,Dadar,Mumbai,Auto,Card,3.88,8.8,94.92,1.07,Medium,Clear,Completed,Unknown,7.6
B02594,C0131,D0004,2026-03-25 08:27:00,Gachibowli,Kukatpally,Hyderabad,Auto,Card,2.97,4.9,86.73,1.51,Low,Clear,Completed,Unknown,10.2
B02595,C0038,D0114,2026-03-07 05:13:00,Ameerpet,Secunderabad,Hyderabad,Cab,UPI,5.38,9.8,165.32,1.06,Low,Cloudy,Completed,Unknown,1.4
B02596,C0380,D0150,2026-02-01 20:57:00,Wakad,Hinjewadi,Pune,Auto,UPI,3.44,7.8,90.96,1.03,Medium,Cloudy,Completed,Unknown,4.7
B02597,C0155,D0007,2026-02-09 09:33:00,Bandra,Colaba,Mumbai,Cab,Card,15.05,30.5,300.7,1.44,Low,Clear,Cancelled,Driver,4.0
B02598,C0129,D0142,2026-03-02 07:39:00,Koramangala,Jayanagar,Bengaluru,Cab,UPI,2.74,8.3,128.36,1.92,High,Rain,Cancelled,Customer,1.6
B02599,C0380,D0142,2026-03-31 10:37:00,Pitampura,Janakpuri,Delhi,Auto,Card,5.57,13.1,110.13,1.06,Low,Clear,Cancelled,Customer,9.0
B02600,C0369,D0067,2026-01-24 05:55:00,Pitampura,Dwarka,Delhi,Bike,UPI,2.26,7.8,53.56,1.4,High,Clear,Completed,Unknown,0.3
B02601,C0269,D0039,2026-01-21 02:53:00,HSR Layout,MG Road,Bengaluru,Bike,Card,7.63,17.0,85.78,1.13,Low,Clear,Incomplete,Unknown,8.1
B02602,C0206,D0099,2026-01-31 21:10:00,Saket,Connaught Place,Delhi,Auto,Cash,8.59,16.9,137.31,1.02,Low,Clear,Completed,Unknown,7.5
B02603,C0028,D0042,2026-03-17 03:27:00,Wakad,Viman Nagar,Pune,Auto,UPI,7.61,13.9,128.49,1.11,Low,Cloudy,Completed,Unknown,0.0
B02604,C0076,D0080,2026-03-28 00:22:00,Kharadi,Wakad,Pune,Auto,UPI,9.35,25.6,144.15,1.05,Medium,Cloudy,Completed,Unknown,0.0
B02605,C0043,D0142,2026-02-03 03:04:00,Hauz Khas,Connaught Place,Delhi,Auto,UPI,4.69,11.1,102.21,1.09,Low,Clear,Completed,Unknown,0.0
B02606,C0376,D0107,2026-03-28 02:22:00,Hinjewadi,Wakad,Pune,Bike,Card,10.61,22.3,103.66,1.02,Low,Clear,Completed,Unknown,8.1
B02607,C0102,D0012,2026-01-14 01:42:00,Dwarka,Saket,Delhi,Auto,UPI,3.91,7.1,95.19,1.02,Low,Clear,Cancelled,Customer,0.9
B02608,C0387,D0069,2026-03-28 09:45:00,Koramangala,Jayanagar,Bengaluru,Bike,Wallet,7.03,24.8,82.18,1.79,High,Cloudy,Completed,Unknown,14.6
B02609,C0082,D0096,2026-03-20 18:40:00,Viman Nagar,Hinjewadi,Pune,Cab,Cash,15.33,32.4,304.62,1.43,Low,Cloudy,Completed,Unknown,2.6
B02610,C0163,D0080,2026-01-29 13:14:00,Gachibowli,Secunderabad,Hyderabad,Auto,Card,5.39,15.5,108.51,1.14,Medium,Clear,Completed,Unknown,1.9
B02611,C0188,D0078,2026-03-04 20:44:00,Wakad,Viman Nagar,Pune,Bike,UPI,1.42,5.2,48.52,1.33,High,Clear,Incomplete,Unknown,6.0
B02612,C0315,D0014,2026-02-20 07:05:00,Rohini,Dwarka,Delhi,Auto,Card,12.67,50.7,174.03,1.78,High,Cloudy,Completed,Unknown,2.9
B02613,C0379,D0056,2026-02-27 14:58:00,Dadar,Borivali,Mumbai,Bike,Cash,1.52,3.3,49.12,1.13,Medium,Clear,Completed,Unknown,3.3
B02614,C0122,D0014,2026-03-26 10:43:00,Kukatpally,Secunderabad,Hyderabad,Bike,Cash,2.81,4.5,56.86,1.07,Low,Clear,Completed,Unknown,0.0
B02615,C0279,D0050,2026-01-23 06:46:00,HSR Layout,Whitefield,Bengaluru,Auto,UPI,4.72,11.3,102.48,1.0,Medium,Clear,Completed,Unknown,7.0
B02616,C0341,D0079,2026-01-22 14:50:00,Marathahalli,Koramangala,Bengaluru,Auto,Card,16.05,26.1,204.45,1.02,Low,Smog,Completed,Unknown,2.7
B02617,C0356,D0089,2026-02-16 21:59:00,Madhapur,Banjara Hills,Hyderabad,Bike,Card,4.31,7.0,65.86,1.04,Low,Clear,Incomplete,Unknown,7.9
B02618,C0189,D0050,2026-01-01 16:59:00,Borivali,Chembur,Mumbai,Bike,Card,5.76,13.1,74.56,1.1,Low,Smog,Completed,Unknown,0.0
B02619,C0393,D0051,2026-02-17 23:03:00,Kharadi,Baner,Pune,Bike,UPI,1.68,4.8,50.08,1.35,High,Clear,Completed,Unknown,10.5
B02620,C0397,D0058,2026-01-24 22:47:00,Hauz Khas,Karol Bagh,Delhi,Cab,UPI,2.1,4.2,119.4,1.05,Low,Clear,Cancelled,Customer,5.9
B02621,C0106,D0087,2026-01-25 13:37:00,HSR Layout,Jayanagar,Bengaluru,Cab,Cash,3.27,5.4,135.78,1.04,Low,Cloudy,Completed,Unknown,10.0
B02622,C0009,D0147,2026-03-29 08:17:00,Colaba,Andheri,Mumbai,Bike,UPI,17.59,61.0,145.54,1.82,High,Clear,Cancelled,Customer,6.7
B02623,C0149,D0124,2026-01-06 12:45:00,Saket,Janakpuri,Delhi,Auto,UPI,6.5,16.1,118.5,1.1,Medium,Clear,Completed,Unknown,0.0
B02624,C0341,D0150,2026-03-24 11:49:00,Whitefield,Marathahalli,Bengaluru,Cab,UPI,5.29,18.8,164.06,1.36,High,Clear,Completed,Unknown,7.3
B02625,C0045,D0064,2026-02-28 14:55:00,Dwarka,Noida Sector 18,Delhi,Auto,UPI,1.6,5.7,74.4,1.31,High,Cloudy,Cancelled,Customer,2.4
B02626,C0394,D0134,2026-02-23 20:30:00,Chembur,Dadar,Mumbai,Cab,Cash,2.76,8.5,128.64,1.35,High,Clear,Completed,Unknown,4.2
B02627,C0191,D0020,2026-03-28 05:37:00,Hinjewadi,Viman Nagar,Pune,Auto,Cash,3.42,6.3,90.78,1.02,Low,Clear,Completed,Unknown,0.0
B02628,C0099,D0033,2026-01-13 16:16:00,Powai,Dadar,Mumbai,Auto,UPI,11.64,26.0,164.76,1.05,Low,Clear,Completed,Unknown,1.1
B02629,C0276,D0056,2026-01-27 04:30:00,Baner,Viman Nagar,Pune,Auto,UPI,9.7,28.1,147.3,1.34,High,Clear,Cancelled,Customer,7.9
B02630,C0106,D0116,2026-03-27 02:55:00,Wakad,Kharadi,Pune,Auto,Card,5.31,12.5,107.79,1.1,Low,Clear,Cancelled,Driver,0.0
B02631,C0235,D0049,2026-03-22 13:22:00,Ameerpet,Secunderabad,Hyderabad,Cab,UPI,5.6,17.3,168.4,1.52,High,Rain,Cancelled,Customer,10.3
B02632,C0094,D0109,2026-01-17 15:43:00,Whitefield,Indiranagar,Bengaluru,Auto,UPI,4.68,13.1,102.12,1.62,High,Rain,Cancelled,Customer,9.7
B02633,C0035,D0023,2026-01-22 01:30:00,Hinjewadi,Kharadi,Pune,Cab,UPI,4.56,9.2,153.84,1.06,Low,Clear,Completed,Unknown,1.8
B02634,C0046,D0058,2026-02-24 01:01:00,Whitefield,Marathahalli,Bengaluru,Auto,Cash,6.41,15.1,117.69,1.03,Low,Clear,Completed,Unknown,6.8
B02635,C0384,D0040,2026-02-20 00:23:00,Dadar,Powai,Mumbai,Auto,Cash,6.39,16.7,117.51,1.1,Medium,Smog,Completed,Unknown,0.0
B02636,C0109,D0022,2026-02-20 14:55:00,Marathahalli,Jayanagar,Bengaluru,Bike,UPI,5.48,9.3,72.88,1.09,Low,Clear,Completed,Unknown,0.0
B02637,C0372,D0005,2026-01-15 17:27:00,Dwarka,Karol Bagh,Delhi,Cab,Cash,10.73,23.6,240.22,1.5,Medium,Clear,Completed,Unknown,12.9
B02638,C0054,D0022,2026-03-12 16:58:00,Colaba,Powai,Mumbai,Auto,Cash,23.55,94.9,271.95,1.34,High,Cloudy,Completed,Unknown,10.7
B02639,C0005,D0131,2026-01-18 10:49:00,Kukatpally,Banjara Hills,Hyderabad,Auto,Wallet,3.54,8.1,91.86,1.01,Low,Clear,Completed,Unknown,1.8
B02640,C0062,D0124,2026-01-11 23:27:00,Janakpuri,Pitampura,Delhi,Cab,UPI,9.04,21.1,216.56,1.09,Medium,Clear,Completed,Unknown,0.0
B02641,C0222,D0023,2026-03-24 09:36:00,Whitefield,Jayanagar,Bengaluru,Auto,UPI,5.91,17.6,113.19,1.47,Medium,Clear,Completed,Unknown,2.7
B02642,C0105,D0140,2026-01-03 16:18:00,Dadar,Andheri,Mumbai,Auto,Cash,4.02,9.2,96.18,1.15,Medium,Clear,Completed,Unknown,7.1
B02643,C0207,D0024,2026-03-01 07:51:00,Colaba,Powai,Mumbai,Auto,Cash,1.51,4.2,73.59,1.72,Medium,Rain,Cancelled,Driver,0.0
B02644,C0114,D0073,2026-02-02 13:07:00,Pitampura,Karol Bagh,Delhi,Bike,Cash,8.33,24.9,89.98,1.29,Medium,Rain,Cancelled,Driver,0.0
B02645,C0031,D0080,2026-02-07 01:06:00,Baner,Kothrud,Pune,Cab,UPI,1.87,6.2,116.18,1.32,High,Clear,Completed,Unknown,1.1
B02646,C0035,D0113,2026-03-06 21:36:00,Jayanagar,Whitefield,Bengaluru,Bike,UPI,12.48,25.1,114.88,1.11,Low,Cloudy,Completed,Unknown,1.1
B02647,C0130,D0079,2026-01-14 15:49:00,Dwarka,Rohini,Delhi,Bike,UPI,8.42,14.7,90.52,1.12,Low,Clear,Completed,Unknown,5.6
B02648,C0302,D0142,2026-01-15 02:54:00,Saket,Hauz Khas,Delhi,Cab,UPI,12.91,36.9,270.74,1.07,Medium,Clear,Completed,Unknown,1.2
B02649,C0159,D0068,2026-01-03 08:42:00,Madhapur,Secunderabad,Hyderabad,Bike,UPI,2.58,7.4,55.48,1.71,High,Cloudy,Completed,Unknown,5.8
B02650,C0148,D0084,2026-01-18 03:56:00,Wakad,Baner,Pune,Cab,UPI,5.37,11.3,165.18,1.06,Low,Clear,Completed,Unknown,0.0
B02651,C0027,D0107,2026-03-25 16:43:00,Powai,Borivali,Mumbai,Cab,UPI,18.98,49.2,355.72,1.32,Medium,Rain,Cancelled,Customer,7.4
B02652,C0119,D0117,2026-03-11 07:33:00,Madhapur,Banjara Hills,Hyderabad,Cab,Card,12.78,29.3,268.92,1.41,Medium,Smog,Cancelled,Customer,0.0
B02653,C0311,D0114,2026-02-09 06:18:00,Rohini,Pitampura,Delhi,Cab,UPI,2.24,5.1,121.36,1.05,Medium,Clear,Incomplete,Unknown,2.4
B02654,C0226,D0038,2026-03-17 14:03:00,Secunderabad,Madhapur,Hyderabad,Cab,UPI,9.96,29.1,229.44,1.0,Medium,Cloudy,Completed,Unknown,5.7
B02655,C0101,D0125,2026-03-21 22:41:00,Gachibowli,Banjara Hills,Hyderabad,Auto,UPI,5.55,14.1,109.95,1.07,Medium,Cloudy,Cancelled,Driver,0.6
B02656,C0181,D0131,2026-01-21 21:02:00,Banjara Hills,Secunderabad,Hyderabad,Bike,UPI,7.61,20.6,85.66,1.06,Medium,Clear,Cancelled,Customer,3.3
B02657,C0376,D0069,2026-01-20 14:11:00,Janakpuri,Dwarka,Delhi,Cab,Card,2.47,6.8,124.58,1.06,Medium,Cloudy,Completed,Unknown,10.5
B02658,C0158,D0129,2026-01-01 18:29:00,Viman Nagar,Wakad,Pune,Auto,UPI,2.21,8.6,79.89,1.96,High,Rain,Completed,Unknown,2.4
B02659,C0134,D0137,2026-03-04 02:07:00,Banjara Hills,Secunderabad,Hyderabad,Bike,Wallet,1.14,2.7,46.84,1.05,Medium,Cloudy,Completed,Unknown,4.6
B02660,C0326,D0147,2026-01-10 23:29:00,Madhapur,Kukatpally,Hyderabad,Cab,Card,8.47,33.5,208.58,1.41,High,Clear,Completed,Unknown,5.6
B02661,C0147,D0137,2026-03-11 10:12:00,Indiranagar,Electronic City,Bengaluru,Auto,UPI,1.54,6.3,73.86,1.33,High,Cloudy,Completed,Unknown,10.3
B02662,C0261,D0132,2026-03-07 18:42:00,Janakpuri,Saket,Delhi,Auto,UPI,1.1,2.7,69.9,1.41,Medium,Clear,Completed,Unknown,5.9
B02663,C0337,D0041,2026-02-12 01:31:00,Powai,Malad,Mumbai,Bike,UPI,4.83,16.8,68.98,1.4,High,Clear,Completed,Unknown,6.0
B02664,C0313,D0034,2026-03-25 13:55:00,Jayanagar,Koramangala,Bengaluru,Bike,UPI,1.48,2.7,48.88,1.04,Low,Cloudy,Completed,Unknown,3.3
B02665,C0212,D0140,2026-01-26 02:10:00,Gachibowli,Secunderabad,Hyderabad,Auto,Wallet,2.04,5.7,78.36,1.32,High,Smog,Incomplete,Unknown,1.7
B02666,C0331,D0109,2026-02-20 09:01:00,Borivali,Bandra,Mumbai,Auto,Card,7.09,20.2,123.81,1.71,High,Clear,Cancelled,Customer,4.5
B02667,C0390,D0030,2026-03-17 15:30:00,Dadar,Colaba,Mumbai,Cab,UPI,1.27,2.1,107.78,1.06,Low,Clear,Completed,Unknown,4.7
B02668,C0102,D0127,2026-01-10 13:17:00,Hinjewadi,Baner,Pune,Cab,Card,14.15,33.6,288.1,1.03,Low,Clear,Completed,Unknown,6.4
B02669,C0124,D0118,2026-03-14 02:09:00,Dadar,Andheri,Mumbai,Auto,Card,1.04,3.1,69.36,1.02,Medium,Clear,Incomplete,Unknown,6.4
B02670,C0170,D0103,2026-02-02 12:28:00,Kharadi,Hinjewadi,Pune,Auto,UPI,19.81,57.9,238.29,1.05,Medium,Cloudy,Completed,Unknown,7.2
B02671,C0174,D0004,2026-02-20 20:01:00,Janakpuri,Noida Sector 18,Delhi,Cab,Card,1.71,4.3,113.94,1.14,Medium,Cloudy,Completed,Unknown,9.0
B02672,C0118,D0066,2026-01-07 00:20:00,Connaught Place,Hauz Khas,Delhi,Auto,Cash,2.83,7.6,85.47,1.15,Medium,Clear,Completed,Unknown,6.0
B02673,C0098,D0035,2026-01-28 18:14:00,Ameerpet,Madhapur,Hyderabad,Cab,Wallet,1.93,4.4,117.02,1.46,Low,Clear,Completed,Unknown,3.3
B02674,C0063,D0012,2026-01-15 23:25:00,Connaught Place,Noida Sector 18,Delhi,Bike,Cash,8.86,34.4,93.16,1.42,High,Cloudy,Completed,Unknown,3.3
B02675,C0358,D0116,2026-01-27 16:24:00,Gachibowli,Ameerpet,Hyderabad,Cab,Card,2.12,5.3,119.68,1.09,Medium,Clear,Cancelled,Customer,0.0
B02676,C0261,D0026,2026-02-15 07:25:00,Baner,Wakad,Pune,Cab,UPI,2.94,9.1,131.16,1.93,High,Rain,Cancelled,Driver,9.6
B02677,C0375,D0111,2026-01-04 17:26:00,Koramangala,HSR Layout,Bengaluru,Bike,Cash,11.97,43.5,111.82,1.8,High,Smog,Completed,Unknown,7.1
B02678,C0165,D0136,2026-02-08 08:51:00,Kothrud,Baner,Pune,Auto,Card,3.27,7.5,89.43,1.55,Medium,Clear,Completed,Unknown,4.0
B02679,C0259,D0147,2026-03-06 10:42:00,Janakpuri,Noida Sector 18,Delhi,Cab,Cash,2.87,5.7,130.18,1.12,Low,Clear,Completed,Unknown,4.7
B02680,C0120,D0079,2026-01-02 06:27:00,Malad,Colaba,Mumbai,Auto,UPI,7.54,15.9,127.86,1.09,Low,Clear,Completed,Unknown,0.0
B02681,C0355,D0111,2026-01-31 09:40:00,Gachibowli,Kukatpally,Hyderabad,Auto,UPI,3.94,11.7,95.46,1.84,High,Clear,Completed,Unknown,9.1
B02682,C0134,D0114,2026-03-08 13:29:00,Banjara Hills,Kukatpally,Hyderabad,Cab,Card,7.64,16.5,196.96,1.0,Low,Clear,Completed,Unknown,0.0
B02683,C0190,D0078,2026-03-09 17:59:00,Secunderabad,Banjara Hills,Hyderabad,Auto,Card,3.34,13.4,90.06,1.76,High,Clear,Cancelled,Customer,7.3
B02684,C0115,D0067,2026-01-08 16:45:00,Noida Sector 18,Rohini,Delhi,Bike,UPI,6.4,12.8,78.4,1.27,Low,Rain,Cancelled,Customer,0.0
B02685,C0169,D0094,2026-02-09 11:26:00,Kukatpally,Gachibowli,Hyderabad,Bike,Card,2.41,5.2,54.46,1.04,Low,Cloudy,Completed,Unknown,1.6
B02686,C0376,D0107,2026-02-14 05:29:00,Jayanagar,Electronic City,Bengaluru,Bike,Wallet,2.98,9.2,57.88,1.26,Medium,Rain,Incomplete,Unknown,7.8
B02687,C0152,D0039,2026-03-04 18:55:00,Viman Nagar,Kothrud,Pune,Auto,Card,3.33,9.7,89.97,1.76,High,Clear,Cancelled,Driver,10.4
B02688,C0311,D0068,2026-02-04 13:15:00,Ameerpet,Banjara Hills,Hyderabad,Cab,UPI,8.67,20.1,211.38,1.14,Medium,Smog,Completed,Unknown,0.6
B02689,C0048,D0004,2026-01-22 18:41:00,Karol Bagh,Rohini,Delhi,Auto,UPI,1.86,7.2,76.74,1.7,High,Cloudy,Completed,Unknown,10.4
B02690,C0058,D0107,2026-03-06 07:28:00,Jayanagar,Koramangala,Bengaluru,Cab,Cash,4.72,10.9,156.08,1.44,Medium,Cloudy,Completed,Unknown,10.3
B02691,C0101,D0138,2026-01-14 18:53:00,Karol Bagh,Janakpuri,Delhi,Cab,UPI,2.26,6.6,121.64,1.42,Medium,Clear,Completed,Unknown,0.1
B02692,C0297,D0039,2026-02-10 11:04:00,Janakpuri,Karol Bagh,Delhi,Bike,UPI,4.06,7.0,64.36,1.09,Low,Clear,Completed,Unknown,5.2
B02693,C0282,D0030,2026-01-22 23:47:00,Baner,Kothrud,Pune,Bike,Card,10.4,31.5,102.4,1.11,Medium,Clear,Cancelled,Driver,1.8
B02694,C0230,D0053,2026-03-23 19:22:00,Banjara Hills,Secunderabad,Hyderabad,Auto,UPI,1.23,2.5,71.07,1.42,Low,Clear,Completed,Unknown,5.3
B02695,C0274,D0045,2026-01-24 10:48:00,Kukatpally,Gachibowli,Hyderabad,Bike,Card,3.59,11.2,61.54,1.43,High,Clear,Completed,Unknown,4.7
B02696,C0111,D0014,2026-01-09 16:56:00,Colaba,Bandra,Mumbai,Cab,Card,18.48,50.9,348.72,1.02,Medium,Cloudy,Completed,Unknown,10.7
B02697,C0239,D0087,2026-03-18 14:57:00,Whitefield,HSR Layout,Bengaluru,Auto,UPI,2.32,5.5,80.88,1.14,Low,Clear,Completed,Unknown,10.7
B02698,C0049,D0027,2026-01-02 03:58:00,Chembur,Andheri,Mumbai,Cab,Card,11.7,32.5,253.8,1.12,Medium,Cloudy,Completed,Unknown,9.0
B02699,C0138,D0137,2026-03-08 07:47:00,Pitampura,Saket,Delhi,Cab,Wallet,12.23,36.6,261.22,1.65,Medium,Rain,Completed,Unknown,7.5
B02700,C0071,D0126,2026-01-07 09:29:00,MG Road,HSR Layout,Bengaluru,Cab,Wallet,1.47,3.3,110.58,1.63,Low,Rain,Incomplete,Unknown,8.7
B02701,C0107,D0063,2026-03-31 15:48:00,Whitefield,Jayanagar,Bengaluru,Bike,Card,12.97,32.5,117.82,1.08,Medium,Cloudy,Completed,Unknown,6.7
B02702,C0050,D0033,2026-02-18 20:22:00,Andheri,Chembur,Mumbai,Auto,UPI,3.27,9.3,89.43,1.02,Medium,Clear,Completed,Unknown,1.8
B02703,C0298,D0033,2026-03-10 12:47:00,Banjara Hills,Kukatpally,Hyderabad,Auto,Wallet,4.96,11.0,104.64,1.04,Low,Clear,Completed,Unknown,3.4
B02704,C0223,D0072,2026-03-31 21:13:00,Indiranagar,HSR Layout,Bengaluru,Cab,Card,2.05,3.5,118.7,1.06,Low,Clear,Completed,Unknown,0.0
B02705,C0197,D0143,2026-02-06 19:58:00,Bandra,Chembur,Mumbai,Auto,Cash,7.7,24.8,129.3,1.78,High,Clear,Completed,Unknown,3.3
B02706,C0065,D0032,2026-01-16 23:49:00,Electronic City,Jayanagar,Bengaluru,Auto,UPI,1.89,4.2,77.01,1.05,Low,Cloudy,Completed,Unknown,0.2
B02707,C0180,D0027,2026-02-17 19:45:00,Janakpuri,Pitampura,Delhi,Bike,Cash,10.69,34.1,104.14,2.03,High,Rain,Completed,Unknown,2.0
B02708,C0042,D0118,2026-02-19 06:29:00,Wakad,Baner,Pune,Bike,Card,5.36,10.5,72.16,1.1,Low,Cloudy,Cancelled,Customer,2.1
B02709,C0224,D0060,2026-03-21 01:11:00,Indiranagar,Whitefield,Bengaluru,Cab,Card,2.94,5.2,131.16,1.32,Low,Rain,Completed,Unknown,0.0
B02710,C0081,D0079,2026-02-03 02:41:00,Lajpat Nagar,Janakpuri,Delhi,Auto,Cash,22.7,42.4,264.3,1.09,Low,Clear,Completed,Unknown,3.5
B02711,C0351,D0045,2026-01-24 05:22:00,Andheri,Bandra,Mumbai,Bike,UPI,10.25,18.5,101.5,1.23,Low,Rain,Completed,Unknown,0.0
B02712,C0329,D0111,2026-03-25 21:38:00,Viman Nagar,Hinjewadi,Pune,Cab,UPI,3.46,7.2,138.44,1.13,Medium,Cloudy,Completed,Unknown,6.2
B02713,C0088,D0060,2026-03-22 10:37:00,Bandra,Powai,Mumbai,Auto,UPI,3.3,5.7,89.7,1.07,Low,Clear,Completed,Unknown,4.4
B02714,C0366,D0131,2026-03-13 17:17:00,Saket,Hauz Khas,Delhi,Auto,UPI,12.2,24.0,169.8,1.51,Low,Smog,Completed,Unknown,4.3
B02715,C0303,D0028,2026-03-04 08:24:00,Banjara Hills,Secunderabad,Hyderabad,Auto,Cash,5.1,18.2,105.9,1.72,High,Clear,Incomplete,Unknown,4.3
B02716,C0211,D0018,2026-01-11 02:40:00,Colaba,Chembur,Mumbai,Auto,UPI,2.5,7.3,82.5,1.36,High,Cloudy,Completed,Unknown,7.2
B02717,C0022,D0051,2026-02-22 05:51:00,MG Road,Electronic City,Bengaluru,Auto,UPI,4.61,11.5,101.49,1.04,Medium,Clear,Completed,Unknown,6.3
B02718,C0315,D0029,2026-01-29 14:07:00,Malad,Powai,Mumbai,Auto,Wallet,6.7,17.0,120.3,1.08,Medium,Clear,Cancelled,Driver,3.9
B02719,C0228,D0109,2026-02-16 04:56:00,Powai,Borivali,Mumbai,Bike,UPI,5.3,11.6,71.8,1.03,Low,Clear,Completed,Unknown,0.0
B02720,C0240,D0015,2026-01-19 03:35:00,Kothrud,Kharadi,Pune,Cab,UPI,8.42,19.2,207.88,1.13,Low,Clear,Completed,Unknown,3.9
B02721,C0130,D0128,2026-02-26 17:10:00,Madhapur,Secunderabad,Hyderabad,Bike,Card,3.97,14.1,63.82,1.85,High,Cloudy,Cancelled,Customer,9.8
B02722,C0226,D0079,2026-03-27 23:45:00,Dwarka,Karol Bagh,Delhi,Cab,UPI,9.23,19.3,219.22,1.02,Low,Clear,Completed,Unknown,0.0
B02723,C0291,D0003,2026-02-22 06:21:00,Noida Sector 18,Hauz Khas,Delhi,Bike,Cash,3.68,6.2,62.08,1.22,Low,Rain,Completed,Unknown,0.0
B02724,C0381,D0141,2026-01-10 09:59:00,Saket,Noida Sector 18,Delhi,Cab,Cash,15.27,33.1,303.78,1.42,Low,Clear,Cancelled,Customer,1.3
B02725,C0116,D0111,2026-02-27 11:38:00,Viman Nagar,Kothrud,Pune,Bike,Card,4.33,9.4,65.98,1.32,Medium,Rain,Cancelled,Customer,10.6
B02726,C0100,D0090,2026-02-01 03:31:00,Karol Bagh,Hauz Khas,Delhi,Auto,Card,2.22,4.2,79.98,1.02,Low,Cloudy,Completed,Unknown,0.0
B02727,C0327,D0068,2026-03-21 23:42:00,Wakad,Baner,Pune,Cab,UPI,3.53,10.4,139.42,1.13,Medium,Smog,Completed,Unknown,2.6
B02728,C0239,D0040,2026-01-12 18:53:00,Pitampura,Dwarka,Delhi,Cab,UPI,1.22,4.7,107.08,1.75,High,Cloudy,Completed,Unknown,0.3
B02729,C0244,D0032,2026-03-09 00:37:00,Madhapur,Gachibowli,Hyderabad,Auto,UPI,13.58,32.7,182.22,1.12,Medium,Cloudy,Cancelled,Driver,1.6
B02730,C0230,D0136,2026-03-24 21:43:00,Banjara Hills,Ameerpet,Hyderabad,Cab,UPI,5.39,16.7,165.46,1.09,Medium,Clear,Completed,Unknown,1.2
B02731,C0027,D0127,2026-02-03 07:26:00,Kothrud,Baner,Pune,Auto,Card,6.68,12.8,120.12,1.55,Low,Clear,Completed,Unknown,1.2
B02732,C0206,D0068,2026-02-01 04:10:00,Connaught Place,Karol Bagh,Delhi,Auto,Cash,6.13,13.4,115.17,1.06,Low,Clear,Completed,Unknown,0.6
B02733,C0163,D0072,2026-01-08 12:52:00,Ameerpet,Banjara Hills,Hyderabad,Auto,UPI,6.82,12.9,121.38,1.07,Low,Cloudy,Completed,Unknown,0.0
B02734,C0350,D0076,2026-01-12 04:43:00,Powai,Dadar,Mumbai,Cab,UPI,5.32,9.9,164.48,1.08,Low,Clear,Completed,Unknown,0.0
B02735,C0031,D0099,2026-03-16 05:01:00,Hauz Khas,Janakpuri,Delhi,Auto,Cash,9.74,36.0,147.66,1.55,High,Rain,Cancelled,Customer,9.1
B02736,C0050,D0090,2026-03-06 04:13:00,Rohini,Janakpuri,Delhi,Bike,UPI,10.55,31.7,103.3,1.04,Medium,Clear,Completed,Unknown,3.6
B02737,C0390,D0087,2026-01-11 04:17:00,Pitampura,Dwarka,Delhi,Cab,UPI,15.36,26.1,305.04,1.13,Low,Smog,Cancelled,Driver,8.2
B02738,C0200,D0049,2026-02-08 16:29:00,MG Road,Marathahalli,Bengaluru,Auto,Card,12.32,27.8,170.88,1.29,Medium,Rain,Cancelled,Customer,6.9
B02739,C0259,D0114,2026-02-19 21:30:00,Indiranagar,Whitefield,Bengaluru,Cab,Wallet,10.47,33.1,236.58,1.41,High,Cloudy,Completed,Unknown,7.2
B02740,C0214,D0089,2026-02-13 00:19:00,Banjara Hills,Madhapur,Hyderabad,Cab,UPI,1.06,3.3,104.84,1.31,High,Clear,Completed,Unknown,6.3
B02741,C0075,D0132,2026-01-13 08:01:00,Powai,Bandra,Mumbai,Bike,Wallet,14.08,25.6,124.48,1.45,Low,Clear,Completed,Unknown,6.7
B02742,C0016,D0128,2026-02-25 01:44:00,Madhapur,Gachibowli,Hyderabad,Bike,UPI,1.13,2.7,46.78,1.06,Medium,Clear,Completed,Unknown,5.5
B02743,C0178,D0085,2026-02-04 14:01:00,Kharadi,Viman Nagar,Pune,Cab,Cash,4.75,9.9,156.5,1.0,Medium,Cloudy,Completed,Unknown,2.2
B02744,C0050,D0085,2026-02-25 12:15:00,Secunderabad,Madhapur,Hyderabad,Cab,UPI,3.28,12.1,135.92,1.36,High,Clear,Incomplete,Unknown,6.2
B02745,C0124,D0093,2026-03-06 00:06:00,Marathahalli,Whitefield,Bengaluru,Auto,UPI,6.55,13.6,118.95,1.01,Low,Clear,Completed,Unknown,3.7
B02746,C0351,D0023,2026-02-07 04:41:00,HSR Layout,Koramangala,Bengaluru,Cab,UPI,1.83,5.5,115.62,1.21,Medium,Rain,Cancelled,Customer,5.0
B02747,C0222,D0095,2026-01-06 13:46:00,Gachibowli,Banjara Hills,Hyderabad,Auto,Card,2.73,5.8,84.57,1.15,Medium,Cloudy,Completed,Unknown,2.3
B02748,C0360,D0100,2026-01-15 07:09:00,Secunderabad,Gachibowli,Hyderabad,Bike,Card,4.02,9.3,64.12,1.47,Medium,Clear,Cancelled,Driver,0.9
B02749,C0397,D0014,2026-01-07 17:46:00,Banjara Hills,Gachibowli,Hyderabad,Auto,UPI,4.37,7.3,99.33,1.51,Low,Clear,Completed,Unknown,3.1
B02750,C0248,D0083,2026-03-13 19:17:00,Kothrud,Viman Nagar,Pune,Auto,UPI,4.84,9.6,103.56,1.43,Low,Clear,Completed,Unknown,0.3
B02751,C0309,D0107,2026-03-17 18:33:00,Secunderabad,Madhapur,Hyderabad,Bike,UPI,5.87,14.9,75.22,1.44,Medium,Clear,Completed,Unknown,10.6
B02752,C0331,D0008,2026-02-24 20:23:00,Bandra,Powai,Mumbai,Cab,UPI,12.84,27.9,269.76,1.01,Low,Clear,Incomplete,Unknown,7.5
B02753,C0364,D0124,2026-03-18 02:20:00,Andheri,Powai,Mumbai,Auto,Card,1.92,5.5,77.28,1.11,Medium,Clear,Completed,Unknown,5.7
B02754,C0183,D0097,2026-01-18 06:45:00,Madhapur,Secunderabad,Hyderabad,Auto,UPI,15.35,34.5,198.15,1.04,Medium,Clear,Completed,Unknown,0.0
B02755,C0040,D0033,2026-03-07 01:43:00,Kothrud,Kharadi,Pune,Bike,UPI,2.56,7.6,55.36,1.1,Medium,Clear,Completed,Unknown,0.0
B02756,C0152,D0026,2026-01-21 05:55:00,Malad,Dadar,Mumbai,Auto,UPI,3.95,12.1,95.55,1.2,Medium,Rain,Cancelled,Customer,0.0
B02757,C0094,D0056,2026-03-26 09:53:00,Pitampura,Rohini,Delhi,Auto,UPI,1.03,2.3,69.27,1.48,Medium,Clear,Completed,Unknown,9.5
B02758,C0340,D0126,2026-01-03 02:29:00,Andheri,Malad,Mumbai,Auto,Cash,2.99,5.3,86.91,1.25,Low,Rain,Completed,Unknown,12.6
B02759,C0031,D0033,2026-01-30 04:48:00,Malad,Chembur,Mumbai,Cab,Cash,4.49,10.3,152.86,1.3,Low,Rain,Completed,Unknown,2.3
B02760,C0278,D0072,2026-03-21 23:22:00,Dadar,Colaba,Mumbai,Cab,Card,8.1,19.1,203.4,1.15,Medium,Clear,Completed,Unknown,0.0
B02761,C0391,D0012,2026-01-04 09:57:00,Kothrud,Hinjewadi,Pune,Auto,Card,7.03,24.1,123.27,1.75,High,Smog,Completed,Unknown,14.6
B02762,C0334,D0132,2026-03-12 02:05:00,Kukatpally,Secunderabad,Hyderabad,Auto,UPI,2.3,6.4,80.7,1.34,High,Clear,Completed,Unknown,7.4
B02763,C0222,D0090,2026-01-27 06:28:00,Kukatpally,Banjara Hills,Hyderabad,Bike,Card,7.5,13.6,85.0,1.04,Low,Clear,Completed,Unknown,2.4
B02764,C0259,D0019,2026-02-11 07:46:00,Powai,Malad,Mumbai,Cab,Card,5.45,10.0,166.3,1.5,Low,Clear,Completed,Unknown,8.0
B02765,C0359,D0113,2026-03-16 14:48:00,Whitefield,Indiranagar,Bengaluru,Auto,Cash,5.96,13.5,113.64,1.23,Medium,Rain,Cancelled,Driver,0.0
B02766,C0098,D0053,2026-01-05 21:36:00,Lajpat Nagar,Pitampura,Delhi,Bike,Wallet,4.91,10.2,69.46,1.33,Low,Rain,Completed,Unknown,8.6
B02767,C0390,D0124,2026-03-22 02:02:00,Janakpuri,Hauz Khas,Delhi,Bike,Cash,8.68,18.3,92.08,1.13,Low,Cloudy,Completed,Unknown,5.3
B02768,C0380,D0111,2026-01-26 12:48:00,Chembur,Malad,Mumbai,Auto,Cash,8.57,14.4,137.13,1.01,Low,Cloudy,Cancelled,Customer,8.8
B02769,C0363,D0120,2026-02-17 01:59:00,Dwarka,Pitampura,Delhi,Auto,UPI,2.56,6.1,83.04,1.13,Low,Clear,Cancelled,Customer,4.0
B02770,C0290,D0051,2026-01-17 01:08:00,Madhapur,Gachibowli,Hyderabad,Bike,Card,18.44,52.8,150.64,1.33,High,Clear,Completed,Unknown,5.6
B02771,C0262,D0027,2026-03-28 12:28:00,Kothrud,Wakad,Pune,Auto,Cash,8.88,34.9,139.92,1.41,High,Clear,Cancelled,Driver,10.7
B02772,C0371,D0131,2026-03-31 15:42:00,HSR Layout,Electronic City,Bengaluru,Auto,UPI,21.57,38.6,254.13,1.15,Low,Clear,Completed,Unknown,5.5
B02773,C0329,D0088,2026-02-28 01:52:00,Kothrud,Baner,Pune,Auto,UPI,3.37,7.8,90.33,1.01,Low,Cloudy,Completed,Unknown,0.0
B02774,C0311,D0002,2026-02-18 20:10:00,Hauz Khas,Pitampura,Delhi,Bike,Card,7.76,18.5,86.56,1.04,Low,Clear,Cancelled,Customer,9.1
B02775,C0323,D0121,2026-01-24 19:42:00,Madhapur,Ameerpet,Hyderabad,Auto,Cash,10.5,22.8,154.5,1.73,Low,Rain,Completed,Unknown,0.0
B02776,C0185,D0045,2026-03-14 17:16:00,Chembur,Colaba,Mumbai,Auto,UPI,16.29,26.1,206.61,1.44,Low,Clear,Completed,Unknown,0.6
B02777,C0106,D0003,2026-03-09 12:03:00,Hauz Khas,Connaught Place,Delhi,Auto,Card,1.51,3.5,73.59,1.11,Low,Smog,Completed,Unknown,6.8
B02778,C0005,D0045,2026-03-25 05:44:00,Gachibowli,Madhapur,Hyderabad,Cab,UPI,3.71,8.4,141.94,1.03,Low,Cloudy,Completed,Unknown,0.0
B02779,C0008,D0127,2026-01-30 05:43:00,Baner,Kothrud,Pune,Cab,UPI,2.02,5.7,118.28,1.13,Medium,Clear,Cancelled,Driver,1.2
B02780,C0215,D0079,2026-02-25 18:02:00,Ameerpet,Madhapur,Hyderabad,Cab,Card,3.1,10.5,133.4,1.78,High,Clear,Completed,Unknown,0.6
B02781,C0236,D0147,2026-03-05 17:18:00,Koramangala,Marathahalli,Bengaluru,Bike,UPI,17.76,48.8,146.56,1.82,High,Smog,Completed,Unknown,8.6
B02782,C0121,D0026,2026-01-30 06:56:00,Madhapur,Secunderabad,Hyderabad,Auto,Wallet,14.32,31.2,188.88,1.13,Medium,Clear,Completed,Unknown,3.0
B02783,C0030,D0074,2026-01-31 20:49:00,Chembur,Malad,Mumbai,Bike,UPI,7.16,29.2,82.96,1.43,High,Cloudy,Cancelled,Driver,2.6
B02784,C0091,D0033,2026-01-17 12:31:00,Kothrud,Viman Nagar,Pune,Cab,Cash,4.29,12.6,150.06,1.22,Medium,Rain,Completed,Unknown,2.7
B02785,C0050,D0039,2026-03-20 15:22:00,Gachibowli,Kukatpally,Hyderabad,Bike,Card,4.5,9.5,67.0,1.05,Low,Clear,Cancelled,Driver,4.3
B02786,C0297,D0140,2026-01-27 03:06:00,Dadar,Borivali,Mumbai,Auto,UPI,4.37,12.1,99.33,1.12,Medium,Cloudy,Cancelled,Customer,10.4
B02787,C0364,D0017,2026-03-13 12:44:00,Dadar,Malad,Mumbai,Bike,UPI,3.92,9.1,63.52,1.08,Medium,Clear,Completed,Unknown,3.5
B02788,C0059,D0133,2026-01-29 15:23:00,Colaba,Chembur,Mumbai,Cab,Cash,3.0,7.8,132.0,1.23,Medium,Rain,Completed,Unknown,2.1
B02789,C0304,D0142,2026-02-07 22:59:00,Borivali,Bandra,Mumbai,Bike,UPI,3.89,14.1,63.34,1.62,High,Rain,Completed,Unknown,9.7
B02790,C0082,D0050,2026-03-19 14:58:00,Malad,Powai,Mumbai,Auto,UPI,13.63,34.1,182.67,1.01,Medium,Clear,Completed,Unknown,0.4
B02791,C0178,D0108,2026-01-07 00:34:00,Connaught Place,Karol Bagh,Delhi,Bike,Card,8.22,16.4,89.32,1.14,Low,Smog,Cancelled,Customer,5.9
B02792,C0245,D0008,2026-02-27 05:15:00,Viman Nagar,Baner,Pune,Bike,Card,4.62,11.0,67.72,1.02,Low,Clear,Completed,Unknown,8.4
B02793,C0367,D0142,2026-03-07 06:06:00,Malad,Chembur,Mumbai,Auto,UPI,7.16,19.3,124.44,1.05,Medium,Clear,Cancelled,Driver,4.6
B02794,C0215,D0125,2026-02-03 10:48:00,Jayanagar,Electronic City,Bengaluru,Cab,UPI,16.25,42.2,317.5,1.07,Medium,Cloudy,Completed,Unknown,0.6
B02795,C0103,D0074,2026-02-13 09:14:00,Dadar,Andheri,Mumbai,Cab,Card,7.86,20.0,200.04,1.49,Medium,Cloudy,Completed,Unknown,7.7
B02796,C0397,D0040,2026-01-02 09:54:00,HSR Layout,Whitefield,Bengaluru,Auto,UPI,6.52,18.5,118.68,1.45,Medium,Clear,Completed,Unknown,0.0
B02797,C0382,D0031,2026-02-14 01:56:00,Lajpat Nagar,Connaught Place,Delhi,Cab,Card,4.43,9.7,152.02,1.07,Medium,Cloudy,Cancelled,Customer,6.8
B02798,C0185,D0010,2026-02-01 21:20:00,Banjara Hills,Gachibowli,Hyderabad,Cab,UPI,5.63,9.6,168.82,1.15,Low,Clear,Completed,Unknown,4.4
B02799,C0039,D0021,2026-03-13 00:35:00,Whitefield,Electronic City,Bengaluru,Auto,Card,1.88,4.1,76.92,1.13,Low,Clear,Completed,Unknown,0.0
B02800,C0238,D0063,2026-03-14 14:19:00,Indiranagar,Whitefield,Bengaluru,Bike,Card,2.19,4.5,53.14,1.12,Low,Cloudy,Completed,Unknown,0.1
B02801,C0090,D0120,2026-01-23 15:46:00,Colaba,Powai,Mumbai,Bike,UPI,27.59,50.9,205.54,1.03,Low,Clear,Completed,Unknown,5.2
B02802,C0166,D0031,2026-02-22 11:34:00,Kothrud,Viman Nagar,Pune,Auto,Cash,7.64,16.3,128.76,1.04,Medium,Clear,Completed,Unknown,6.2
B02803,C0082,D0097,2026-02-13 21:20:00,Hauz Khas,Karol Bagh,Delhi,Auto,UPI,11.88,26.1,166.92,1.07,Low,Clear,Completed,Unknown,0.0
B02804,C0278,D0144,2026-01-10 22:46:00,Kharadi,Hinjewadi,Pune,Auto,Wallet,9.69,36.8,147.21,1.42,High,Clear,Completed,Unknown,7.5
B02805,C0072,D0058,2026-01-06 20:02:00,Wakad,Baner,Pune,Auto,Cash,6.15,24.4,115.35,1.62,High,Rain,Cancelled,Customer,7.0
B02806,C0266,D0060,2026-03-13 14:16:00,Ameerpet,Kukatpally,Hyderabad,Bike,UPI,3.44,9.0,60.64,1.24,Medium,Rain,Completed,Unknown,2.6
B02807,C0075,D0010,2026-01-29 08:52:00,Hauz Khas,Noida Sector 18,Delhi,Cab,Card,3.85,9.0,143.9,1.48,Medium,Clear,Completed,Unknown,4.9
B02808,C0095,D0083,2026-01-15 20:30:00,Chembur,Powai,Mumbai,Auto,UPI,3.3,6.0,89.7,1.04,Low,Clear,Completed,Unknown,0.5
B02809,C0381,D0134,2026-01-06 10:54:00,Kukatpally,Madhapur,Hyderabad,Bike,UPI,5.34,11.2,72.04,1.06,Low,Cloudy,Completed,Unknown,0.0
B02810,C0080,D0084,2026-03-08 06:21:00,Marathahalli,MG Road,Bengaluru,Auto,UPI,2.2,5.1,79.8,1.07,Low,Cloudy,Completed,Unknown,0.0
B02811,C0291,D0120,2026-03-21 10:51:00,Madhapur,Kukatpally,Hyderabad,Cab,UPI,5.02,11.6,160.28,1.31,Medium,Rain,Completed,Unknown,6.3
B02812,C0059,D0033,2026-01-14 23:07:00,Borivali,Colaba,Mumbai,Cab,UPI,6.45,12.4,180.3,1.0,Low,Clear,Completed,Unknown,1.4
B02813,C0365,D0101,2026-03-31 21:26:00,Whitefield,Electronic City,Bengaluru,Bike,UPI,10.11,23.6,100.66,1.13,Low,Clear,Cancelled,Driver,6.4
B02814,C0259,D0084,2026-02-21 15:40:00,Jayanagar,Whitefield,Bengaluru,Cab,UPI,34.04,90.9,566.56,1.25,Medium,Rain,Cancelled,Customer,3.0
B02815,C0347,D0026,2026-01-03 04:49:00,Baner,Wakad,Pune,Bike,UPI,4.62,11.1,67.72,1.32,Medium,Rain,Incomplete,Unknown,1.4
B02816,C0274,D0027,2026-02-07 17:31:00,Kukatpally,Banjara Hills,Hyderabad,Auto,UPI,2.04,5.5,78.36,1.67,Medium,Rain,Cancelled,Customer,4.3
B02817,C0087,D0111,2026-03-09 06:16:00,Rohini,Karol Bagh,Delhi,Auto,Card,16.28,38.7,206.52,1.21,Low,Rain,Cancelled,Customer,4.7
B02818,C0174,D0050,2026-02-25 09:30:00,Koramangala,Jayanagar,Bengaluru,Cab,UPI,6.38,24.1,179.32,1.81,High,Clear,Completed,Unknown,0.6
B02819,C0299,D0033,2026-01-11 13:55:00,Noida Sector 18,Connaught Place,Delhi,Auto,UPI,21.26,46.7,251.34,1.11,Low,Cloudy,Completed,Unknown,0.4
B02820,C0206,D0012,2026-02-14 17:24:00,Madhapur,Gachibowli,Hyderabad,Cab,UPI,1.86,4.1,116.04,1.5,Low,Clear,Completed,Unknown,6.1
B02821,C0363,D0026,2026-02-26 14:04:00,Connaught Place,Karol Bagh,Delhi,Auto,UPI,10.34,19.1,153.06,1.03,Low,Clear,Cancelled,Customer,1.4
B02822,C0011,D0100,2026-01-13 02:08:00,Koramangala,Marathahalli,Bengaluru,Auto,UPI,42.74,157.3,444.66,1.4,High,Clear,Completed,Unknown,0.9
B02823,C0307,D0010,2026-02-09 03:44:00,Indiranagar,HSR Layout,Bengaluru,Bike,UPI,1.32,2.4,47.92,1.11,Low,Clear,Completed,Unknown,0.0
B02824,C0271,D0143,2026-03-29 06:16:00,Banjara Hills,Secunderabad,Hyderabad,Cab,Card,7.43,19.7,194.02,1.12,Medium,Cloudy,Completed,Unknown,3.4
B02825,C0150,D0014,2026-03-22 21:47:00,Powai,Borivali,Mumbai,Bike,Cash,2.09,3.6,52.54,1.1,Low,Clear,Incomplete,Unknown,1.1
B02826,C0365,D0130,2026-03-26 02:36:00,Powai,Dadar,Mumbai,Cab,UPI,6.16,19.2,176.24,1.1,Medium,Cloudy,Completed,Unknown,4.8
B02827,C0170,D0045,2026-01-12 23:58:00,Viman Nagar,Hinjewadi,Pune,Auto,UPI,8.65,16.8,137.85,1.05,Low,Cloudy,Completed,Unknown,2.6
B02828,C0256,D0125,2026-01-07 09:00:00,Kharadi,Baner,Pune,Bike,Cash,3.45,12.5,60.7,1.81,High,Cloudy,Completed,Unknown,5.5
B02829,C0018,D0069,2026-03-02 09:39:00,MG Road,Indiranagar,Bengaluru,Bike,UPI,11.6,39.0,109.6,1.94,High,Rain,Cancelled,Customer,8.0
B02830,C0043,D0084,2026-03-22 00:44:00,Hinjewadi,Kothrud,Pune,Auto,Cash,6.47,14.6,118.23,1.02,Low,Clear,Completed,Unknown,1.0
B02831,C0171,D0134,2026-02-05 11:52:00,Colaba,Malad,Mumbai,Auto,UPI,10.76,28.9,156.84,1.0,Medium,Smog,Cancelled,Customer,0.0
B02832,C0216,D0051,2026-02-07 10:55:00,Koramangala,Electronic City,Bengaluru,Bike,Wallet,6.21,10.7,77.26,1.03,Low,Clear,Cancelled,Driver,7.1
B02833,C0059,D0111,2026-01-20 11:46:00,Jayanagar,Indiranagar,Bengaluru,Auto,Card,3.9,8.9,95.1,1.04,Low,Clear,Completed,Unknown,8.3
B02834,C0149,D0050,2026-02-15 05:11:00,Viman Nagar,Hinjewadi,Pune,Bike,Card,18.67,46.2,152.02,1.14,Medium,Clear,Cancelled,Customer,0.0
B02835,C0296,D0134,2026-03-08 07:42:00,Malad,Dadar,Mumbai,Bike,Card,3.65,11.1,61.9,1.45,Medium,Clear,Cancelled,Customer,0.0
B02836,C0341,D0058,2026-01-28 19:02:00,Indiranagar,Electronic City,Bengaluru,Bike,UPI,4.55,14.2,67.3,1.82,High,Clear,Completed,Unknown,6.0
B02837,C0366,D0040,2026-01-31 00:53:00,Hinjewadi,Kothrud,Pune,Cab,Cash,10.51,38.4,237.14,1.64,High,Rain,Completed,Unknown,1.1
B02838,C0002,D0066,2026-02-05 18:37:00,Baner,Kothrud,Pune,Bike,UPI,16.62,46.4,139.72,1.54,Medium,Clear,Cancelled,Customer,11.5
B02839,C0196,D0067,2026-03-09 18:40:00,Bandra,Borivali,Mumbai,Cab,Card,4.44,9.0,152.16,1.54,Low,Clear,Completed,Unknown,2.1
B02840,C0050,D0109,2026-03-18 07:52:00,Saket,Hauz Khas,Delhi,Bike,Card,2.93,10.4,57.58,1.78,High,Cloudy,Cancelled,Customer,7.0
B02841,C0026,D0044,2026-01-24 21:08:00,Whitefield,HSR Layout,Bengaluru,Cab,UPI,4.5,9.9,153.0,1.07,Medium,Clear,Cancelled,Customer,6.8
B02842,C0257,D0121,2026-03-07 13:54:00,Malad,Andheri,Mumbai,Auto,Cash,4.12,7.9,97.08,1.07,Low,Cloudy,Cancelled,Customer,1.4
B02843,C0341,D0136,2026-03-26 00:24:00,Wakad,Kothrud,Pune,Auto,Wallet,4.55,10.4,100.95,1.03,Medium,Cloudy,Completed,Unknown,3.0
B02844,C0281,D0054,2026-01-15 06:02:00,Bandra,Powai,Mumbai,Auto,UPI,2.2,5.8,79.8,1.13,Medium,Clear,Cancelled,Customer,3.4
B02845,C0283,D0049,2026-03-05 04:46:00,Rohini,Dwarka,Delhi,Bike,Card,9.35,18.0,96.1,1.06,Low,Cloudy,Completed,Unknown,10.0
B02846,C0158,D0114,2026-01-15 13:33:00,Noida Sector 18,Karol Bagh,Delhi,Auto,UPI,1.58,4.5,74.22,1.09,Medium,Clear,Completed,Unknown,6.1
B02847,C0313,D0099,2026-03-01 09:38:00,Madhapur,Secunderabad,Hyderabad,Auto,Card,3.04,7.3,87.36,1.44,Medium,Clear,Completed,Unknown,2.8
B02848,C0324,D0004,2026-01-25 12:04:00,HSR Layout,Jayanagar,Bengaluru,Cab,Card,7.1,24.1,189.4,1.44,High,Cloudy,Incomplete,Unknown,13.4
B02849,C0122,D0049,2026-02-18 08:26:00,Banjara Hills,Gachibowli,Hyderabad,Auto,Card,1.15,1.9,70.35,1.54,Low,Cloudy,Incomplete,Unknown,3.5
B02850,C0118,D0088,2026-01-18 01:10:00,Colaba,Malad,Mumbai,Bike,Cash,8.66,19.0,91.96,1.12,Low,Clear,Completed,Unknown,3.3
B02851,C0222,D0100,2026-03-07 08:35:00,Dwarka,Saket,Delhi,Auto,Cash,16.44,49.7,207.96,1.47,Medium,Clear,Completed,Unknown,0.0
B02852,C0269,D0041,2026-03-31 18:53:00,Secunderabad,Ameerpet,Hyderabad,Bike,UPI,4.68,12.9,68.08,1.42,Medium,Clear,Completed,Unknown,0.0
B02853,C0088,D0053,2026-01-26 14:15:00,Banjara Hills,Ameerpet,Hyderabad,Cab,Wallet,2.31,4.1,122.34,1.08,Low,Clear,Completed,Unknown,3.0
B02854,C0007,D0087,2026-01-24 09:21:00,Secunderabad,Kukatpally,Hyderabad,Bike,UPI,6.68,20.6,80.08,1.94,High,Rain,Completed,Unknown,4.2
B02855,C0259,D0082,2026-02-16 00:44:00,Whitefield,HSR Layout,Bengaluru,Bike,Card,1.13,2.4,46.78,1.04,Low,Clear,Completed,Unknown,11.1
B02856,C0097,D0111,2026-03-06 20:30:00,Secunderabad,Kukatpally,Hyderabad,Cab,Cash,3.49,10.7,138.86,1.13,Medium,Clear,Cancelled,Driver,2.7
B02857,C0022,D0147,2026-03-28 22:57:00,Koramangala,Indiranagar,Bengaluru,Bike,UPI,12.38,22.9,114.28,1.09,Low,Smog,Completed,Unknown,0.0
B02858,C0202,D0092,2026-01-02 04:46:00,Borivali,Colaba,Mumbai,Bike,UPI,3.23,9.4,59.38,1.12,Medium,Clear,Cancelled,Customer,0.0
B02859,C0146,D0119,2026-01-22 00:25:00,Madhapur,Secunderabad,Hyderabad,Auto,Card,20.1,62.0,240.9,1.04,Medium,Cloudy,Completed,Unknown,4.8
B02860,C0177,D0045,2026-02-20 01:51:00,Marathahalli,Whitefield,Bengaluru,Bike,Cash,13.68,40.9,122.08,1.43,High,Clear,Cancelled,Customer,4.2
B02861,C0341,D0037,2026-03-18 08:10:00,Saket,Hauz Khas,Delhi,Cab,Card,5.25,12.5,163.5,1.68,Medium,Rain,Completed,Unknown,4.2
B02862,C0122,D0090,2026-02-19 03:33:00,Hauz Khas,Dwarka,Delhi,Bike,Cash,2.33,5.2,53.98,1.31,Medium,Rain,Completed,Unknown,0.0
B02863,C0070,D0004,2026-01-19 09:17:00,Dadar,Andheri,Mumbai,Bike,Cash,9.39,18.9,96.34,1.54,Low,Clear,Completed,Unknown,15.2
B02864,C0022,D0022,2026-01-04 20:55:00,Borivali,Dadar,Mumbai,Auto,UPI,16.31,36.3,206.79,1.21,Low,Rain,Completed,Unknown,4.4
B02865,C0114,D0026,2026-02-17 10:09:00,Viman Nagar,Wakad,Pune,Bike,Wallet,1.3,3.1,47.8,1.32,Low,Rain,Incomplete,Unknown,10.3
B02866,C0209,D0069,2026-03-29 15:51:00,Colaba,Dadar,Mumbai,Auto,UPI,3.83,11.5,94.47,1.05,Medium,Cloudy,Incomplete,Unknown,5.1
B02867,C0215,D0056,2026-03-18 03:21:00,Kothrud,Wakad,Pune,Bike,UPI,8.03,15.4,88.18,1.12,Low,Cloudy,Completed,Unknown,5.7
B02868,C0110,D0147,2026-03-05 17:36:00,Kukatpally,Banjara Hills,Hyderabad,Cab,UPI,1.0,2.1,104.0,1.41,Low,Clear,Completed,Unknown,4.8
B02869,C0297,D0124,2026-03-29 03:39:00,Ameerpet,Gachibowli,Hyderabad,Bike,Card,7.26,13.3,83.56,1.23,Low,Rain,Completed,Unknown,4.2
B02870,C0016,D0003,2026-02-04 03:23:00,Whitefield,Jayanagar,Bengaluru,Bike,Card,1.46,3.4,48.76,1.12,Low,Clear,Completed,Unknown,1.9
B02871,C0073,D0005,2026-02-14 04:44:00,Whitefield,MG Road,Bengaluru,Auto,Card,3.75,8.7,93.75,1.11,Medium,Clear,Completed,Unknown,7.0
B02872,C0258,D0117,2026-03-27 08:08:00,Kharadi,Wakad,Pune,Cab,UPI,3.45,10.1,138.3,1.43,Medium,Clear,Completed,Unknown,3.8
B02873,C0178,D0040,2026-02-20 17:39:00,Colaba,Bandra,Mumbai,Cab,UPI,2.07,6.7,118.98,1.77,High,Clear,Completed,Unknown,1.8
B02874,C0053,D0105,2026-01-12 00:23:00,Lajpat Nagar,Noida Sector 18,Delhi,Bike,UPI,7.95,18.9,87.7,1.15,Low,Clear,Completed,Unknown,0.0
B02875,C0213,D0121,2026-02-01 14:06:00,Madhapur,Kukatpally,Hyderabad,Cab,UPI,4.06,8.4,146.84,1.05,Low,Clear,Completed,Unknown,0.0
B02876,C0036,D0051,2026-03-20 02:27:00,Malad,Andheri,Mumbai,Auto,Cash,1.36,3.9,72.24,1.01,Medium,Clear,Incomplete,Unknown,0.0
B02877,C0289,D0131,2026-01-13 11:18:00,Wakad,Viman Nagar,Pune,Auto,UPI,20.94,49.7,248.46,1.35,Low,Rain,Cancelled,Customer,4.1
B02878,C0002,D0025,2026-02-02 15:03:00,Janakpuri,Hauz Khas,Delhi,Auto,Cash,10.43,28.3,153.87,1.0,Medium,Cloudy,Completed,Unknown,4.1
B02879,C0369,D0103,2026-03-04 01:55:00,Whitefield,Electronic City,Bengaluru,Auto,UPI,3.11,12.4,87.99,1.61,High,Rain,Completed,Unknown,6.8
B02880,C0011,D0125,2026-02-05 00:39:00,Noida Sector 18,Janakpuri,Delhi,Auto,UPI,8.38,19.1,135.42,1.1,Medium,Clear,Completed,Unknown,0.0
B02881,C0181,D0063,2026-03-25 01:36:00,Koramangala,Marathahalli,Bengaluru,Auto,Cash,17.82,46.4,220.38,1.12,Medium,Clear,Cancelled,Customer,0.0
B02882,C0026,D0004,2026-03-28 09:16:00,Chembur,Bandra,Mumbai,Auto,UPI,7.54,19.0,127.86,1.46,Medium,Clear,Incomplete,Unknown,11.2
B02883,C0066,D0085,2026-01-13 23:05:00,Gachibowli,Kukatpally,Hyderabad,Cab,Cash,2.42,5.2,123.88,1.28,Low,Rain,Cancelled,Customer,0.0
B02884,C0338,D0055,2026-01-11 12:45:00,Dwarka,Rohini,Delhi,Cab,Wallet,23.89,48.0,424.46,1.08,Low,Clear,Completed,Unknown,11.0
B02885,C0092,D0078,2026-01-19 21:53:00,Gachibowli,Banjara Hills,Hyderabad,Cab,UPI,5.25,12.3,163.5,1.06,Low,Clear,Completed,Unknown,5.0
B02886,C0269,D0085,2026-02-16 13:38:00,Connaught Place,Noida Sector 18,Delhi,Cab,Card,5.31,11.3,164.34,1.14,Medium,Clear,Cancelled,Customer,0.0
B02887,C0196,D0078,2026-01-30 15:08:00,Pitampura,Janakpuri,Delhi,Bike,Card,18.57,41.8,151.42,1.02,Medium,Cloudy,Completed,Unknown,7.1
B02888,C0306,D0090,2026-01-16 20:25:00,Jayanagar,Whitefield,Bengaluru,Auto,Wallet,3.38,5.8,90.42,1.35,Low,Rain,Cancelled,Customer,0.0
B02889,C0111,D0061,2026-03-13 15:28:00,Kharadi,Kothrud,Pune,Auto,UPI,1.27,2.6,71.43,1.07,Low,Clear,Completed,Unknown,5.0
B02890,C0099,D0126,2026-01-01 18:41:00,Dwarka,Janakpuri,Delhi,Bike,Cash,2.23,9.1,53.38,1.79,High,Smog,Completed,Unknown,6.9
B02891,C0047,D0068,2026-03-15 16:54:00,Viman Nagar,Hinjewadi,Pune,Auto,UPI,1.44,3.4,72.96,1.02,Low,Clear,Completed,Unknown,7.9
B02892,C0026,D0112,2026-02-23 07:02:00,Wakad,Baner,Pune,Bike,UPI,4.86,10.4,69.16,1.41,Medium,Clear,Completed,Unknown,7.4
B02893,C0074,D0132,2026-02-11 04:08:00,Hinjewadi,Kharadi,Pune,Bike,Card,1.75,6.5,50.5,1.44,High,Cloudy,Completed,Unknown,10.3
B02894,C0011,D0022,2026-01-30 16:40:00,Whitefield,Jayanagar,Bengaluru,Auto,Wallet,2.85,4.8,85.65,1.06,Low,Clear,Completed,Unknown,1.3
B02895,C0067,D0025,2026-03-16 16:13:00,Koramangala,Indiranagar,Bengaluru,Auto,Cash,12.35,28.5,171.15,1.08,Low,Clear,Completed,Unknown,0.0
B02896,C0233,D0060,2026-01-19 02:23:00,Viman Nagar,Kothrud,Pune,Bike,UPI,8.44,17.0,90.64,1.05,Low,Cloudy,Cancelled,Customer,0.8
B02897,C0380,D0085,2026-03-02 04:52:00,Secunderabad,Kukatpally,Hyderabad,Bike,UPI,5.63,11.5,73.78,1.03,Low,Clear,Completed,Unknown,1.0
B02898,C0281,D0125,2026-02-07 09:37:00,Dwarka,Pitampura,Delhi,Cab,UPI,7.61,12.2,196.54,1.52,Low,Cloudy,Cancelled,Customer,3.4
B02899,C0008,D0033,2026-03-21 10:04:00,Dadar,Chembur,Mumbai,Auto,UPI,11.76,24.5,165.84,1.13,Low,Clear,Completed,Unknown,3.4
B02900,C0176,D0036,2026-03-09 07:33:00,Saket,Noida Sector 18,Delhi,Auto,Card,1.85,6.5,76.65,1.81,High,Clear,Cancelled,Driver,5.1
B02901,C0228,D0132,2026-01-21 09:15:00,Janakpuri,Saket,Delhi,Auto,Card,13.75,25.8,183.75,1.45,Low,Clear,Completed,Unknown,0.0
B02902,C0033,D0026,2026-02-01 06:54:00,Baner,Viman Nagar,Pune,Bike,UPI,14.53,31.6,127.18,1.27,Low,Rain,Cancelled,Driver,4.1
B02903,C0136,D0090,2026-02-27 07:17:00,Whitefield,HSR Layout,Bengaluru,Auto,UPI,9.94,30.1,149.46,1.42,Medium,Clear,Completed,Unknown,1.3
B02904,C0054,D0049,2026-02-24 04:52:00,Madhapur,Kukatpally,Hyderabad,Cab,Wallet,3.01,5.4,132.14,1.09,Low,Clear,Cancelled,Customer,4.5
B02905,C0386,D0132,2026-02-24 09:51:00,Gachibowli,Kukatpally,Hyderabad,Cab,UPI,20.9,36.7,382.6,1.46,Low,Cloudy,Completed,Unknown,8.2
B02906,C0220,D0053,2026-03-18 18:49:00,Gachibowli,Kukatpally,Hyderabad,Bike,UPI,4.8,11.4,68.8,1.52,Low,Clear,Completed,Unknown,3.4
B02907,C0191,D0030,2026-01-04 12:28:00,Secunderabad,Gachibowli,Hyderabad,Auto,UPI,3.71,14.1,93.39,1.44,High,Clear,Completed,Unknown,7.2
B02908,C0131,D0003,2026-02-20 23:41:00,Whitefield,Indiranagar,Bengaluru,Cab,Card,4.1,6.8,147.4,1.02,Low,Cloudy,Cancelled,Customer,0.0
B02909,C0235,D0101,2026-02-18 21:20:00,Madhapur,Secunderabad,Hyderabad,Bike,Cash,5.06,8.4,70.36,1.04,Low,Clear,Completed,Unknown,2.6
B02910,C0238,D0090,2026-03-05 15:48:00,Wakad,Baner,Pune,Auto,UPI,6.7,13.0,120.3,1.13,Low,Clear,Completed,Unknown,0.0
B02911,C0152,D0032,2026-03-18 01:16:00,Dadar,Powai,Mumbai,Bike,Card,1.25,2.3,47.5,1.0,Low,Cloudy,Completed,Unknown,3.4
B02912,C0372,D0080,2026-03-07 02:22:00,Electronic City,Jayanagar,Bengaluru,Auto,Card,5.7,12.7,111.3,1.06,Low,Cloudy,Completed,Unknown,0.0
B02913,C0173,D0047,2026-01-03 08:56:00,Lajpat Nagar,Hauz Khas,Delhi,Bike,UPI,16.39,55.1,138.34,1.95,High,Rain,Completed,Unknown,3.4
B02914,C0147,D0026,2026-03-25 08:35:00,Chembur,Borivali,Mumbai,Auto,Wallet,1.63,3.1,74.67,1.49,Low,Clear,Completed,Unknown,0.0
B02915,C0185,D0150,2026-01-11 06:51:00,Ameerpet,Madhapur,Hyderabad,Auto,Card,10.74,35.5,156.66,1.36,High,Clear,Incomplete,Unknown,3.1
B02916,C0111,D0031,2026-02-17 19:40:00,Kothrud,Wakad,Pune,Auto,Card,8.19,26.4,133.71,1.75,High,Clear,Cancelled,Driver,11.0
B02917,C0044,D0017,2026-01-22 04:22:00,Madhapur,Secunderabad,Hyderabad,Auto,Cash,17.81,29.9,220.29,1.29,Low,Rain,Cancelled,Customer,4.9
B02918,C0018,D0069,2026-01-06 04:13:00,HSR Layout,Jayanagar,Bengaluru,Auto,UPI,1.62,3.8,74.58,1.06,Low,Clear,Completed,Unknown,5.4
B02919,C0282,D0096,2026-03-25 13:39:00,Secunderabad,Banjara Hills,Hyderabad,Bike,Card,9.44,19.9,96.64,1.02,Medium,Clear,Completed,Unknown,0.0
B02920,C0193,D0077,2026-01-22 01:57:00,Saket,Rohini,Delhi,Bike,UPI,4.63,9.5,67.78,1.03,Low,Cloudy,Completed,Unknown,2.1
B02921,C0273,D0104,2026-02-20 11:45:00,Jayanagar,MG Road,Bengaluru,Cab,Cash,4.52,11.8,153.28,1.14,Medium,Cloudy,Completed,Unknown,2.6
B02922,C0230,D0107,2026-03-21 19:58:00,Jayanagar,Electronic City,Bengaluru,Auto,Cash,5.04,14.2,105.36,1.74,Medium,Rain,Cancelled,Customer,7.4
B02923,C0334,D0100,2026-03-14 19:51:00,Lajpat Nagar,Saket,Delhi,Bike,UPI,6.41,12.0,78.46,1.43,Low,Clear,Completed,Unknown,0.0
B02924,C0274,D0076,2026-03-08 05:32:00,Malad,Chembur,Mumbai,Auto,UPI,7.23,15.7,125.07,1.05,Low,Clear,Completed,Unknown,0.0
B02925,C0191,D0013,2026-02-27 18:24:00,Marathahalli,MG Road,Bengaluru,Auto,Cash,7.76,19.7,129.84,1.53,Medium,Clear,Cancelled,Driver,10.7
B02926,C0129,D0132,2026-02-08 09:21:00,Marathahalli,Indiranagar,Bengaluru,Cab,Wallet,13.98,30.1,285.72,1.54,Medium,Cloudy,Completed,Unknown,5.2
B02927,C0327,D0125,2026-02-12 10:25:00,Kharadi,Hinjewadi,Pune,Bike,UPI,7.32,16.4,83.92,1.15,Low,Cloudy,Completed,Unknown,0.0
B02928,C0062,D0073,2026-02-10 06:47:00,Banjara Hills,Ameerpet,Hyderabad,Auto,Card,4.61,8.2,101.49,1.08,Low,Smog,Completed,Unknown,0.2
B02929,C0337,D0087,2026-02-13 17:25:00,Secunderabad,Ameerpet,Hyderabad,Auto,UPI,2.56,9.2,83.04,1.81,High,Cloudy,Cancelled,Driver,11.4
B02930,C0398,D0085,2026-03-12 12:02:00,Hauz Khas,Karol Bagh,Delhi,Auto,Card,10.07,17.1,150.63,1.04,Low,Cloudy,Completed,Unknown,4.1
B02931,C0258,D0017,2026-03-18 06:53:00,Ameerpet,Gachibowli,Hyderabad,Cab,Card,5.13,12.0,161.82,1.14,Medium,Clear,Completed,Unknown,6.4
B02932,C0177,D0093,2026-03-23 23:56:00,Janakpuri,Saket,Delhi,Bike,UPI,2.37,8.0,54.22,1.39,High,Clear,Completed,Unknown,12.6
B02933,C0145,D0144,2026-01-24 13:39:00,Kharadi,Hinjewadi,Pune,Cab,Cash,7.85,24.8,199.9,1.33,High,Clear,Cancelled,Driver,7.0
B02934,C0349,D0146,2026-02-25 03:15:00,Lajpat Nagar,Connaught Place,Delhi,Cab,UPI,14.63,48.7,294.82,1.37,High,Cloudy,Cancelled,Customer,2.3
B02935,C0323,D0012,2026-03-23 11:41:00,Borivali,Dadar,Mumbai,Bike,UPI,18.02,42.3,148.12,1.04,Low,Cloudy,Completed,Unknown,3.2
B02936,C0323,D0078,2026-03-04 17:17:00,Wakad,Kothrud,Pune,Cab,Wallet,1.68,4.6,113.52,1.53,Medium,Clear,Completed,Unknown,5.7
B02937,C0381,D0076,2026-02-20 09:30:00,MG Road,Whitefield,Bengaluru,Auto,Card,1.47,4.1,73.23,1.54,Medium,Clear,Completed,Unknown,0.0
B02938,C0246,D0095,2026-03-06 20:26:00,Malad,Chembur,Mumbai,Cab,UPI,8.1,15.0,203.4,1.03,Low,Cloudy,Completed,Unknown,0.0
B02939,C0160,D0016,2026-03-18 23:15:00,Chembur,Bandra,Mumbai,Bike,UPI,17.42,40.1,144.52,1.11,Low,Cloudy,Completed,Unknown,0.5
B02940,C0234,D0099,2026-02-21 23:21:00,Indiranagar,Electronic City,Bengaluru,Auto,Card,2.63,4.4,83.67,1.08,Low,Cloudy,Completed,Unknown,9.1
B02941,C0303,D0064,2026-01-21 20:22:00,Colaba,Andheri,Mumbai,Cab,Card,2.73,8.3,128.22,1.32,High,Clear,Completed,Unknown,5.8
B02942,C0026,D0113,2026-02-25 13:51:00,Secunderabad,Banjara Hills,Hyderabad,Bike,UPI,3.48,7.8,60.88,1.01,Low,Clear,Completed,Unknown,0.0
B02943,C0301,D0062,2026-02-24 12:18:00,Dadar,Bandra,Mumbai,Cab,UPI,20.12,44.8,371.68,1.09,Low,Clear,Cancelled,Driver,0.3
B02944,C0196,D0121,2026-03-08 05:28:00,Secunderabad,Kukatpally,Hyderabad,Auto,Wallet,3.03,8.6,87.27,1.0,Medium,Cloudy,Completed,Unknown,1.3
B02945,C0073,D0008,2026-01-14 11:10:00,Chembur,Borivali,Mumbai,Bike,Card,4.93,12.4,69.58,1.13,Medium,Clear,Completed,Unknown,4.9
B02946,C0136,D0107,2026-03-14 21:28:00,Pitampura,Noida Sector 18,Delhi,Auto,UPI,3.12,11.4,88.08,1.43,High,Clear,Cancelled,Customer,8.7
B02947,C0290,D0087,2026-01-30 00:34:00,Hinjewadi,Viman Nagar,Pune,Cab,Wallet,11.18,32.5,246.52,1.3,Medium,Rain,Completed,Unknown,5.1
B02948,C0152,D0050,2026-03-02 12:38:00,MG Road,Marathahalli,Bengaluru,Auto,Card,4.67,10.4,102.03,1.09,Low,Clear,Completed,Unknown,1.8
B02949,C0202,D0096,2026-03-14 13:32:00,HSR Layout,Whitefield,Bengaluru,Auto,Cash,1.8,4.0,76.2,1.06,Medium,Clear,Completed,Unknown,0.0
B02950,C0261,D0076,2026-03-03 21:52:00,Dwarka,Noida Sector 18,Delhi,Auto,Cash,13.6,30.3,182.4,1.22,Low,Rain,Completed,Unknown,0.0
B02951,C0114,D0087,2026-01-16 19:01:00,Kothrud,Viman Nagar,Pune,Auto,Card,31.15,91.2,340.35,2.03,High,Rain,Completed,Unknown,3.8
B02952,C0127,D0129,2026-01-16 13:19:00,Secunderabad,Gachibowli,Hyderabad,Cab,Card,5.71,12.6,169.94,1.29,Low,Rain,Cancelled,Driver,0.3
B02953,C0302,D0049,2026-02-24 05:40:00,Marathahalli,MG Road,Bengaluru,Bike,UPI,10.77,20.9,104.62,1.03,Low,Clear,Cancelled,Customer,4.9
B02954,C0282,D0084,2026-01-19 06:25:00,Saket,Karol Bagh,Delhi,Auto,Card,2.66,8.0,83.94,1.37,High,Cloudy,Cancelled,Driver,1.4
B02955,C0369,D0027,2026-01-09 23:19:00,Colaba,Borivali,Mumbai,Auto,UPI,3.14,5.2,88.26,1.05,Low,Cloudy,Completed,Unknown,0.0
B02956,C0080,D0102,2026-01-26 13:15:00,MG Road,Koramangala,Bengaluru,Bike,Wallet,1.32,2.6,47.92,1.06,Low,Cloudy,Completed,Unknown,0.5
B02957,C0171,D0087,2026-03-20 05:42:00,Hinjewadi,Kharadi,Pune,Auto,Cash,23.07,47.0,267.63,1.02,Low,Clear,Completed,Unknown,4.5
B02958,C0276,D0142,2026-03-20 09:19:00,Andheri,Malad,Mumbai,Bike,UPI,2.72,9.7,56.32,1.75,High,Clear,Cancelled,Customer,10.5
B02959,C0255,D0077,2026-02-18 08:40:00,Bandra,Malad,Mumbai,Bike,Cash,9.18,34.4,95.08,2.04,High,Rain,Completed,Unknown,2.1
B02960,C0015,D0078,2026-01-04 10:49:00,Pitampura,Lajpat Nagar,Delhi,Cab,Cash,7.68,23.5,197.52,1.01,Medium,Clear,Completed,Unknown,9.3
B02961,C0033,D0060,2026-01-27 20:43:00,Baner,Wakad,Pune,Cab,Card,6.13,24.6,175.82,1.32,High,Clear,Completed,Unknown,2.0
B02962,C0328,D0102,2026-01-11 04:39:00,Pitampura,Janakpuri,Delhi,Bike,UPI,15.7,33.6,134.2,1.07,Low,Clear,Completed,Unknown,0.0
B02963,C0284,D0079,2026-03-02 07:20:00,Kothrud,Baner,Pune,Cab,Card,2.96,9.1,131.44,1.8,High,Cloudy,Cancelled,Driver,3.1
B02964,C0085,D0137,2026-02-14 12:39:00,Powai,Chembur,Mumbai,Bike,UPI,2.29,3.9,53.74,1.32,Low,Rain,Completed,Unknown,1.0
B02965,C0204,D0073,2026-01-10 19:47:00,Kharadi,Baner,Pune,Auto,Card,4.6,9.0,101.4,1.5,Low,Clear,Completed,Unknown,0.0
B02966,C0075,D0013,2026-01-02 19:13:00,Madhapur,Gachibowli,Hyderabad,Bike,UPI,4.25,17.3,65.5,1.7,High,Cloudy,Completed,Unknown,9.3
B02967,C0341,D0095,2026-03-22 07:14:00,Koramangala,MG Road,Bengaluru,Auto,Card,1.78,6.9,76.02,1.96,High,Rain,Completed,Unknown,0.1
B02968,C0075,D0005,2026-03-25 11:09:00,Malad,Powai,Mumbai,Auto,Wallet,11.21,26.9,160.89,1.07,Low,Clear,Completed,Unknown,8.8
B02969,C0262,D0051,2026-03-14 19:38:00,Colaba,Chembur,Mumbai,Bike,UPI,4.61,11.8,67.66,1.54,Medium,Clear,Completed,Unknown,3.4
B02970,C0250,D0035,2026-01-21 04:04:00,Rohini,Saket,Delhi,Bike,UPI,12.88,27.3,117.28,1.06,Low,Clear,Completed,Unknown,10.7
B02971,C0142,D0071,2026-03-14 13:48:00,Baner,Wakad,Pune,Bike,Cash,3.54,5.9,61.24,1.2,Low,Rain,Completed,Unknown,7.2
B02972,C0106,D0006,2026-03-23 02:53:00,MG Road,Koramangala,Bengaluru,Auto,Cash,3.47,10.7,91.23,1.0,Medium,Clear,Completed,Unknown,9.8
B02973,C0370,D0099,2026-03-04 06:19:00,Whitefield,Koramangala,Bengaluru,Bike,UPI,3.34,10.7,60.04,1.56,High,Rain,Completed,Unknown,13.6
B02974,C0261,D0122,2026-02-23 02:54:00,Pitampura,Saket,Delhi,Bike,Cash,10.24,28.9,101.44,1.08,Medium,Cloudy,Completed,Unknown,0.0
B02975,C0220,D0063,2026-01-15 00:43:00,Janakpuri,Saket,Delhi,Auto,UPI,25.35,54.6,288.15,1.08,Low,Clear,Completed,Unknown,0.3
B02976,C0391,D0005,2026-01-03 15:20:00,Rohini,Dwarka,Delhi,Auto,Cash,4.18,9.9,97.62,1.22,Medium,Rain,Completed,Unknown,8.9
B02977,C0149,D0058,2026-02-04 13:06:00,Jayanagar,Electronic City,Bengaluru,Bike,UPI,8.71,22.6,92.26,1.15,Medium,Clear,Cancelled,Driver,8.0
B02978,C0248,D0092,2026-01-18 21:26:00,Connaught Place,Karol Bagh,Delhi,Bike,UPI,7.28,12.0,83.68,1.05,Low,Clear,Completed,Unknown,0.0
B02979,C0338,D0019,2026-03-28 12:51:00,MG Road,Marathahalli,Bengaluru,Bike,UPI,9.64,27.4,97.84,1.07,Medium,Clear,Cancelled,Customer,5.5
B02980,C0173,D0025,2026-02-08 03:44:00,Viman Nagar,Hinjewadi,Pune,Auto,Cash,6.53,12.2,118.77,1.04,Low,Clear,Completed,Unknown,0.0
B02981,C0024,D0031,2026-02-01 02:09:00,Secunderabad,Ameerpet,Hyderabad,Cab,Card,10.08,27.7,231.12,1.02,Medium,Clear,Cancelled,Customer,6.9
B02982,C0138,D0094,2026-03-14 08:14:00,Banjara Hills,Secunderabad,Hyderabad,Auto,Card,18.47,51.9,226.23,1.52,Medium,Clear,Completed,Unknown,10.5
B02983,C0297,D0079,2026-01-14 22:05:00,Bandra,Chembur,Mumbai,Cab,Card,4.56,8.8,153.84,1.05,Low,Cloudy,Completed,Unknown,2.1
B02984,C0002,D0113,2026-03-10 22:52:00,Jayanagar,Indiranagar,Bengaluru,Cab,Cash,11.87,22.1,256.18,1.0,Low,Smog,Completed,Unknown,0.0
B02985,C0280,D0113,2026-02-17 15:30:00,Janakpuri,Hauz Khas,Delhi,Cab,UPI,7.92,22.8,200.88,1.44,High,Cloudy,Completed,Unknown,1.4
B02986,C0084,D0099,2026-03-05 23:27:00,Whitefield,HSR Layout,Bengaluru,Auto,Card,4.33,10.6,98.97,1.03,Medium,Cloudy,Completed,Unknown,6.7
B02987,C0206,D0058,2026-03-20 06:22:00,Noida Sector 18,Rohini,Delhi,Bike,Wallet,1.9,3.3,51.4,1.13,Low,Clear,Completed,Unknown,3.8
B02988,C0266,D0004,2026-03-18 15:56:00,Whitefield,Koramangala,Bengaluru,Cab,UPI,8.02,17.6,202.28,1.14,Low,Clear,Cancelled,Customer,13.9
B02989,C0258,D0103,2026-02-10 02:15:00,Saket,Dwarka,Delhi,Bike,UPI,3.7,7.4,62.2,1.11,Low,Clear,Completed,Unknown,2.8
B02990,C0082,D0031,2026-03-05 21:20:00,Hauz Khas,Karol Bagh,Delhi,Bike,UPI,1.4,3.9,48.4,1.55,High,Rain,Cancelled,Customer,3.9
B02991,C0356,D0074,2026-01-29 07:55:00,Whitefield,HSR Layout,Bengaluru,Bike,UPI,12.14,26.7,112.84,1.45,Low,Clear,Cancelled,Customer,4.2
B02992,C0373,D0090,2026-01-28 02:59:00,Hauz Khas,Noida Sector 18,Delhi,Cab,UPI,7.88,13.0,200.32,1.01,Low,Clear,Completed,Unknown,1.0
B02993,C0087,D0012,2026-02-01 10:39:00,Pitampura,Dwarka,Delhi,Bike,Card,2.41,4.2,54.46,1.06,Low,Cloudy,Completed,Unknown,0.1
B02994,C0176,D0136,2026-02-10 13:36:00,HSR Layout,Koramangala,Bengaluru,Cab,UPI,2.16,4.4,120.24,1.32,Low,Rain,Completed,Unknown,3.7
B02995,C0119,D0026,2026-03-22 05:03:00,Pitampura,Janakpuri,Delhi,Auto,UPI,4.67,9.8,102.03,1.09,Low,Clear,Completed,Unknown,1.7
B02996,C0077,D0052,2026-03-26 03:07:00,Powai,Chembur,Mumbai,Cab,UPI,15.95,26.5,313.3,1.33,Low,Rain,Cancelled,Customer,6.7
B02997,C0184,D0094,2026-01-15 03:47:00,Rohini,Connaught Place,Delhi,Auto,Card,5.95,13.7,113.55,1.11,Medium,Clear,Cancelled,Customer,9.5
B02998,C0228,D0067,2026-02-21 08:45:00,Ameerpet,Kukatpally,Hyderabad,Auto,Cash,9.45,28.6,145.05,1.84,High,Clear,Completed,Unknown,4.5
B02999,C0372,D0122,2026-03-21 06:00:00,Pitampura,Dwarka,Delhi,Auto,Wallet,6.1,13.4,114.9,1.1,Low,Clear,Completed,Unknown,0.0
B03000,C0129,D0026,2026-03-23 12:41:00,Wakad,Hinjewadi,Pune,Cab,Cash,3.31,5.9,136.34,1.26,Low,Rain,Completed,Unknown,0.0
B03001,C0246,D0049,2026-03-06 04:41:00,Banjara Hills,Ameerpet,Hyderabad,Bike,UPI,32.96,94.5,237.76,1.44,High,Clear,Completed,Unknown,5.6
B03002,C0126,D0140,2026-01-17 22:24:00,Malad,Dadar,Mumbai,Cab,Card,2.19,5.2,120.66,1.02,Low,Clear,Completed,Unknown,1.4
B03003,C0060,D0143,2026-02-05 13:30:00,Baner,Hinjewadi,Pune,Cab,Card,8.93,21.0,215.02,1.1,Low,Cloudy,Completed,Unknown,0.0
B03004,C0269,D0131,2026-01-20 05:55:00,Wakad,Kharadi,Pune,Bike,Card,8.33,22.9,89.98,1.63,High,Rain,Completed,Unknown,9.2
B03005,C0320,D0012,2026-02-28 04:30:00,Wakad,Viman Nagar,Pune,Cab,UPI,7.47,21.3,194.58,1.06,Medium,Clear,Completed,Unknown,5.8
B03006,C0107,D0034,2026-03-05 00:24:00,Noida Sector 18,Rohini,Delhi,Cab,Cash,6.25,15.9,177.5,1.08,Medium,Cloudy,Cancelled,Customer,5.5
B03007,C0177,D0144,2026-02-16 07:03:00,Electronic City,Jayanagar,Bengaluru,Auto,UPI,2.61,8.8,83.49,1.8,High,Clear,Cancelled,Customer,11.4
B03008,C0090,D0062,2026-02-08 13:55:00,Borivali,Dadar,Mumbai,Auto,Cash,1.38,2.9,72.42,1.04,Medium,Cloudy,Completed,Unknown,7.7
B03009,C0093,D0116,2026-01-29 10:58:00,Indiranagar,Koramangala,Bengaluru,Auto,Cash,14.41,54.1,189.69,1.43,High,Clear,Cancelled,Customer,2.8
B03010,C0400,D0069,2026-01-15 13:36:00,Banjara Hills,Madhapur,Hyderabad,Auto,Card,1.33,3.2,71.97,1.15,Medium,Smog,Completed,Unknown,5.5
B03011,C0090,D0147,2026-03-31 05:34:00,Karol Bagh,Saket,Delhi,Bike,Cash,7.15,23.7,82.9,1.32,High,Clear,Completed,Unknown,9.0
B03012,C0247,D0029,2026-02-01 16:01:00,Banjara Hills,Secunderabad,Hyderabad,Cab,UPI,6.87,14.2,186.18,1.1,Low,Clear,Completed,Unknown,4.3
B03013,C0062,D0133,2026-01-17 21:44:00,Koramangala,Electronic City,Bengaluru,Auto,Card,15.1,51.2,195.9,1.35,High,Clear,Incomplete,Unknown,6.0
B03014,C0121,D0033,2026-02-06 07:55:00,Wakad,Hinjewadi,Pune,Auto,Card,1.23,4.3,71.07,1.75,High,Cloudy,Completed,Unknown,3.1
B03015,C0281,D0039,2026-01-11 12:51:00,Viman Nagar,Kothrud,Pune,Auto,Cash,3.73,9.8,93.57,1.12,Medium,Clear,Completed,Unknown,11.0
B03016,C0209,D0124,2026-01-13 01:41:00,Kothrud,Wakad,Pune,Auto,Cash,14.26,41.4,188.34,1.4,High,Clear,Completed,Unknown,9.4
B03017,C0307,D0127,2026-03-21 14:35:00,Janakpuri,Lajpat Nagar,Delhi,Bike,Cash,2.65,5.4,55.9,1.03,Low,Smog,Cancelled,Customer,3.6
B03018,C0065,D0114,2026-02-20 22:31:00,Ameerpet,Madhapur,Hyderabad,Cab,UPI,8.06,16.1,202.84,1.07,Low,Cloudy,Completed,Unknown,0.0
B03019,C0318,D0115,2026-03-18 16:49:00,Janakpuri,Saket,Delhi,Cab,Cash,3.93,8.4,145.02,1.09,Medium,Clear,Completed,Unknown,0.7
B03020,C0284,D0080,2026-02-04 11:00:00,Jayanagar,Whitefield,Bengaluru,Cab,Cash,2.13,6.1,119.82,1.52,High,Rain,Completed,Unknown,6.7
B03021,C0350,D0090,2026-01-19 18:11:00,Viman Nagar,Wakad,Pune,Cab,UPI,15.79,47.1,311.06,2.03,High,Rain,Completed,Unknown,7.0
B03022,C0024,D0093,2026-02-04 13:32:00,Kukatpally,Madhapur,Hyderabad,Cab,Cash,1.32,5.3,108.48,1.33,High,Cloudy,Completed,Unknown,3.1
B03023,C0105,D0050,2026-02-19 06:39:00,Indiranagar,MG Road,Bengaluru,Auto,UPI,17.0,41.6,213.0,1.01,Medium,Clear,Cancelled,Driver,1.0
B03024,C0334,D0015,2026-02-09 22:07:00,Kharadi,Baner,Pune,Bike,Cash,6.61,14.8,79.66,1.31,Low,Rain,Completed,Unknown,7.0
B03025,C0327,D0128,2026-03-26 17:51:00,Malad,Dadar,Mumbai,Bike,Card,6.12,9.9,76.72,1.48,Low,Clear,Completed,Unknown,4.0
B03026,C0119,D0060,2026-03-22 19:14:00,MG Road,Marathahalli,Bengaluru,Auto,UPI,1.52,4.3,73.68,1.72,Medium,Rain,Completed,Unknown,2.1
B03027,C0136,D0015,2026-01-13 12:15:00,Kothrud,Wakad,Pune,Auto,UPI,3.36,7.7,90.24,1.06,Medium,Clear,Completed,Unknown,6.4
B03028,C0024,D0056,2026-02-08 14:24:00,Connaught Place,Janakpuri,Delhi,Auto,Cash,1.79,3.9,76.11,1.09,Low,Clear,Cancelled,Customer,5.0
B03029,C0116,D0004,2026-03-03 17:10:00,Malad,Borivali,Mumbai,Auto,UPI,2.93,10.0,86.37,1.81,High,Cloudy,Completed,Unknown,11.2
B03030,C0392,D0059,2026-03-07 09:23:00,Wakad,Kharadi,Pune,Bike,Cash,4.59,11.0,67.54,1.51,Low,Clear,Cancelled,Driver,0.4
B03031,C0197,D0053,2026-02-08 00:49:00,Madhapur,Banjara Hills,Hyderabad,Auto,UPI,2.47,5.5,82.23,1.02,Low,Clear,Completed,Unknown,7.9
B03032,C0391,D0094,2026-01-31 15:56:00,Baner,Kothrud,Pune,Auto,UPI,3.44,9.9,90.96,1.05,Medium,Clear,Completed,Unknown,6.7
B03033,C0200,D0100,2026-03-25 23:57:00,Hinjewadi,Wakad,Pune,Cab,UPI,5.83,18.0,171.62,1.09,Medium,Smog,Cancelled,Customer,0.0
B03034,C0049,D0063,2026-01-29 11:34:00,Whitefield,HSR Layout,Bengaluru,Bike,UPI,14.23,34.4,125.38,1.01,Medium,Clear,Completed,Unknown,0.0
B03035,C0336,D0015,2026-01-11 20:55:00,Dadar,Powai,Mumbai,Auto,UPI,3.03,8.4,87.27,1.3,Medium,Rain,Completed,Unknown,12.5
B03036,C0031,D0080,2026-01-25 23:02:00,Rohini,Hauz Khas,Delhi,Bike,Card,26.48,48.0,198.88,1.14,Low,Clear,Completed,Unknown,2.6
B03037,C0297,D0014,2026-02-14 09:04:00,Indiranagar,Koramangala,Bengaluru,Cab,UPI,4.8,13.6,157.2,1.81,High,Clear,Completed,Unknown,7.8
B03038,C0016,D0039,2026-03-18 18:11:00,Borivali,Andheri,Mumbai,Auto,Card,5.23,10.6,107.07,1.44,Low,Cloudy,Completed,Unknown,9.4
B03039,C0058,D0078,2026-02-19 19:36:00,Janakpuri,Hauz Khas,Delhi,Cab,Card,4.27,14.0,149.78,1.99,High,Rain,Incomplete,Unknown,0.7
B03040,C0387,D0050,2026-03-12 02:56:00,Andheri,Malad,Mumbai,Bike,Card,1.49,4.4,48.94,1.06,Medium,Smog,Completed,Unknown,0.9
B03041,C0190,D0141,2026-03-15 00:23:00,Indiranagar,Jayanagar,Bengaluru,Cab,Card,8.73,17.0,212.22,1.02,Low,Cloudy,Incomplete,Unknown,0.0
B03042,C0223,D0087,2026-01-31 09:29:00,Indiranagar,HSR Layout,Bengaluru,Cab,UPI,2.43,6.2,124.02,1.42,Medium,Clear,Completed,Unknown,8.2
B03043,C0013,D0004,2026-01-17 15:31:00,Madhapur,Secunderabad,Hyderabad,Auto,Cash,3.51,10.0,91.59,1.31,High,Cloudy,Completed,Unknown,15.4
B03044,C0165,D0056,2026-01-01 09:02:00,Koramangala,Jayanagar,Bengaluru,Auto,UPI,10.24,31.3,152.16,1.46,Medium,Clear,Cancelled,Driver,5.4
B03045,C0212,D0097,2026-02-27 09:03:00,Madhapur,Ameerpet,Hyderabad,Auto,Cash,18.92,45.7,230.28,1.54,Medium,Cloudy,Incomplete,Unknown,0.0
B03046,C0090,D0130,2026-03-08 02:27:00,Kharadi,Kothrud,Pune,Auto,UPI,7.92,20.6,131.28,1.13,Medium,Clear,Completed,Unknown,0.0
B03047,C0145,D0139,2026-02-15 06:53:00,Rohini,Noida Sector 18,Delhi,Bike,Wallet,12.48,46.8,114.88,1.32,High,Clear,Cancelled,Driver,3.1
B03048,C0253,D0063,2026-01-11 10:36:00,Kharadi,Wakad,Pune,Auto,Cash,8.59,25.0,137.31,1.06,Medium,Clear,Incomplete,Unknown,0.0
B03049,C0281,D0088,2026-03-14 20:31:00,Kharadi,Kothrud,Pune,Cab,Wallet,1.31,3.4,108.34,1.13,Medium,Clear,Completed,Unknown,1.1
B03050,C0007,D0079,2026-01-16 13:08:00,Gachibowli,Madhapur,Hyderabad,Cab,Cash,25.05,52.8,440.7,1.01,Medium,Clear,Incomplete,Unknown,2.5
B03051,C0040,D0023,2026-01-21 01:40:00,Viman Nagar,Wakad,Pune,Bike,UPI,10.93,31.5,105.58,1.32,High,Clear,Cancelled,Customer,7.7
B03052,C0197,D0119,2026-03-22 09:21:00,Malad,Powai,Mumbai,Bike,UPI,5.32,14.5,71.92,1.44,Medium,Clear,Completed,Unknown,4.0
B03053,C0261,D0093,2026-03-19 09:40:00,Colaba,Bandra,Mumbai,Auto,Cash,2.36,9.6,81.24,1.7,High,Clear,Completed,Unknown,5.7
B03054,C0234,D0026,2026-01-17 02:31:00,Ameerpet,Gachibowli,Hyderabad,Cab,Wallet,5.46,9.9,166.44,1.1,Low,Clear,Completed,Unknown,1.5
B03055,C0064,D0102,2026-02-11 06:24:00,Secunderabad,Kukatpally,Hyderabad,Auto,Card,6.31,19.1,116.79,1.13,Medium,Clear,Completed,Unknown,0.0
B03056,C0234,D0128,2026-01-28 23:59:00,Baner,Viman Nagar,Pune,Auto,Wallet,3.87,10.9,94.83,1.03,Medium,Cloudy,Completed,Unknown,0.0
B03057,C0360,D0109,2026-03-09 07:41:00,Connaught Place,Hauz Khas,Delhi,Cab,Cash,20.29,49.2,374.06,1.47,Medium,Cloudy,Completed,Unknown,1.3
B03058,C0062,D0023,2026-01-07 10:56:00,Hinjewadi,Kharadi,Pune,Auto,UPI,1.06,1.8,69.54,1.12,Low,Clear,Completed,Unknown,3.0
B03059,C0184,D0058,2026-02-21 13:18:00,Kothrud,Hinjewadi,Pune,Cab,UPI,8.58,19.3,210.12,1.01,Medium,Clear,Completed,Unknown,13.0
B03060,C0347,D0137,2026-01-15 14:34:00,Hauz Khas,Lajpat Nagar,Delhi,Cab,Cash,18.72,38.4,352.08,1.05,Low,Clear,Completed,Unknown,5.9
B03061,C0308,D0060,2026-02-14 02:24:00,Kukatpally,Banjara Hills,Hyderabad,Auto,Cash,9.61,21.7,146.49,1.02,Medium,Clear,Cancelled,Customer,0.0
B03062,C0053,D0064,2026-03-27 19:04:00,Lajpat Nagar,Hauz Khas,Delhi,Cab,UPI,2.68,9.5,127.52,1.8,High,Clear,Cancelled,Customer,3.3
B03063,C0060,D0093,2026-03-10 11:18:00,Hinjewadi,Wakad,Pune,Bike,Cash,2.85,7.5,57.1,1.02,Medium,Clear,Completed,Unknown,7.6
B03064,C0286,D0120,2026-02-13 07:20:00,Banjara Hills,Secunderabad,Hyderabad,Bike,Card,2.29,7.4,53.74,1.78,High,Clear,Completed,Unknown,6.9
B03065,C0067,D0056,2026-03-05 20:45:00,Pitampura,Rohini,Delhi,Bike,Card,13.27,36.2,119.62,1.15,Medium,Clear,Completed,Unknown,10.0
B03066,C0259,D0132,2026-01-20 11:51:00,Jayanagar,HSR Layout,Bengaluru,Auto,UPI,8.8,20.4,139.2,1.29,Medium,Rain,Completed,Unknown,1.6
B03067,C0329,D0049,2026-03-26 11:09:00,Bandra,Dadar,Mumbai,Auto,UPI,1.16,2.5,70.44,1.11,Medium,Clear,Completed,Unknown,8.0
B03068,C0331,D0069,2026-01-01 06:49:00,Kothrud,Baner,Pune,Cab,UPI,4.27,10.1,149.78,1.13,Low,Clear,Completed,Unknown,4.5
B03069,C0133,D0134,2026-01-16 08:20:00,Kukatpally,Banjara Hills,Hyderabad,Auto,UPI,15.29,32.9,197.61,1.48,Low,Clear,Completed,Unknown,1.0
B03070,C0158,D0131,2026-01-25 02:52:00,Whitefield,Marathahalli,Bengaluru,Cab,UPI,3.67,8.0,141.38,1.13,Low,Clear,Completed,Unknown,0.0
B03071,C0179,D0079,2026-03-23 15:28:00,Banjara Hills,Gachibowli,Hyderabad,Bike,UPI,8.76,26.9,92.56,1.12,Medium,Cloudy,Completed,Unknown,1.4
B03072,C0102,D0107,2026-01-22 17:49:00,Ameerpet,Gachibowli,Hyderabad,Auto,UPI,3.89,14.6,95.01,1.92,High,Rain,Cancelled,Customer,7.3
B03073,C0371,D0137,2026-02-23 21:06:00,Chembur,Powai,Mumbai,Bike,UPI,9.69,27.8,98.14,1.08,Medium,Clear,Completed,Unknown,7.3
B03074,C0033,D0129,2026-01-21 11:30:00,Madhapur,Gachibowli,Hyderabad,Bike,UPI,3.83,6.7,62.98,1.05,Low,Clear,Completed,Unknown,1.9
B03075,C0301,D0071,2026-01-10 11:37:00,Hinjewadi,Viman Nagar,Pune,Bike,UPI,14.56,33.7,127.36,1.1,Low,Clear,Completed,Unknown,0.0
B03076,C0101,D0046,2026-03-25 18:20:00,Janakpuri,Karol Bagh,Delhi,Auto,UPI,7.93,26.7,131.37,1.71,High,Cloudy,Completed,Unknown,3.1
B03077,C0040,D0005,2026-03-19 16:24:00,Banjara Hills,Kukatpally,Hyderabad,Bike,Card,16.22,34.3,137.32,1.0,Low,Clear,Completed,Unknown,3.6
B03078,C0196,D0041,2026-01-31 07:30:00,Banjara Hills,Kukatpally,Hyderabad,Cab,Card,16.42,42.8,319.88,1.55,Medium,Cloudy,Completed,Unknown,1.7
B03079,C0088,D0126,2026-01-08 00:08:00,Koramangala,HSR Layout,Bengaluru,Bike,UPI,18.21,40.9,149.26,1.12,Medium,Clear,Cancelled,Driver,9.7
B03080,C0017,D0028,2026-01-30 23:08:00,Hauz Khas,Saket,Delhi,Auto,UPI,9.22,26.1,142.98,1.04,Medium,Clear,Completed,Unknown,3.2
B03081,C0079,D0113,2026-01-14 15:48:00,Hauz Khas,Rohini,Delhi,Bike,Card,7.29,12.2,83.74,1.06,Low,Clear,Completed,Unknown,0.0
B03082,C0398,D0014,2026-01-04 13:09:00,Kharadi,Hinjewadi,Pune,Bike,UPI,1.09,2.5,46.54,1.13,Low,Clear,Cancelled,Customer,0.0
B03083,C0068,D0062,2026-03-21 07:40:00,Jayanagar,MG Road,Bengaluru,Bike,Cash,1.88,3.1,51.28,1.48,Low,Cloudy,Completed,Unknown,4.4
B03084,C0169,D0120,2026-03-20 18:59:00,Kothrud,Wakad,Pune,Bike,UPI,6.03,18.4,76.18,2.05,High,Rain,Completed,Unknown,8.0
B03085,C0373,D0079,2026-03-18 10:37:00,Electronic City,Marathahalli,Bengaluru,Auto,UPI,1.49,2.9,73.41,1.14,Low,Clear,Completed,Unknown,0.9
B03086,C0129,D0132,2026-03-31 23:52:00,Banjara Hills,Ameerpet,Hyderabad,Cab,Wallet,1.49,2.6,110.86,1.12,Low,Cloudy,Completed,Unknown,3.9
B03087,C0102,D0121,2026-01-02 23:03:00,Kothrud,Baner,Pune,Auto,Card,6.31,17.2,116.79,1.14,Medium,Cloudy,Completed,Unknown,4.0
B03088,C0160,D0102,2026-02-18 00:06:00,Secunderabad,Gachibowli,Hyderabad,Bike,Card,1.28,2.6,47.68,1.08,Low,Cloudy,Completed,Unknown,6.8
B03089,C0372,D0074,2026-02-27 20:56:00,Kothrud,Wakad,Pune,Auto,UPI,4.31,8.1,98.79,1.06,Low,Clear,Completed,Unknown,3.4
B03090,C0093,D0069,2026-03-07 19:19:00,Wakad,Hinjewadi,Pune,Bike,Cash,4.12,8.3,64.72,1.55,Low,Clear,Completed,Unknown,2.4
B03091,C0090,D0074,2026-01-19 06:16:00,Baner,Wakad,Pune,Bike,UPI,21.72,55.7,170.32,1.08,Medium,Cloudy,Completed,Unknown,3.9
B03092,C0144,D0013,2026-03-15 05:23:00,Viman Nagar,Kharadi,Pune,Auto,UPI,10.38,24.3,153.42,1.11,Low,Clear,Completed,Unknown,6.9
B03093,C0005,D0079,2026-02-18 11:22:00,Kothrud,Kharadi,Pune,Auto,UPI,7.35,13.6,126.15,1.05,Low,Cloudy,Completed,Unknown,0.7
B03094,C0193,D0113,2026-02-20 07:11:00,Saket,Dwarka,Delhi,Cab,Card,11.0,37.0,244.0,1.82,High,Clear,Completed,Unknown,1.5
B03095,C0145,D0003,2026-01-19 14:45:00,Bandra,Malad,Mumbai,Bike,Cash,2.73,4.4,56.38,1.07,Low,Clear,Completed,Unknown,4.8
B03096,C0026,D0051,2026-03-19 22:30:00,Malad,Powai,Mumbai,Auto,Cash,2.04,3.5,78.36,1.14,Low,Clear,Cancelled,Customer,2.9
B03097,C0170,D0051,2026-03-16 16:47:00,Viman Nagar,Kharadi,Pune,Auto,Card,2.99,8.6,86.91,1.0,Medium,Clear,Completed,Unknown,7.7
B03098,C0100,D0068,2026-03-14 02:48:00,Hinjewadi,Wakad,Pune,Cab,UPI,17.54,53.9,335.56,1.08,Medium,Clear,Completed,Unknown,5.3
B03099,C0379,D0148,2026-02-10 16:30:00,HSR Layout,Indiranagar,Bengaluru,Cab,UPI,5.89,11.4,172.46,1.1,Low,Clear,Completed,Unknown,3.2
B03100,C0228,D0005,2026-02-13 21:40:00,Janakpuri,Karol Bagh,Delhi,Cab,Cash,5.84,11.0,171.76,1.03,Low,Cloudy,Completed,Unknown,3.3
B03101,C0214,D0099,2026-02-25 04:02:00,Connaught Place,Saket,Delhi,Cab,Cash,3.19,6.3,134.66,1.13,Low,Cloudy,Cancelled,Customer,7.2
B03102,C0233,D0073,2026-01-28 10:13:00,Electronic City,Jayanagar,Bengaluru,Auto,Cash,2.65,9.4,83.85,1.64,High,Rain,Completed,Unknown,0.9
B03103,C0009,D0075,2026-01-09 04:50:00,Gachibowli,Ameerpet,Hyderabad,Auto,UPI,2.68,4.5,84.12,1.03,Low,Clear,Completed,Unknown,1.2
B03104,C0024,D0039,2026-03-31 05:25:00,Dadar,Chembur,Mumbai,Cab,Card,14.64,34.3,294.96,1.03,Low,Clear,Cancelled,Customer,7.7
B03105,C0040,D0087,2026-02-14 23:21:00,Bandra,Borivali,Mumbai,Cab,Wallet,15.36,30.9,305.04,1.14,Low,Clear,Completed,Unknown,0.5
B03106,C0105,D0066,2026-01-07 17:12:00,Dadar,Andheri,Mumbai,Bike,Card,6.94,22.8,81.64,1.96,High,Rain,Completed,Unknown,11.7
B03107,C0060,D0019,2026-03-06 15:39:00,Ameerpet,Gachibowli,Hyderabad,Bike,Cash,1.58,5.0,49.48,1.6,High,Rain,Cancelled,Customer,1.2
B03108,C0157,D0125,2026-01-03 08:33:00,Dadar,Colaba,Mumbai,Auto,Card,3.84,9.8,94.56,1.61,Medium,Rain,Completed,Unknown,0.0
B03109,C0157,D0103,2026-02-15 11:04:00,HSR Layout,Indiranagar,Bengaluru,Auto,UPI,5.22,10.4,106.98,1.11,Low,Smog,Completed,Unknown,4.2
B03110,C0109,D0034,2026-03-19 18:38:00,Colaba,Chembur,Mumbai,Bike,Card,3.12,11.1,58.72,1.78,High,Clear,Completed,Unknown,6.9
B03111,C0359,D0105,2026-03-24 23:49:00,Janakpuri,Karol Bagh,Delhi,Bike,Wallet,3.98,7.5,63.88,1.03,Low,Cloudy,Completed,Unknown,1.1
B03112,C0147,D0120,2026-01-15 02:00:00,Borivali,Dadar,Mumbai,Bike,UPI,6.85,15.0,81.1,1.1,Medium,Clear,Completed,Unknown,4.2
B03113,C0044,D0056,2026-03-23 20:12:00,Borivali,Malad,Mumbai,Cab,Card,28.7,46.5,491.8,1.12,Low,Clear,Completed,Unknown,8.8
B03114,C0062,D0058,2026-02-16 14:05:00,Whitefield,MG Road,Bengaluru,Auto,Wallet,3.17,10.1,88.53,1.34,High,Clear,Completed,Unknown,13.9
B03115,C0058,D0143,2026-02-17 17:50:00,Whitefield,Jayanagar,Bengaluru,Cab,UPI,3.38,10.5,137.32,1.49,Medium,Cloudy,Completed,Unknown,3.5
B03116,C0390,D0120,2026-02-17 06:58:00,Secunderabad,Kukatpally,Hyderabad,Auto,Cash,7.66,18.2,128.94,1.14,Medium,Clear,Completed,Unknown,0.1
B03117,C0303,D0128,2026-02-12 10:27:00,Kukatpally,Banjara Hills,Hyderabad,Auto,Card,1.39,3.5,72.51,1.34,Medium,Rain,Completed,Unknown,7.2
B03118,C0109,D0139,2026-03-29 14:35:00,Indiranagar,MG Road,Bengaluru,Auto,Card,6.98,12.0,122.82,1.07,Low,Clear,Completed,Unknown,0.8
B03119,C0390,D0091,2026-01-28 17:15:00,Banjara Hills,Ameerpet,Hyderabad,Bike,UPI,12.67,35.5,116.02,1.83,High,Clear,Cancelled,Customer,6.0
B03120,C0254,D0068,2026-02-20 02:41:00,Banjara Hills,Secunderabad,Hyderabad,Cab,Wallet,4.68,10.0,155.52,1.02,Low,Clear,Completed,Unknown,3.8
B03121,C0066,D0018,2026-02-22 10:39:00,Jayanagar,HSR Layout,Bengaluru,Auto,Wallet,6.58,15.4,119.22,1.09,Low,Clear,Completed,Unknown,0.8
B03122,C0242,D0083,2026-02-01 03:15:00,HSR Layout,Koramangala,Bengaluru,Auto,Card,13.88,25.1,184.92,1.31,Low,Rain,Completed,Unknown,5.4
B03123,C0357,D0004,2026-03-17 01:50:00,Electronic City,Marathahalli,Bengaluru,Cab,Wallet,14.49,32.5,292.86,1.1,Medium,Smog,Cancelled,Customer,10.0
B03124,C0356,D0147,2026-02-12 06:40:00,Banjara Hills,Ameerpet,Hyderabad,Bike,Cash,12.04,35.1,112.24,1.44,High,Cloudy,Completed,Unknown,9.7
B03125,C0066,D0108,2026-01-02 15:41:00,Viman Nagar,Kharadi,Pune,Bike,UPI,14.66,38.5,127.96,1.11,Medium,Clear,Completed,Unknown,6.4
B03126,C0346,D0078,2026-03-08 09:23:00,Hinjewadi,Baner,Pune,Auto,Card,6.81,20.2,121.29,1.47,Medium,Cloudy,Completed,Unknown,4.5
B03127,C0026,D0053,2026-02-07 13:58:00,Electronic City,Indiranagar,Bengaluru,Bike,Wallet,4.31,8.7,65.86,1.03,Low,Clear,Completed,Unknown,4.5
B03128,C0255,D0097,2026-01-14 19:14:00,Baner,Hinjewadi,Pune,Cab,Card,4.21,15.1,148.94,1.84,High,Clear,Completed,Unknown,5.1
B03129,C0158,D0124,2026-01-27 12:27:00,Jayanagar,Electronic City,Bengaluru,Bike,UPI,3.05,12.3,58.3,1.35,High,Clear,Incomplete,Unknown,4.5
B03130,C0071,D0146,2026-01-26 06:13:00,Janakpuri,Noida Sector 18,Delhi,Cab,Cash,5.54,16.8,167.56,1.06,Medium,Clear,Completed,Unknown,1.8
B03131,C0013,D0051,2026-01-05 12:38:00,Indiranagar,Electronic City,Bengaluru,Auto,Card,1.02,2.6,69.18,1.1,Medium,Clear,Incomplete,Unknown,5.5
B03132,C0024,D0113,2026-02-11 23:07:00,Koramangala,Electronic City,Bengaluru,Auto,UPI,5.38,11.5,108.42,1.01,Low,Clear,Cancelled,Customer,2.7
B03133,C0206,D0096,2026-01-04 07:15:00,Electronic City,Whitefield,Bengaluru,Auto,Cash,2.6,6.1,83.4,1.52,Medium,Smog,Completed,Unknown,1.7
B03134,C0037,D0026,2026-03-14 08:52:00,Malad,Powai,Mumbai,Bike,UPI,1.7,6.6,50.2,1.72,High,Clear,Cancelled,Driver,6.0
B03135,C0376,D0126,2026-01-02 07:40:00,Kukatpally,Secunderabad,Hyderabad,Auto,Card,4.5,9.6,100.5,1.45,Medium,Clear,Completed,Unknown,2.3
B03136,C0228,D0006,2026-02-18 17:54:00,Wakad,Baner,Pune,Auto,Card,4.33,9.9,98.97,1.54,Medium,Clear,Completed,Unknown,4.7
B03137,C0392,D0044,2026-03-07 20:37:00,Marathahalli,Indiranagar,Bengaluru,Bike,Wallet,4.52,13.7,67.12,1.12,Medium,Clear,Completed,Unknown,6.8
B03138,C0246,D0027,2026-01-30 15:37:00,Hauz Khas,Noida Sector 18,Delhi,Auto,Card,4.37,8.5,99.33,1.02,Low,Clear,Cancelled,Customer,0.8
B03139,C0040,D0034,2026-01-03 02:13:00,Viman Nagar,Hinjewadi,Pune,Auto,UPI,1.65,2.9,74.85,1.07,Low,Cloudy,Completed,Unknown,4.0
B03140,C0110,D0044,2026-02-12 05:37:00,Saket,Pitampura,Delhi,Auto,Wallet,9.25,33.4,143.25,1.64,High,Rain,Incomplete,Unknown,7.4
B03141,C0081,D0039,2026-01-04 15:26:00,Kharadi,Wakad,Pune,Bike,UPI,5.23,14.2,71.38,1.14,Medium,Cloudy,Cancelled,Driver,9.0
B03142,C0004,D0123,2026-02-08 21:20:00,Electronic City,Marathahalli,Bengaluru,Bike,UPI,5.64,12.9,73.84,1.3,Medium,Rain,Incomplete,Unknown,2.3
B03143,C0098,D0074,2026-03-27 06:30:00,Kukatpally,Secunderabad,Hyderabad,Cab,Cash,2.29,7.6,122.06,1.37,High,Clear,Cancelled,Customer,12.5
B03144,C0353,D0004,2026-03-18 20:38:00,Janakpuri,Dwarka,Delhi,Auto,UPI,2.71,6.2,84.39,1.06,Medium,Clear,Incomplete,Unknown,14.8
B03145,C0027,D0044,2026-02-15 19:31:00,Lajpat Nagar,Hauz Khas,Delhi,Auto,UPI,1.85,3.5,76.65,1.41,Low,Clear,Completed,Unknown,10.9
B03146,C0002,D0050,2026-01-31 10:39:00,Saket,Karol Bagh,Delhi,Bike,UPI,2.59,6.7,55.54,1.1,Medium,Cloudy,Completed,Unknown,1.2
B03147,C0157,D0105,2026-02-25 21:58:00,Baner,Kothrud,Pune,Cab,UPI,10.12,21.9,231.68,1.22,Medium,Rain,Completed,Unknown,0.0
B03148,C0297,D0076,2026-02-09 16:41:00,Marathahalli,Indiranagar,Bengaluru,Auto,Wallet,2.43,4.2,81.87,1.1,Low,Clear,Completed,Unknown,1.8
B03149,C0016,D0105,2026-02-03 00:46:00,Borivali,Powai,Mumbai,Auto,Wallet,13.31,26.1,179.79,1.05,Low,Clear,Completed,Unknown,2.5
B03150,C0388,D0079,2026-02-21 02:47:00,Marathahalli,Indiranagar,Bengaluru,Auto,Card,5.87,10.3,112.83,1.14,Low,Clear,Completed,Unknown,2.6
B03151,C0123,D0075,2026-01-27 13:22:00,Gachibowli,Kukatpally,Hyderabad,Bike,Cash,2.47,5.5,54.82,1.21,Low,Rain,Cancelled,Customer,9.4
B03152,C0331,D0139,2026-03-20 23:57:00,Dwarka,Pitampura,Delhi,Cab,Cash,2.26,4.0,121.64,1.08,Low,Cloudy,Completed,Unknown,5.5
B03153,C0234,D0063,2026-03-27 01:14:00,Secunderabad,Kukatpally,Hyderabad,Auto,UPI,43.99,72.6,455.91,1.1,Low,Clear,Incomplete,Unknown,1.8
B03154,C0026,D0015,2026-03-27 17:10:00,Madhapur,Gachibowli,Hyderabad,Bike,Card,12.56,38.5,115.36,1.77,High,Cloudy,Completed,Unknown,2.8
B03155,C0043,D0134,2026-01-23 06:34:00,Kukatpally,Gachibowli,Hyderabad,Bike,Card,1.45,3.4,48.7,1.02,Low,Cloudy,Completed,Unknown,6.1
B03156,C0136,D0124,2026-02-11 03:14:00,Baner,Kharadi,Pune,Auto,UPI,3.86,6.3,94.74,1.09,Low,Clear,Cancelled,Customer,0.0
B03157,C0103,D0056,2026-03-19 18:50:00,Noida Sector 18,Hauz Khas,Delhi,Cab,UPI,1.88,3.9,116.32,1.41,Medium,Cloudy,Incomplete,Unknown,10.9
B03158,C0048,D0101,2026-03-27 05:10:00,Lajpat Nagar,Noida Sector 18,Delhi,Cab,Cash,13.15,38.7,274.1,1.05,Medium,Cloudy,Completed,Unknown,3.7
B03159,C0367,D0063,2026-02-01 15:28:00,Viman Nagar,Hinjewadi,Pune,Cab,Card,4.85,13.1,157.9,1.12,Medium,Clear,Completed,Unknown,3.8
B03160,C0158,D0034,2026-03-03 22:42:00,Ameerpet,Madhapur,Hyderabad,Cab,Card,4.39,11.6,151.46,1.15,Medium,Cloudy,Completed,Unknown,5.0
B03161,C0059,D0015,2026-01-13 15:35:00,Kharadi,Hinjewadi,Pune,Auto,Cash,2.1,6.3,78.9,1.06,Medium,Cloudy,Completed,Unknown,6.1
B03162,C0195,D0093,2026-01-22 11:20:00,Kothrud,Viman Nagar,Pune,Auto,Cash,6.43,20.9,117.87,1.33,High,Cloudy,Cancelled,Customer,6.2
B03163,C0106,D0022,2026-01-13 04:59:00,Viman Nagar,Hinjewadi,Pune,Bike,Cash,2.1,5.7,52.6,1.14,Medium,Clear,Cancelled,Customer,6.7
B03164,C0238,D0098,2026-03-02 04:46:00,Kothrud,Hinjewadi,Pune,Cab,UPI,5.67,16.9,169.38,1.14,Medium,Clear,Completed,Unknown,4.1
B03165,C0036,D0053,2026-02-19 17:07:00,Kukatpally,Madhapur,Hyderabad,Auto,UPI,5.8,9.8,112.2,1.48,Low,Clear,Completed,Unknown,5.3
B03166,C0173,D0068,2026-02-23 07:57:00,HSR Layout,Whitefield,Bengaluru,Auto,Wallet,3.73,8.6,93.57,1.4,Low,Clear,Completed,Unknown,0.6
B03167,C0060,D0150,2026-02-27 03:55:00,Saket,Janakpuri,Delhi,Bike,Cash,1.43,3.6,48.58,1.14,Medium,Cloudy,Completed,Unknown,0.4
B03168,C0240,D0128,2026-03-09 12:50:00,Powai,Bandra,Mumbai,Cab,Wallet,12.4,29.2,263.6,1.13,Low,Smog,Completed,Unknown,0.8
B03169,C0063,D0007,2026-02-26 10:17:00,Bandra,Andheri,Mumbai,Auto,Cash,10.66,20.4,155.94,1.11,Low,Cloudy,Cancelled,Customer,2.1
B03170,C0139,D0074,2026-03-09 14:14:00,Whitefield,MG Road,Bengaluru,Cab,Cash,3.29,6.4,136.06,1.07,Low,Cloudy,Completed,Unknown,0.0
B03171,C0190,D0090,2026-01-06 03:40:00,Malad,Chembur,Mumbai,Auto,Card,21.79,60.0,256.11,1.07,Medium,Clear,Completed,Unknown,3.9
B03172,C0131,D0103,2026-03-26 06:56:00,Borivali,Powai,Mumbai,Bike,UPI,8.63,20.2,91.78,1.07,Low,Smog,Completed,Unknown,7.0
B03173,C0212,D0034,2026-01-17 19:16:00,Hauz Khas,Dwarka,Delhi,Auto,Cash,15.39,47.2,198.51,1.75,High,Clear,Completed,Unknown,10.1
B03174,C0307,D0102,2026-02-05 11:45:00,Secunderabad,Kukatpally,Hyderabad,Cab,Cash,4.01,13.4,146.14,1.42,High,Clear,Completed,Unknown,1.5
B03175,C0400,D0005,2026-02-11 10:24:00,HSR Layout,Koramangala,Bengaluru,Auto,Card,13.61,37.8,182.49,1.62,High,Rain,Completed,Unknown,6.6
B03176,C0088,D0126,2026-01-16 20:06:00,Kukatpally,Secunderabad,Hyderabad,Bike,UPI,25.26,54.2,191.56,1.03,Low,Cloudy,Completed,Unknown,14.0
B03177,C0306,D0056,2026-01-31 07:37:00,Malad,Powai,Mumbai,Auto,UPI,3.79,7.8,94.11,1.73,Low,Rain,Completed,Unknown,1.4
B03178,C0120,D0111,2026-01-15 07:56:00,Koramangala,Indiranagar,Bengaluru,Bike,Cash,7.72,25.2,86.32,1.76,High,Cloudy,Completed,Unknown,7.5
B03179,C0152,D0041,2026-03-23 01:58:00,Banjara Hills,Ameerpet,Hyderabad,Auto,Cash,6.26,11.1,116.34,1.07,Low,Clear,Cancelled,Driver,0.0
B03180,C0329,D0026,2026-02-10 00:55:00,Kothrud,Baner,Pune,Cab,UPI,16.77,37.5,324.78,1.05,Medium,Cloudy,Cancelled,Driver,2.1
B03181,C0283,D0140,2026-01-24 03:09:00,Malad,Powai,Mumbai,Cab,UPI,11.76,24.5,254.64,1.04,Medium,Clear,Cancelled,Customer,6.6
B03182,C0043,D0004,2026-01-09 11:52:00,Koramangala,Electronic City,Bengaluru,Auto,UPI,24.0,58.7,276.0,1.02,Medium,Cloudy,Cancelled,Customer,12.6
B03183,C0279,D0139,2026-02-05 06:30:00,Marathahalli,HSR Layout,Bengaluru,Auto,Cash,4.21,10.3,97.89,1.33,Medium,Rain,Completed,Unknown,0.0
B03184,C0259,D0009,2026-02-11 03:25:00,Saket,Dwarka,Delhi,Cab,UPI,23.23,58.5,415.22,1.05,Medium,Clear,Completed,Unknown,0.0
B03185,C0054,D0122,2026-03-26 21:09:00,Bandra,Andheri,Mumbai,Auto,UPI,1.42,3.5,72.78,1.1,Medium,Clear,Completed,Unknown,0.0
B03186,C0381,D0094,2026-03-07 20:20:00,Bandra,Dadar,Mumbai,Cab,UPI,4.12,7.8,147.68,1.05,Low,Clear,Completed,Unknown,9.7
B03187,C0335,D0004,2026-03-03 16:07:00,Viman Nagar,Wakad,Pune,Cab,UPI,2.24,6.1,121.36,1.34,Medium,Rain,Completed,Unknown,14.1
B03188,C0211,D0036,2026-03-14 00:22:00,Noida Sector 18,Karol Bagh,Delhi,Bike,UPI,8.23,17.4,89.38,1.02,Low,Cloudy,Completed,Unknown,0.0
B03189,C0195,D0069,2026-02-18 07:43:00,Indiranagar,Whitefield,Bengaluru,Bike,UPI,6.17,23.4,77.02,1.85,High,Clear,Completed,Unknown,6.4
B03190,C0195,D0062,2026-01-28 19:45:00,Viman Nagar,Kothrud,Pune,Cab,UPI,10.89,33.1,242.46,1.7,High,Cloudy,Completed,Unknown,5.5
B03191,C0235,D0128,2026-02-25 16:52:00,Noida Sector 18,Saket,Delhi,Bike,Cash,23.79,49.9,182.74,1.0,Medium,Clear,Completed,Unknown,1.5
B03192,C0273,D0013,2026-01-04 09:49:00,Kothrud,Baner,Pune,Auto,UPI,7.29,20.2,125.61,1.49,Medium,Clear,Cancelled,Customer,5.6
B03193,C0010,D0005,2026-03-15 13:07:00,Hauz Khas,Pitampura,Delhi,Cab,UPI,2.21,4.0,120.94,1.1,Low,Clear,Incomplete,Unknown,10.1
B03194,C0103,D0015,2026-01-29 01:50:00,Rohini,Saket,Delhi,Auto,UPI,1.12,2.4,70.08,1.05,Medium,Clear,Incomplete,Unknown,0.0
B03195,C0107,D0050,2026-02-01 15:08:00,Connaught Place,Dwarka,Delhi,Auto,Cash,12.89,38.0,176.01,1.12,Medium,Clear,Cancelled,Customer,0.0
B03196,C0258,D0137,2026-02-06 01:41:00,Ameerpet,Banjara Hills,Hyderabad,Auto,Card,2.93,8.0,86.37,1.1,Medium,Cloudy,Completed,Unknown,2.2
B03197,C0293,D0120,2026-01-09 19:41:00,Kothrud,Kharadi,Pune,Bike,Cash,6.97,21.5,81.82,1.45,Medium,Cloudy,Completed,Unknown,7.3
B03198,C0146,D0026,2026-01-13 21:20:00,Kharadi,Kothrud,Pune,Bike,UPI,12.06,43.6,112.36,1.32,High,Clear,Completed,Unknown,9.0
B03199,C0157,D0041,2026-02-19 09:05:00,Indiranagar,Electronic City,Bengaluru,Auto,UPI,2.85,8.4,85.65,1.42,Medium,Cloudy,Completed,Unknown,0.0
B03200,C0297,D0083,2026-02-07 21:55:00,Viman Nagar,Kothrud,Pune,Auto,UPI,1.25,3.4,71.25,1.08,Medium,Clear,Cancelled,Driver,2.3
B03201,C0046,D0002,2026-02-06 12:24:00,Borivali,Dadar,Mumbai,Auto,UPI,4.19,8.8,97.71,1.31,Medium,Rain,Cancelled,Customer,6.5
B03202,C0131,D0143,2026-02-07 06:11:00,Noida Sector 18,Janakpuri,Delhi,Auto,Card,7.82,17.8,130.38,1.1,Medium,Clear,Completed,Unknown,4.7
B03203,C0276,D0040,2026-01-01 17:25:00,Kharadi,Kothrud,Pune,Auto,Card,12.05,44.9,168.45,1.85,High,Cloudy,Completed,Unknown,1.7
B03204,C0264,D0148,2026-01-12 03:43:00,Marathahalli,HSR Layout,Bengaluru,Auto,Card,8.04,17.7,132.36,1.14,Low,Cloudy,Incomplete,Unknown,1.1
B03205,C0276,D0139,2026-02-01 16:46:00,Borivali,Powai,Mumbai,Auto,Cash,2.91,6.2,86.19,1.06,Low,Cloudy,Cancelled,Customer,1.6
B03206,C0372,D0063,2026-02-12 10:05:00,Saket,Janakpuri,Delhi,Bike,Cash,3.56,9.9,61.36,1.35,High,Clear,Completed,Unknown,1.7
B03207,C0054,D0004,2026-01-28 05:31:00,Borivali,Andheri,Mumbai,Auto,Card,7.9,29.6,131.1,1.39,High,Clear,Completed,Unknown,11.0
B03208,C0328,D0073,2026-01-19 04:38:00,Wakad,Baner,Pune,Auto,UPI,11.32,29.5,161.88,1.11,Medium,Clear,Completed,Unknown,5.4
B03209,C0138,D0027,2026-01-20 03:28:00,Gachibowli,Madhapur,Hyderabad,Auto,Wallet,21.18,58.8,250.62,1.04,Medium,Cloudy,Completed,Unknown,0.1
B03210,C0093,D0040,2026-01-20 03:29:00,Powai,Bandra,Mumbai,Bike,UPI,1.57,5.8,49.42,1.41,High,Clear,Completed,Unknown,3.0
B03211,C0042,D0068,2026-01-25 11:56:00,Gachibowli,Ameerpet,Hyderabad,Auto,Cash,11.97,48.2,167.73,1.36,High,Cloudy,Completed,Unknown,8.7
B03212,C0082,D0132,2026-01-26 21:36:00,Marathahalli,Whitefield,Bengaluru,Auto,UPI,6.26,10.4,116.34,1.08,Low,Clear,Completed,Unknown,1.3
B03213,C0008,D0091,2026-03-11 01:57:00,Saket,Dwarka,Delhi,Bike,UPI,27.09,74.2,202.54,1.58,High,Rain,Completed,Unknown,6.3
B03214,C0317,D0022,2026-01-22 23:10:00,Borivali,Dadar,Mumbai,Cab,Cash,1.49,3.4,110.86,1.25,Low,Rain,Completed,Unknown,5.5
B03215,C0140,D0066,2026-01-25 17:18:00,Indiranagar,Electronic City,Bengaluru,Auto,Card,6.66,20.3,119.94,1.73,High,Clear,Completed,Unknown,1.7
B03216,C0320,D0114,2026-03-12 17:53:00,Hinjewadi,Baner,Pune,Bike,UPI,9.31,35.6,95.86,1.78,High,Clear,Completed,Unknown,3.1
B03217,C0174,D0109,2026-01-21 08:55:00,Malad,Colaba,Mumbai,Auto,Card,22.84,67.6,265.56,1.53,Medium,Cloudy,Completed,Unknown,6.5
B03218,C0097,D0039,2026-02-14 21:10:00,Viman Nagar,Kharadi,Pune,Cab,Wallet,2.95,6.4,131.3,1.1,Low,Clear,Incomplete,Unknown,3.9
B03219,C0384,D0021,2026-02-13 09:43:00,Lajpat Nagar,Rohini,Delhi,Cab,UPI,8.83,17.5,213.62,1.48,Low,Clear,Completed,Unknown,1.2
B03220,C0283,D0090,2026-01-23 05:39:00,Indiranagar,Electronic City,Bengaluru,Bike,Cash,16.93,48.2,141.58,1.02,Medium,Cloudy,Cancelled,Customer,0.0
B03221,C0087,D0004,2026-03-19 22:19:00,Hinjewadi,Wakad,Pune,Bike,Card,1.82,3.6,50.92,1.24,Low,Rain,Completed,Unknown,11.0
B03222,C0227,D0033,2026-03-06 21:12:00,MG Road,Electronic City,Bengaluru,Bike,UPI,6.15,13.5,76.9,1.14,Low,Clear,Completed,Unknown,2.3
B03223,C0307,D0086,2026-01-18 00:52:00,Koramangala,Indiranagar,Bengaluru,Bike,Cash,14.82,24.3,128.92,1.25,Low,Rain,Completed,Unknown,1.7
B03224,C0238,D0119,2026-03-02 06:29:00,Ameerpet,Banjara Hills,Hyderabad,Bike,Wallet,3.11,9.9,58.66,1.31,High,Clear,Completed,Unknown,8.8
B03225,C0387,D0112,2026-03-17 12:54:00,Bandra,Powai,Mumbai,Auto,UPI,12.5,34.5,172.5,1.11,Medium,Clear,Cancelled,Customer,9.6
B03226,C0319,D0141,2026-02-22 08:43:00,Secunderabad,Gachibowli,Hyderabad,Cab,Card,8.0,22.8,202.0,1.72,High,Clear,Completed,Unknown,4.6
B03227,C0122,D0060,2026-03-11 23:28:00,Indiranagar,Whitefield,Bengaluru,Cab,UPI,1.69,2.8,113.66,1.11,Low,Clear,Completed,Unknown,4.2
B03228,C0249,D0107,2026-03-26 05:48:00,Andheri,Malad,Mumbai,Auto,UPI,3.47,9.8,91.23,1.25,Medium,Rain,Completed,Unknown,8.2
B03229,C0210,D0126,2026-01-18 21:03:00,Whitefield,Marathahalli,Bengaluru,Auto,UPI,4.62,9.1,101.58,1.13,Low,Cloudy,Cancelled,Customer,9.0
B03230,C0061,D0002,2026-03-09 07:29:00,Electronic City,Marathahalli,Bengaluru,Cab,Cash,3.18,9.2,134.52,1.42,Medium,Clear,Completed,Unknown,5.0
B03231,C0351,D0053,2026-03-17 00:37:00,Wakad,Baner,Pune,Bike,Card,1.07,3.1,46.42,1.1,Medium,Clear,Completed,Unknown,8.0
B03232,C0007,D0033,2026-02-23 04:32:00,Madhapur,Ameerpet,Hyderabad,Bike,UPI,1.07,3.8,46.42,1.41,High,Cloudy,Completed,Unknown,9.2
B03233,C0138,D0120,2026-02-12 09:30:00,Janakpuri,Hauz Khas,Delhi,Bike,UPI,3.53,13.3,61.18,1.8,High,Clear,Cancelled,Customer,8.5
B03234,C0013,D0125,2026-03-19 13:53:00,Dadar,Borivali,Mumbai,Cab,UPI,1.2,2.8,106.8,1.03,Medium,Cloudy,Completed,Unknown,0.7
B03235,C0129,D0113,2026-01-08 20:50:00,Secunderabad,Ameerpet,Hyderabad,Cab,UPI,3.85,7.1,143.9,1.29,Low,Rain,Completed,Unknown,0.0
B03236,C0104,D0005,2026-03-23 20:48:00,Rohini,Noida Sector 18,Delhi,Cab,UPI,2.98,6.6,131.72,1.08,Low,Clear,Completed,Unknown,5.9
B03237,C0068,D0070,2026-01-22 03:09:00,Kukatpally,Ameerpet,Hyderabad,Bike,UPI,5.37,15.4,72.22,1.22,Medium,Rain,Cancelled,Customer,4.9
B03238,C0327,D0053,2026-01-04 20:14:00,Kukatpally,Gachibowli,Hyderabad,Bike,Cash,8.4,15.8,90.4,1.0,Low,Clear,Completed,Unknown,7.2
B03239,C0087,D0102,2026-01-03 09:35:00,Whitefield,Electronic City,Bengaluru,Bike,Cash,4.02,12.2,64.12,1.4,Medium,Clear,Completed,Unknown,0.0
B03240,C0400,D0056,2026-03-27 18:38:00,Jayanagar,Whitefield,Bengaluru,Bike,UPI,2.64,5.3,55.84,1.51,Low,Clear,Completed,Unknown,4.5
B03241,C0327,D0044,2026-03-30 13:41:00,Electronic City,HSR Layout,Bengaluru,Auto,UPI,3.65,7.7,92.85,1.01,Low,Clear,Incomplete,Unknown,5.2
B03242,C0206,D0049,2026-02-07 18:49:00,Dadar,Powai,Mumbai,Bike,Cash,4.2,12.2,65.2,1.74,High,Cloudy,Completed,Unknown,7.6
B03243,C0010,D0056,2026-01-21 10:28:00,HSR Layout,Electronic City,Bengaluru,Cab,UPI,1.45,2.8,110.3,1.06,Low,Cloudy,Incomplete,Unknown,4.7
B03244,C0308,D0032,2026-03-22 10:14:00,Baner,Kharadi,Pune,Bike,Cash,1.52,6.1,49.12,1.4,High,Clear,Completed,Unknown,5.2
B03245,C0099,D0040,2026-03-23 23:26:00,Chembur,Powai,Mumbai,Auto,Wallet,1.75,3.0,75.75,1.02,Low,Clear,Completed,Unknown,3.1
B03246,C0149,D0018,2026-01-06 06:50:00,Dadar,Powai,Mumbai,Cab,UPI,5.44,12.8,166.16,1.35,Low,Rain,Incomplete,Unknown,0.3
B03247,C0238,D0033,2026-03-08 01:35:00,Kothrud,Baner,Pune,Auto,Cash,9.03,32.1,141.27,1.44,High,Clear,Completed,Unknown,3.9
B03248,C0235,D0084,2026-03-13 19:20:00,Noida Sector 18,Karol Bagh,Delhi,Bike,Cash,9.69,37.2,98.14,1.83,High,Cloudy,Completed,Unknown,3.9
B03249,C0021,D0103,2026-03-27 04:11:00,Secunderabad,Madhapur,Hyderabad,Cab,UPI,5.01,15.2,160.14,1.41,High,Clear,Completed,Unknown,11.1
B03250,C0177,D0076,2026-02-21 03:45:00,Kharadi,Viman Nagar,Pune,Cab,UPI,5.48,11.4,166.72,1.02,Low,Clear,Completed,Unknown,1.6
B03251,C0192,D0125,2026-03-16 13:33:00,Chembur,Powai,Mumbai,Cab,Cash,26.46,78.6,460.44,1.01,Medium,Cloudy,Cancelled,Customer,0.0
B03252,C0251,D0131,2026-02-20 08:12:00,Wakad,Kharadi,Pune,Cab,UPI,1.91,5.3,116.74,1.77,High,Clear,Completed,Unknown,3.8
B03253,C0004,D0031,2026-03-29 02:28:00,Noida Sector 18,Janakpuri,Delhi,Auto,Card,16.15,32.5,205.35,1.14,Low,Clear,Cancelled,Driver,4.7
B03254,C0332,D0040,2026-03-12 20:18:00,Ameerpet,Kukatpally,Hyderabad,Auto,UPI,13.21,31.3,178.89,1.02,Low,Cloudy,Cancelled,Customer,2.4
B03255,C0387,D0116,2026-02-27 03:58:00,Dadar,Malad,Mumbai,Bike,UPI,1.3,3.1,47.8,1.11,Low,Clear,Completed,Unknown,0.0
B03256,C0307,D0095,2026-02-14 17:49:00,Whitefield,HSR Layout,Bengaluru,Auto,Card,28.06,77.4,312.54,1.42,Medium,Cloudy,Cancelled,Customer,1.7
B03257,C0144,D0112,2026-01-13 06:16:00,Banjara Hills,Secunderabad,Hyderabad,Bike,UPI,3.05,7.2,58.3,1.15,Low,Cloudy,Completed,Unknown,8.5
B03258,C0171,D0040,2026-01-16 20:51:00,Indiranagar,Koramangala,Bengaluru,Bike,UPI,1.31,3.0,47.86,1.3,Medium,Rain,Completed,Unknown,0.0
B03259,C0055,D0108,2026-02-17 23:37:00,Gachibowli,Secunderabad,Hyderabad,Bike,Cash,1.24,2.7,47.44,1.02,Low,Clear,Incomplete,Unknown,7.4
B03260,C0184,D0039,2026-02-26 11:01:00,Colaba,Andheri,Mumbai,Bike,UPI,11.34,34.0,108.04,1.14,Medium,Clear,Cancelled,Driver,6.9
B03261,C0240,D0093,2026-03-16 00:53:00,Gachibowli,Madhapur,Hyderabad,Cab,Card,2.65,5.7,127.1,1.12,Medium,Clear,Incomplete,Unknown,0.2
B03262,C0045,D0023,2026-03-02 23:25:00,Marathahalli,HSR Layout,Bengaluru,Cab,Card,1.35,2.5,108.9,1.01,Low,Cloudy,Completed,Unknown,8.8
B03263,C0043,D0082,2026-03-01 17:59:00,Jayanagar,MG Road,Bengaluru,Cab,UPI,6.55,17.9,181.7,1.8,High,Cloudy,Cancelled,Customer,12.3
B03264,C0147,D0063,2026-01-16 08:11:00,Whitefield,Jayanagar,Bengaluru,Auto,UPI,10.06,26.5,150.54,1.54,Medium,Clear,Completed,Unknown,5.3
B03265,C0331,D0125,2026-01-29 14:50:00,Bandra,Borivali,Mumbai,Bike,UPI,11.44,23.1,108.64,1.1,Low,Clear,Completed,Unknown,0.6
B03266,C0050,D0071,2026-01-17 03:01:00,Electronic City,Koramangala,Bengaluru,Cab,Cash,29.5,66.4,503.0,1.0,Low,Cloudy,Cancelled,Customer,0.0
B03267,C0232,D0003,2026-01-07 21:52:00,Wakad,Kharadi,Pune,Bike,UPI,1.53,2.6,49.18,1.23,Low,Rain,Completed,Unknown,2.5
B03268,C0072,D0108,2026-02-06 22:50:00,Noida Sector 18,Connaught Place,Delhi,Cab,Card,4.03,11.7,146.42,1.11,Medium,Clear,Completed,Unknown,4.9
B03269,C0033,D0093,2026-01-12 04:37:00,Jayanagar,HSR Layout,Bengaluru,Cab,Card,16.93,51.0,327.02,1.33,High,Clear,Completed,Unknown,2.9
B03270,C0068,D0129,2026-02-09 20:43:00,Bandra,Andheri,Mumbai,Bike,Card,4.76,11.1,68.56,1.11,Medium,Cloudy,Completed,Unknown,0.0
B03271,C0036,D0093,2026-02-10 01:22:00,HSR Layout,Whitefield,Bengaluru,Auto,UPI,9.42,19.3,144.78,1.0,Low,Cloudy,Completed,Unknown,6.5
B03272,C0255,D0014,2026-01-05 22:41:00,Wakad,Hinjewadi,Pune,Bike,Card,2.47,4.4,54.82,1.06,Low,Clear,Completed,Unknown,4.6
B03273,C0220,D0119,2026-01-09 09:26:00,Electronic City,MG Road,Bengaluru,Cab,UPI,14.3,49.5,290.2,1.83,High,Clear,Completed,Unknown,15.6
B03274,C0075,D0025,2026-01-28 04:33:00,MG Road,Jayanagar,Bengaluru,Bike,UPI,1.07,3.3,46.42,1.09,Medium,Cloudy,Completed,Unknown,0.0
B03275,C0102,D0126,2026-02-28 02:04:00,Indiranagar,HSR Layout,Bengaluru,Auto,UPI,4.74,13.2,102.66,1.24,Medium,Rain,Incomplete,Unknown,10.2
B03276,C0230,D0009,2026-02-08 08:29:00,Kukatpally,Secunderabad,Hyderabad,Cab,UPI,8.22,17.2,205.08,1.44,Medium,Clear,Completed,Unknown,0.0
B03277,C0331,D0044,2026-01-28 23:41:00,Karol Bagh,Rohini,Delhi,Bike,UPI,12.18,25.9,113.08,1.34,Medium,Rain,Completed,Unknown,4.6
B03278,C0246,D0030,2026-01-10 00:57:00,Electronic City,Indiranagar,Bengaluru,Cab,Card,5.89,13.6,172.46,1.02,Low,Cloudy,Completed,Unknown,3.5
B03279,C0121,D0114,2026-03-15 04:04:00,HSR Layout,Koramangala,Bengaluru,Cab,Cash,4.03,14.0,146.42,1.44,High,Cloudy,Completed,Unknown,9.1
B03280,C0232,D0004,2026-03-25 13:23:00,Banjara Hills,Gachibowli,Hyderabad,Auto,UPI,1.46,3.9,73.14,1.11,Medium,Clear,Completed,Unknown,12.2
B03281,C0233,D0022,2026-03-14 22:25:00,Madhapur,Ameerpet,Hyderabad,Cab,UPI,12.68,24.3,267.52,1.31,Low,Rain,Cancelled,Customer,5.0
B03282,C0393,D0092,2026-01-07 01:12:00,Baner,Kothrud,Pune,Auto,Cash,27.6,58.5,308.4,1.1,Low,Cloudy,Completed,Unknown,0.0
B03283,C0369,D0006,2026-01-12 05:34:00,HSR Layout,Koramangala,Bengaluru,Cab,Cash,7.3,16.4,192.2,1.06,Low,Clear,Completed,Unknown,12.0
B03284,C0193,D0031,2026-02-21 08:26:00,Gachibowli,Ameerpet,Hyderabad,Cab,Cash,25.19,87.3,442.66,1.81,High,Clear,Cancelled,Customer,13.4
B03285,C0273,D0114,2026-02-01 20:23:00,Janakpuri,Pitampura,Delhi,Bike,Card,10.78,17.3,104.68,1.05,Low,Cloudy,Completed,Unknown,5.5
B03286,C0389,D0013,2026-02-14 05:32:00,Electronic City,Indiranagar,Bengaluru,Auto,Card,3.37,9.3,90.33,1.24,Medium,Rain,Completed,Unknown,8.9
B03287,C0102,D0095,2026-01-02 05:23:00,Hinjewadi,Viman Nagar,Pune,Bike,UPI,6.77,14.7,80.62,1.31,Medium,Rain,Completed,Unknown,5.3
B03288,C0136,D0027,2026-01-16 22:58:00,Connaught Place,Janakpuri,Delhi,Bike,Card,9.78,19.1,98.68,1.03,Low,Clear,Completed,Unknown,1.9
B03289,C0161,D0058,2026-02-15 05:04:00,Saket,Karol Bagh,Delhi,Bike,Card,16.56,31.5,139.36,1.07,Low,Clear,Completed,Unknown,10.8
B03290,C0387,D0005,2026-02-08 12:46:00,Ameerpet,Secunderabad,Hyderabad,Auto,UPI,13.08,34.1,177.72,1.0,Medium,Cloudy,Cancelled,Customer,8.1
B03291,C0213,D0031,2026-02-03 18:38:00,Kharadi,Viman Nagar,Pune,Auto,Cash,1.24,3.5,71.16,1.54,Medium,Cloudy,Completed,Unknown,0.0
B03292,C0259,D0121,2026-01-23 04:45:00,Connaught Place,Janakpuri,Delhi,Bike,UPI,1.57,3.1,49.42,1.08,Low,Cloudy,Completed,Unknown,2.2
B03293,C0345,D0013,2026-03-06 10:20:00,Malad,Bandra,Mumbai,Cab,Cash,1.0,3.2,104.0,1.41,High,Clear,Completed,Unknown,8.3
B03294,C0258,D0115,2026-01-29 18:01:00,Pitampura,Hauz Khas,Delhi,Bike,UPI,4.64,7.8,67.84,1.49,Low,Clear,Completed,Unknown,2.9
B03295,C0356,D0042,2026-02-12 01:26:00,Whitefield,Electronic City,Bengaluru,Cab,Wallet,2.57,5.8,125.98,1.13,Low,Cloudy,Completed,Unknown,2.6
B03296,C0066,D0107,2026-02-05 15:55:00,Rohini,Saket,Delhi,Auto,Card,1.77,3.7,75.93,1.1,Low,Clear,Incomplete,Unknown,11.7
B03297,C0077,D0029,2026-02-07 21:28:00,Kothrud,Kharadi,Pune,Auto,UPI,9.18,26.3,142.62,1.14,Medium,Smog,Completed,Unknown,1.6
B03298,C0376,D0141,2026-01-16 22:55:00,Viman Nagar,Kothrud,Pune,Cab,UPI,1.33,2.5,108.62,1.09,Low,Smog,Cancelled,Customer,4.1
B03299,C0372,D0131,2026-01-08 01:28:00,Baner,Wakad,Pune,Bike,UPI,2.37,4.9,54.22,1.14,Low,Clear,Completed,Unknown,0.7
B03300,C0316,D0039,2026-03-29 08:27:00,MG Road,Koramangala,Bengaluru,Cab,Card,9.47,27.5,222.58,1.85,High,Cloudy,Completed,Unknown,12.4
B03301,C0045,D0003,2026-03-15 01:42:00,Bandra,Borivali,Mumbai,Auto,Cash,3.74,12.8,93.66,1.41,High,Clear,Completed,Unknown,8.0
B03302,C0315,D0013,2026-01-20 00:14:00,Viman Nagar,Wakad,Pune,Bike,Wallet,2.85,4.6,57.1,1.05,Low,Smog,Completed,Unknown,7.0
B03303,C0010,D0029,2026-01-27 14:31:00,Wakad,Kothrud,Pune,Cab,Card,12.34,34.1,262.76,1.01,Medium,Clear,Completed,Unknown,10.5
B03304,C0324,D0140,2026-01-24 10:08:00,Electronic City,Whitefield,Bengaluru,Auto,UPI,1.56,3.6,74.04,1.04,Low,Cloudy,Completed,Unknown,4.3
B03305,C0381,D0116,2026-01-26 04:34:00,Whitefield,Jayanagar,Bengaluru,Auto,Card,1.62,3.2,74.58,1.04,Low,Cloudy,Completed,Unknown,1.0
B03306,C0291,D0095,2026-03-21 07:00:00,Chembur,Malad,Mumbai,Auto,Cash,3.17,10.7,88.53,1.81,High,Clear,Completed,Unknown,2.3
B03307,C0022,D0086,2026-03-09 14:25:00,Rohini,Pitampura,Delhi,Bike,UPI,7.01,13.9,82.06,1.1,Low,Clear,Completed,Unknown,0.0
B03308,C0200,D0039,2026-02-18 11:57:00,Marathahalli,Jayanagar,Bengaluru,Auto,UPI,2.23,5.9,80.07,1.13,Medium,Cloudy,Completed,Unknown,7.0
B03309,C0129,D0039,2026-02-18 17:23:00,MG Road,Electronic City,Bengaluru,Cab,Cash,3.28,9.3,135.92,1.42,Medium,Clear,Completed,Unknown,7.2
B03310,C0216,D0077,2026-01-12 22:34:00,Chembur,Borivali,Mumbai,Cab,Card,4.05,11.9,146.7,1.42,High,Clear,Completed,Unknown,10.6
B03311,C0137,D0013,2026-02-21 08:59:00,Electronic City,Jayanagar,Bengaluru,Cab,UPI,1.05,3.2,104.7,1.7,High,Clear,Cancelled,Customer,8.4
B03312,C0099,D0111,2026-03-24 10:51:00,Connaught Place,Rohini,Delhi,Auto,UPI,4.02,6.8,96.18,1.1,Low,Cloudy,Incomplete,Unknown,6.9
B03313,C0360,D0142,2026-01-28 14:06:00,Borivali,Bandra,Mumbai,Auto,UPI,1.26,2.8,71.34,1.12,Medium,Cloudy,Cancelled,Driver,1.3
B03314,C0391,D0039,2026-01-20 11:20:00,Electronic City,Marathahalli,Bengaluru,Cab,Wallet,3.59,8.4,140.26,1.34,Medium,Rain,Completed,Unknown,6.0
B03315,C0002,D0023,2026-03-10 16:06:00,Malad,Andheri,Mumbai,Auto,UPI,1.22,3.2,70.98,1.11,Medium,Cloudy,Cancelled,Customer,7.1
B03316,C0050,D0027,2026-02-26 12:32:00,Banjara Hills,Gachibowli,Hyderabad,Cab,UPI,7.25,16.0,191.5,1.09,Low,Clear,Completed,Unknown,4.4
B03317,C0345,D0023,2026-01-25 22:24:00,Noida Sector 18,Pitampura,Delhi,Auto,UPI,2.7,4.6,84.3,1.27,Low,Rain,Cancelled,Customer,6.3
B03318,C0279,D0031,2026-01-05 15:34:00,Koramangala,Jayanagar,Bengaluru,Cab,Cash,4.76,13.6,156.64,1.53,High,Rain,Cancelled,Driver,4.9
B03319,C0007,D0068,2026-01-06 23:43:00,Noida Sector 18,Saket,Delhi,Auto,UPI,1.7,2.8,75.3,1.1,Low,Clear,Completed,Unknown,0.0
B03320,C0169,D0137,2026-01-14 01:17:00,Indiranagar,Whitefield,Bengaluru,Auto,Cash,2.93,6.2,86.37,1.0,Low,Clear,Completed,Unknown,1.8
B03321,C0311,D0027,2026-03-19 14:47:00,Kharadi,Baner,Pune,Cab,UPI,3.64,9.3,140.96,1.01,Medium,Clear,Completed,Unknown,4.9
B03322,C0131,D0146,2026-02-06 05:32:00,Dadar,Borivali,Mumbai,Bike,UPI,7.44,19.4,84.64,1.05,Medium,Clear,Completed,Unknown,0.0
B03323,C0076,D0062,2026-01-21 01:17:00,Banjara Hills,Madhapur,Hyderabad,Cab,Card,1.04,2.2,104.56,1.04,Low,Smog,Completed,Unknown,8.0
B03324,C0159,D0080,2026-01-18 23:35:00,Saket,Connaught Place,Delhi,Cab,Cash,12.68,20.7,267.52,1.0,Low,Clear,Completed,Unknown,5.3
B03325,C0369,D0087,2026-01-21 19:48:00,Koramangala,Jayanagar,Bengaluru,Auto,UPI,1.19,2.8,70.71,1.52,Medium,Cloudy,Completed,Unknown,9.3
B03326,C0076,D0124,2026-01-26 07:26:00,Electronic City,Indiranagar,Bengaluru,Bike,UPI,2.81,8.4,56.86,1.52,Medium,Cloudy,Completed,Unknown,0.0
B03327,C0009,D0089,2026-02-11 20:05:00,Secunderabad,Madhapur,Hyderabad,Bike,UPI,12.0,30.9,112.0,1.12,Medium,Cloudy,Completed,Unknown,7.0
B03328,C0274,D0094,2026-01-19 03:32:00,Colaba,Malad,Mumbai,Auto,Wallet,1.21,2.1,70.89,1.06,Low,Clear,Completed,Unknown,6.9
B03329,C0259,D0051,2026-02-25 16:08:00,Gachibowli,Madhapur,Hyderabad,Cab,Cash,1.57,4.1,111.98,1.03,Medium,Clear,Completed,Unknown,5.1
B03330,C0033,D0087,2026-03-16 06:54:00,Baner,Viman Nagar,Pune,Bike,Wallet,6.11,13.3,76.66,1.09,Low,Clear,Completed,Unknown,8.9
B03331,C0215,D0090,2026-02-22 09:27:00,Jayanagar,Indiranagar,Bengaluru,Bike,Card,5.7,9.7,74.2,1.41,Low,Cloudy,Completed,Unknown,1.9
B03332,C0093,D0021,2026-03-12 01:24:00,Karol Bagh,Saket,Delhi,Cab,UPI,2.78,8.2,128.92,1.57,High,Rain,Cancelled,Customer,1.3
B03333,C0131,D0136,2026-03-23 12:46:00,Marathahalli,Indiranagar,Bengaluru,Cab,UPI,4.48,13.3,152.72,1.31,High,Clear,Completed,Unknown,8.1
B03334,C0293,D0095,2026-01-27 07:44:00,Dwarka,Noida Sector 18,Delhi,Auto,Cash,1.75,7.0,75.75,1.74,High,Cloudy,Cancelled,Customer,0.6
B03335,C0284,D0055,2026-03-02 05:34:00,MG Road,Electronic City,Bengaluru,Bike,UPI,6.12,18.9,76.72,1.27,Medium,Rain,Completed,Unknown,6.5
B03336,C0003,D0045,2026-01-29 23:53:00,Banjara Hills,Ameerpet,Hyderabad,Bike,UPI,10.11,32.9,100.66,1.42,High,Clear,Cancelled,Customer,1.0
B03337,C0100,D0069,2026-01-27 03:01:00,Viman Nagar,Kharadi,Pune,Cab,UPI,2.04,4.9,118.56,1.13,Low,Clear,Completed,Unknown,5.7
B03338,C0273,D0006,2026-03-15 03:30:00,Hinjewadi,Wakad,Pune,Auto,UPI,5.53,16.2,109.77,1.13,Medium,Clear,Completed,Unknown,6.6
B03339,C0005,D0059,2026-03-31 01:42:00,Kukatpally,Ameerpet,Hyderabad,Bike,Card,19.13,57.1,154.78,1.01,Medium,Clear,Cancelled,Driver,0.0
B03340,C0382,D0146,2026-01-27 00:20:00,Banjara Hills,Ameerpet,Hyderabad,Bike,Wallet,29.09,63.2,214.54,1.09,Low,Clear,Completed,Unknown,0.0
B03341,C0148,D0015,2026-01-03 14:40:00,Kharadi,Wakad,Pune,Cab,Wallet,2.31,7.8,122.34,1.42,High,Clear,Completed,Unknown,6.3
B03342,C0161,D0140,2026-03-02 20:01:00,Hauz Khas,Rohini,Delhi,Cab,UPI,14.05,27.1,286.7,1.32,Low,Rain,Completed,Unknown,2.3
B03343,C0056,D0074,2026-01-07 17:24:00,Baner,Viman Nagar,Pune,Cab,UPI,4.88,18.3,158.32,1.84,High,Cloudy,Cancelled,Driver,6.1
B03344,C0148,D0022,2026-01-11 22:21:00,Kharadi,Baner,Pune,Auto,UPI,8.52,19.3,136.68,1.1,Medium,Cloudy,Completed,Unknown,0.0
B03345,C0255,D0024,2026-03-16 23:20:00,Indiranagar,Electronic City,Bengaluru,Cab,Cash,2.73,5.8,128.22,1.09,Low,Clear,Incomplete,Unknown,0.0
B03346,C0279,D0141,2026-03-03 01:25:00,Colaba,Powai,Mumbai,Cab,UPI,7.31,14.6,192.34,1.27,Low,Rain,Cancelled,Customer,0.0
B03347,C0328,D0039,2026-01-08 23:51:00,Ameerpet,Secunderabad,Hyderabad,Cab,Card,3.65,11.7,141.1,1.33,High,Clear,Completed,Unknown,10.7
B03348,C0375,D0063,2026-03-03 03:09:00,HSR Layout,Koramangala,Bengaluru,Cab,UPI,5.16,10.7,162.24,1.12,Low,Clear,Completed,Unknown,0.4
B03349,C0234,D0104,2026-01-13 09:31:00,Lajpat Nagar,Karol Bagh,Delhi,Auto,UPI,7.51,27.2,127.59,1.76,High,Cloudy,Completed,Unknown,6.1
B03350,C0157,D0045,2026-01-04 02:42:00,Koramangala,Indiranagar,Bengaluru,Bike,Card,5.56,11.5,73.36,1.22,Low,Rain,Completed,Unknown,1.0
B03351,C0371,D0102,2026-01-02 06:25:00,Dadar,Andheri,Mumbai,Auto,UPI,3.38,7.6,90.42,1.1,Low,Clear,Cancelled,Customer,9.7
B03352,C0311,D0077,2026-02-06 16:44:00,Kukatpally,Madhapur,Hyderabad,Auto,UPI,2.79,10.6,85.11,1.33,High,Smog,Cancelled,Customer,5.5
B03353,C0127,D0077,2026-03-26 18:43:00,Indiranagar,Marathahalli,Bengaluru,Bike,Wallet,2.61,7.7,55.66,2.04,High,Rain,Incomplete,Unknown,5.4
B03354,C0377,D0066,2026-03-24 03:21:00,Connaught Place,Noida Sector 18,Delhi,Auto,Wallet,2.18,4.6,79.62,1.13,Low,Clear,Completed,Unknown,4.3
B03355,C0179,D0105,2026-01-21 04:04:00,Dadar,Andheri,Mumbai,Auto,UPI,20.97,51.8,248.73,1.26,Medium,Rain,Cancelled,Customer,0.0
B03356,C0249,D0045,2026-03-26 09:49:00,Gachibowli,Ameerpet,Hyderabad,Bike,UPI,2.27,4.8,53.62,1.44,Medium,Clear,Completed,Unknown,1.8
B03357,C0142,D0066,2026-01-20 23:20:00,Banjara Hills,Madhapur,Hyderabad,Bike,UPI,4.2,9.1,65.2,1.06,Low,Clear,Completed,Unknown,5.1
B03358,C0395,D0026,2026-01-02 07:16:00,Electronic City,Jayanagar,Bengaluru,Auto,Wallet,7.16,12.0,124.44,1.73,Low,Rain,Cancelled,Customer,7.0
B03359,C0180,D0031,2026-01-20 18:41:00,Janakpuri,Lajpat Nagar,Delhi,Cab,UPI,5.32,15.2,164.48,1.45,Medium,Cloudy,Cancelled,Customer,1.4
B03360,C0180,D0041,2026-01-12 22:52:00,Bandra,Malad,Mumbai,Auto,Wallet,1.75,4.7,75.75,1.12,Medium,Clear,Completed,Unknown,2.0
B03361,C0033,D0064,2026-01-26 18:45:00,Kothrud,Kharadi,Pune,Cab,UPI,2.59,5.3,126.26,1.45,Low,Clear,Completed,Unknown,0.5
B03362,C0119,D0142,2026-02-22 14:21:00,Viman Nagar,Hinjewadi,Pune,Bike,Cash,2.72,5.7,56.32,1.1,Low,Clear,Completed,Unknown,0.9
B03363,C0184,D0095,2026-01-21 14:40:00,Banjara Hills,Kukatpally,Hyderabad,Auto,UPI,3.13,8.5,88.17,1.06,Medium,Clear,Completed,Unknown,0.5
B03364,C0173,D0020,2026-02-21 04:23:00,Kukatpally,Madhapur,Hyderabad,Bike,Cash,1.55,3.8,49.3,1.07,Medium,Clear,Completed,Unknown,0.0
B03365,C0079,D0137,2026-03-30 10:20:00,Kothrud,Hinjewadi,Pune,Bike,Card,5.11,8.4,70.66,1.14,Low,Clear,Completed,Unknown,3.0
B03366,C0361,D0002,2026-02-07 12:16:00,Viman Nagar,Hinjewadi,Pune,Bike,Cash,9.29,17.8,95.74,1.15,Low,Cloudy,Completed,Unknown,5.9
B03367,C0263,D0074,2026-01-19 17:14:00,Marathahalli,Jayanagar,Bengaluru,Cab,UPI,9.83,20.5,227.62,1.5,Low,Clear,Completed,Unknown,0.1
B03368,C0377,D0123,2026-01-23 21:46:00,Indiranagar,Jayanagar,Bengaluru,Auto,Card,1.18,3.3,70.62,1.36,High,Clear,Completed,Unknown,6.0
B03369,C0008,D0140,2026-02-14 10:04:00,Electronic City,Jayanagar,Bengaluru,Auto,UPI,1.91,3.8,77.19,1.01,Low,Smog,Completed,Unknown,8.2
B03370,C0129,D0133,2026-02-20 11:46:00,Electronic City,Koramangala,Bengaluru,Auto,Cash,5.28,11.3,107.52,1.07,Medium,Cloudy,Completed,Unknown,2.0
B03371,C0159,D0049,2026-02-19 02:22:00,Kharadi,Wakad,Pune,Cab,UPI,7.28,20.8,191.92,1.11,Medium,Clear,Completed,Unknown,5.5
B03372,C0084,D0034,2026-03-05 08:33:00,Noida Sector 18,Janakpuri,Delhi,Cab,Card,5.14,20.0,161.96,1.72,High,Clear,Completed,Unknown,6.3
B03373,C0283,D0129,2026-01-22 20:35:00,Hinjewadi,Baner,Pune,Bike,UPI,6.21,12.8,77.26,1.1,Low,Clear,Completed,Unknown,2.4
B03374,C0366,D0002,2026-03-05 20:45:00,Rohini,Noida Sector 18,Delhi,Auto,UPI,8.39,25.3,135.51,1.45,High,Clear,Completed,Unknown,4.9
B03375,C0384,D0038,2026-01-24 05:39:00,Andheri,Colaba,Mumbai,Bike,UPI,8.95,19.9,93.7,1.14,Medium,Cloudy,Completed,Unknown,2.0
B03376,C0079,D0062,2026-02-17 18:51:00,Electronic City,MG Road,Bengaluru,Auto,UPI,7.85,28.5,130.65,1.77,High,Clear,Completed,Unknown,6.6
B03377,C0230,D0041,2026-01-29 22:07:00,Borivali,Malad,Mumbai,Bike,Card,10.6,29.9,103.6,1.05,Medium,Clear,Completed,Unknown,1.6
B03378,C0193,D0063,2026-01-03 04:07:00,Gachibowli,Banjara Hills,Hyderabad,Auto,UPI,6.02,13.8,114.18,1.08,Low,Clear,Completed,Unknown,0.0
B03379,C0008,D0045,2026-01-09 00:13:00,Dwarka,Saket,Delhi,Bike,Cash,9.18,17.3,95.08,1.23,Low,Rain,Incomplete,Unknown,2.6
B03380,C0400,D0096,2026-02-14 06:08:00,Baner,Viman Nagar,Pune,Auto,Card,7.07,12.0,123.63,1.02,Low,Cloudy,Completed,Unknown,2.1
B03381,C0034,D0062,2026-03-03 04:56:00,Ameerpet,Secunderabad,Hyderabad,Bike,Card,2.79,5.5,56.74,1.03,Low,Clear,Completed,Unknown,5.0
B03382,C0050,D0102,2026-02-09 03:50:00,Hinjewadi,Kharadi,Pune,Auto,Cash,5.38,15.6,108.42,1.31,High,Clear,Cancelled,Driver,3.8
B03383,C0045,D0140,2026-01-03 18:33:00,Baner,Kothrud,Pune,Cab,Card,1.44,5.1,110.16,1.82,High,Clear,Completed,Unknown,8.0
B03384,C0149,D0004,2026-01-08 18:55:00,Saket,Karol Bagh,Delhi,Auto,Card,3.37,6.1,90.33,1.43,Low,Clear,Completed,Unknown,7.9
B03385,C0173,D0129,2026-02-20 18:25:00,Dadar,Andheri,Mumbai,Bike,Wallet,10.67,30.6,104.02,1.45,Medium,Clear,Cancelled,Customer,4.4
B03386,C0113,D0107,2026-03-23 04:22:00,Bandra,Dadar,Mumbai,Cab,UPI,8.27,14.8,205.78,1.0,Low,Cloudy,Cancelled,Customer,8.0
B03387,C0393,D0099,2026-03-31 03:15:00,Koramangala,Marathahalli,Bengaluru,Bike,Card,5.93,18.0,75.58,1.11,Medium,Clear,Cancelled,Customer,7.5
B03388,C0246,D0052,2026-01-19 14:41:00,Noida Sector 18,Rohini,Delhi,Bike,UPI,5.84,11.7,75.04,1.15,Low,Clear,Completed,Unknown,7.4
B03389,C0075,D0020,2026-02-05 12:49:00,Colaba,Borivali,Mumbai,Cab,UPI,1.18,2.6,106.52,1.15,Low,Clear,Completed,Unknown,0.0
B03390,C0338,D0149,2026-01-22 23:33:00,Saket,Hauz Khas,Delhi,Auto,UPI,3.35,7.7,90.15,1.07,Low,Clear,Completed,Unknown,0.0
B03391,C0233,D0051,2026-01-15 05:47:00,Saket,Noida Sector 18,Delhi,Cab,Card,35.36,89.0,585.04,1.05,Medium,Cloudy,Completed,Unknown,5.1
B03392,C0111,D0077,2026-01-08 13:50:00,Borivali,Chembur,Mumbai,Auto,UPI,10.52,24.2,154.68,1.07,Low,Clear,Completed,Unknown,1.3
B03393,C0029,D0021,2026-02-28 03:57:00,Secunderabad,Banjara Hills,Hyderabad,Bike,UPI,6.94,16.2,81.64,1.1,Low,Clear,Completed,Unknown,3.6
B03394,C0026,D0112,2026-03-05 09:18:00,Ameerpet,Gachibowli,Hyderabad,Bike,UPI,9.9,34.0,99.4,1.83,High,Clear,Completed,Unknown,11.7
B03395,C0139,D0053,2026-01-22 09:06:00,Banjara Hills,Kukatpally,Hyderabad,Auto,Card,4.52,14.1,100.68,1.52,Medium,Clear,Completed,Unknown,4.2
B03396,C0291,D0148,2026-01-06 20:05:00,Secunderabad,Banjara Hills,Hyderabad,Bike,Card,4.42,13.3,66.52,1.04,Medium,Cloudy,Completed,Unknown,0.0
B03397,C0258,D0008,2026-03-23 09:19:00,Hinjewadi,Kharadi,Pune,Cab,Card,3.09,7.0,133.26,1.45,Medium,Clear,Completed,Unknown,1.5
B03398,C0239,D0023,2026-03-22 06:56:00,MG Road,Whitefield,Bengaluru,Bike,Card,4.67,13.7,68.02,1.15,Medium,Clear,Cancelled,Customer,2.3
B03399,C0373,D0107,2026-01-10 14:00:00,Dwarka,Rohini,Delhi,Cab,Card,4.74,8.1,156.36,1.1,Low,Cloudy,Cancelled,Customer,4.5
B03400,C0263,D0098,2026-02-24 20:09:00,Dwarka,Hauz Khas,Delhi,Cab,Card,11.31,18.4,248.34,1.1,Low,Clear,Incomplete,Unknown,3.2
B03401,C0217,D0067,2026-01-10 04:37:00,Electronic City,Jayanagar,Bengaluru,Bike,Card,1.79,3.0,50.74,1.15,Low,Clear,Completed,Unknown,0.0
B03402,C0262,D0094,2026-03-09 02:05:00,Baner,Wakad,Pune,Cab,Wallet,9.18,15.2,218.52,1.03,Low,Cloudy,Completed,Unknown,9.8
B03403,C0026,D0077,2026-03-28 07:31:00,Borivali,Andheri,Mumbai,Bike,Cash,3.0,8.3,58.0,1.84,High,Cloudy,Cancelled,Customer,4.3
B03404,C0148,D0114,2026-03-19 21:46:00,Baner,Kothrud,Pune,Auto,UPI,3.83,8.8,94.47,1.01,Low,Clear,Completed,Unknown,2.7
B03405,C0034,D0003,2026-01-12 17:04:00,Chembur,Malad,Mumbai,Bike,Cash,9.63,37.7,97.78,1.83,High,Cloudy,Completed,Unknown,2.1
B03406,C0110,D0099,2026-02-08 12:18:00,Colaba,Dadar,Mumbai,Cab,UPI,4.62,11.1,154.68,1.03,Medium,Clear,Incomplete,Unknown,5.8
B03407,C0200,D0109,2026-03-02 18:08:00,Marathahalli,MG Road,Bengaluru,Cab,UPI,3.18,12.0,134.52,1.83,High,Cloudy,Completed,Unknown,2.4
B03408,C0146,D0125,2026-03-07 15:22:00,Kharadi,Viman Nagar,Pune,Bike,UPI,5.89,10.1,75.34,1.15,Low,Clear,Completed,Unknown,0.0
B03409,C0245,D0051,2026-01-09 15:38:00,Banjara Hills,Ameerpet,Hyderabad,Auto,UPI,3.29,8.8,89.61,1.13,Medium,Cloudy,Completed,Unknown,10.8
B03410,C0302,D0023,2026-03-09 17:25:00,Karol Bagh,Noida Sector 18,Delhi,Bike,Card,14.17,26.5,125.02,1.51,Low,Cloudy,Completed,Unknown,9.7
B03411,C0138,D0140,2026-03-15 23:01:00,Connaught Place,Rohini,Delhi,Cab,Cash,3.66,8.9,141.24,1.09,Medium,Cloudy,Completed,Unknown,1.6
B03412,C0339,D0093,2026-02-03 12:39:00,Kukatpally,Ameerpet,Hyderabad,Bike,Card,10.37,20.1,102.22,1.15,Low,Cloudy,Completed,Unknown,4.9
B03413,C0397,D0023,2026-02-06 21:37:00,Viman Nagar,Wakad,Pune,Auto,Wallet,12.13,24.8,169.17,1.26,Low,Rain,Incomplete,Unknown,1.6
B03414,C0234,D0100,2026-01-11 13:15:00,Karol Bagh,Noida Sector 18,Delhi,Auto,Card,2.16,4.6,79.44,1.09,Low,Clear,Completed,Unknown,1.5
B03415,C0122,D0063,2026-01-17 19:32:00,Hauz Khas,Janakpuri,Delhi,Auto,Cash,1.44,4.9,72.96,1.75,High,Clear,Completed,Unknown,1.8
B03416,C0192,D0027,2026-03-02 04:59:00,Chembur,Borivali,Mumbai,Bike,Card,5.21,12.0,71.26,1.02,Low,Clear,Completed,Unknown,1.6
B03417,C0363,D0013,2026-03-08 00:20:00,Ameerpet,Kukatpally,Hyderabad,Bike,Card,3.8,9.7,62.8,1.14,Medium,Clear,Completed,Unknown,8.6
B03418,C0245,D0095,2026-03-28 21:47:00,Banjara Hills,Madhapur,Hyderabad,Auto,UPI,5.92,11.6,113.28,1.05,Low,Clear,Cancelled,Customer,0.0
B03419,C0109,D0063,2026-01-10 02:49:00,Andheri,Powai,Mumbai,Auto,Cash,3.99,9.7,95.91,1.13,Medium,Cloudy,Completed,Unknown,0.0
B03420,C0234,D0062,2026-01-30 10:57:00,MG Road,Whitefield,Bengaluru,Bike,Card,12.22,21.1,113.32,1.09,Low,Clear,Completed,Unknown,7.6
B03421,C0274,D0035,2026-01-05 07:07:00,Banjara Hills,Kukatpally,Hyderabad,Auto,UPI,1.9,4.3,77.1,1.42,Medium,Cloudy,Completed,Unknown,6.9
B03422,C0066,D0095,2026-03-12 16:44:00,Indiranagar,Koramangala,Bengaluru,Auto,UPI,8.67,21.0,138.03,1.09,Medium,Clear,Completed,Unknown,0.8
B03423,C0358,D0133,2026-03-30 04:43:00,Baner,Wakad,Pune,Bike,Card,19.15,39.7,154.9,1.06,Low,Cloudy,Completed,Unknown,7.1
B03424,C0081,D0077,2026-01-28 05:01:00,Madhapur,Secunderabad,Hyderabad,Bike,UPI,9.22,21.6,95.32,1.04,Low,Clear,Completed,Unknown,6.9
B03425,C0335,D0019,2026-03-11 14:45:00,Chembur,Powai,Mumbai,Bike,UPI,8.45,23.5,90.7,1.06,Medium,Clear,Cancelled,Customer,5.3
B03426,C0238,D0140,2026-03-11 17:57:00,Dadar,Andheri,Mumbai,Auto,UPI,21.09,66.7,249.81,1.9,High,Rain,Completed,Unknown,7.6
B03427,C0102,D0003,2026-01-16 09:35:00,Powai,Malad,Mumbai,Bike,UPI,20.13,32.8,160.78,1.41,Low,Cloudy,Cancelled,Customer,0.6
B03428,C0309,D0124,2026-03-02 21:49:00,Madhapur,Kukatpally,Hyderabad,Auto,Card,3.46,7.0,91.14,1.09,Low,Clear,Completed,Unknown,1.9
B03429,C0138,D0006,2026-02-20 12:09:00,Hinjewadi,Wakad,Pune,Auto,UPI,4.5,11.0,100.5,1.32,Medium,Rain,Completed,Unknown,5.7
B03430,C0013,D0136,2026-03-12 02:35:00,Gachibowli,Secunderabad,Hyderabad,Bike,Wallet,10.34,33.1,102.04,1.43,High,Clear,Completed,Unknown,2.7
B03431,C0353,D0029,2026-03-20 01:05:00,Jayanagar,Koramangala,Bengaluru,Auto,Card,12.52,27.2,172.68,1.04,Low,Clear,Cancelled,Customer,1.9
B03432,C0190,D0113,2026-02-25 16:55:00,Ameerpet,Secunderabad,Hyderabad,Auto,UPI,15.35,41.9,198.15,1.45,High,Clear,Completed,Unknown,6.2
B03433,C0217,D0041,2026-03-20 13:21:00,Viman Nagar,Baner,Pune,Bike,Card,5.89,13.1,75.34,1.04,Low,Cloudy,Completed,Unknown,2.0
B03434,C0225,D0026,2026-03-28 10:43:00,Malad,Chembur,Mumbai,Auto,UPI,3.74,9.0,93.66,1.09,Low,Clear,Completed,Unknown,0.0
B03435,C0278,D0122,2026-02-02 15:30:00,Kukatpally,Banjara Hills,Hyderabad,Auto,UPI,4.04,12.3,96.36,1.05,Medium,Clear,Completed,Unknown,0.0
B03436,C0079,D0033,2026-01-25 08:46:00,Whitefield,Indiranagar,Bengaluru,Bike,Card,1.31,2.2,47.86,1.5,Low,Cloudy,Completed,Unknown,2.0
B03437,C0061,D0015,2026-03-15 20:12:00,Secunderabad,Gachibowli,Hyderabad,Bike,UPI,30.78,87.6,224.68,1.09,Medium,Clear,Completed,Unknown,2.1
B03438,C0282,D0136,2026-02-21 17:55:00,Lajpat Nagar,Connaught Place,Delhi,Cab,Wallet,2.09,5.8,119.26,1.72,High,Cloudy,Cancelled,Customer,8.3
B03439,C0258,D0019,2026-01-14 00:19:00,Kukatpally,Gachibowli,Hyderabad,Bike,Card,7.57,14.2,85.42,1.28,Low,Rain,Completed,Unknown,1.8
B03440,C0245,D0008,2026-01-09 01:42:00,Lajpat Nagar,Dwarka,Delhi,Bike,Cash,4.81,10.7,68.86,1.08,Low,Clear,Completed,Unknown,5.0
B03441,C0066,D0089,2026-02-01 08:39:00,Karol Bagh,Saket,Delhi,Auto,UPI,3.99,12.1,95.91,1.81,High,Clear,Completed,Unknown,2.9
B03442,C0099,D0016,2026-01-26 23:09:00,Hinjewadi,Kharadi,Pune,Bike,Card,5.05,11.5,70.3,1.02,Low,Clear,Completed,Unknown,0.0
B03443,C0324,D0063,2026-02-20 03:13:00,Chembur,Powai,Mumbai,Bike,Card,7.39,17.8,84.34,1.04,Medium,Clear,Cancelled,Customer,7.6
B03444,C0082,D0148,2026-03-27 02:15:00,Kharadi,Kothrud,Pune,Bike,UPI,3.77,8.9,62.62,1.07,Low,Cloudy,Completed,Unknown,0.0
B03445,C0016,D0107,2026-03-07 01:31:00,Electronic City,Koramangala,Bengaluru,Auto,Cash,15.46,46.2,199.14,1.23,Medium,Rain,Cancelled,Customer,9.8
B03446,C0240,D0004,2026-03-18 21:38:00,Chembur,Powai,Mumbai,Auto,Card,3.0,8.7,87.0,1.07,Medium,Clear,Incomplete,Unknown,4.8
B03447,C0334,D0056,2026-01-18 20:39:00,Whitefield,Electronic City,Bengaluru,Auto,Card,6.42,14.4,117.78,1.07,Low,Clear,Cancelled,Customer,7.4
B03448,C0385,D0144,2026-03-15 18:41:00,Andheri,Malad,Mumbai,Bike,Cash,10.07,32.4,100.42,1.76,High,Clear,Completed,Unknown,10.1
B03449,C0059,D0022,2026-02-23 05:15:00,Baner,Hinjewadi,Pune,Auto,Cash,34.87,100.3,373.83,1.02,Medium,Clear,Completed,Unknown,9.9
B03450,C0138,D0096,2026-02-05 04:11:00,Kothrud,Hinjewadi,Pune,Bike,UPI,15.47,26.4,132.82,1.14,Low,Clear,Cancelled,Customer,0.0
B03451,C0093,D0003,2026-02-17 21:01:00,Marathahalli,Whitefield,Bengaluru,Cab,Card,3.82,9.0,143.48,1.06,Medium,Clear,Completed,Unknown,0.0
B03452,C0215,D0087,2026-01-02 16:11:00,Madhapur,Banjara Hills,Hyderabad,Cab,UPI,2.75,5.5,128.5,1.1,Low,Cloudy,Completed,Unknown,2.8
B03453,C0021,D0007,2026-01-27 11:45:00,Banjara Hills,Madhapur,Hyderabad,Auto,UPI,4.45,17.8,100.05,1.39,High,Clear,Completed,Unknown,2.1
B03454,C0206,D0086,2026-02-24 23:53:00,Dadar,Chembur,Mumbai,Auto,Card,25.55,56.4,289.95,1.13,Low,Clear,Cancelled,Customer,0.0
B03455,C0054,D0139,2026-03-04 22:04:00,Gachibowli,Madhapur,Hyderabad,Bike,Card,3.03,9.5,58.18,1.43,High,Clear,Completed,Unknown,4.9
B03456,C0104,D0068,2026-03-12 17:30:00,Janakpuri,Noida Sector 18,Delhi,Cab,Cash,4.33,17.2,150.62,1.73,High,Cloudy,Cancelled,Driver,7.0
B03457,C0209,D0053,2026-03-14 23:54:00,Saket,Pitampura,Delhi,Bike,Cash,5.09,14.1,70.54,1.34,High,Clear,Cancelled,Customer,12.1
B03458,C0200,D0087,2026-03-09 20:48:00,Marathahalli,Koramangala,Bengaluru,Bike,UPI,3.28,5.5,59.68,1.08,Low,Clear,Incomplete,Unknown,0.3
B03459,C0366,D0067,2026-02-01 16:41:00,Chembur,Powai,Mumbai,Bike,UPI,2.07,5.0,52.42,1.03,Medium,Clear,Completed,Unknown,0.0
B03460,C0016,D0014,2026-03-16 23:54:00,Dadar,Chembur,Mumbai,Auto,Wallet,7.2,15.7,124.8,1.11,Low,Cloudy,Completed,Unknown,0.9
B03461,C0302,D0098,2026-03-28 03:20:00,Koramangala,Indiranagar,Bengaluru,Cab,Card,5.72,10.9,170.08,1.15,Low,Cloudy,Completed,Unknown,1.5
B03462,C0085,D0067,2026-01-11 06:35:00,Rohini,Connaught Place,Delhi,Cab,Cash,4.83,11.5,157.62,1.01,Medium,Smog,Completed,Unknown,0.0
B03463,C0095,D0034,2026-01-12 03:47:00,Secunderabad,Banjara Hills,Hyderabad,Bike,Cash,1.85,3.9,51.1,1.07,Low,Clear,Incomplete,Unknown,5.7
B03464,C0313,D0072,2026-02-04 00:05:00,Pitampura,Rohini,Delhi,Cab,Cash,1.28,2.7,107.92,1.07,Low,Cloudy,Completed,Unknown,0.0
B03465,C0209,D0136,2026-01-10 09:44:00,Gachibowli,Banjara Hills,Hyderabad,Cab,Card,5.92,22.8,172.88,1.72,High,Cloudy,Incomplete,Unknown,3.1
B03466,C0264,D0014,2026-03-27 12:41:00,Ameerpet,Secunderabad,Hyderabad,Auto,UPI,11.47,25.3,163.23,1.04,Medium,Cloudy,Completed,Unknown,2.2
B03467,C0010,D0109,2026-02-25 19:54:00,Baner,Kharadi,Pune,Bike,UPI,1.01,2.8,46.06,1.6,Medium,Rain,Cancelled,Customer,0.4
B03468,C0109,D0038,2026-02-05 01:20:00,Noida Sector 18,Dwarka,Delhi,Bike,UPI,2.43,4.5,54.58,1.11,Low,Smog,Completed,Unknown,7.6
B03469,C0108,D0034,2026-01-04 08:08:00,Indiranagar,MG Road,Bengaluru,Bike,Card,19.01,52.0,154.06,1.83,High,Clear,Cancelled,Customer,5.4
B03470,C0045,D0033,2026-03-09 20:54:00,Kothrud,Viman Nagar,Pune,Bike,Card,8.36,13.8,90.16,1.04,Low,Clear,Cancelled,Driver,2.0
B03471,C0009,D0147,2026-01-22 23:31:00,Madhapur,Secunderabad,Hyderabad,Auto,UPI,2.31,8.3,80.79,1.33,High,Clear,Completed,Unknown,7.2
B03472,C0146,D0062,2026-03-17 14:29:00,Madhapur,Ameerpet,Hyderabad,Auto,Cash,1.45,3.2,73.05,1.13,Low,Clear,Completed,Unknown,6.7
B03473,C0169,D0014,2026-03-14 05:27:00,Kothrud,Hinjewadi,Pune,Bike,UPI,7.82,15.3,86.92,1.21,Low,Rain,Cancelled,Customer,0.0
B03474,C0328,D0096,2026-02-16 09:12:00,Indiranagar,Koramangala,Bengaluru,Cab,UPI,14.84,32.2,297.76,1.49,Low,Clear,Incomplete,Unknown,0.0
B03475,C0228,D0002,2026-02-15 14:31:00,Connaught Place,Lajpat Nagar,Delhi,Bike,UPI,1.29,3.6,47.74,1.31,Medium,Rain,Completed,Unknown,9.7
B03476,C0170,D0031,2026-03-22 08:12:00,Jayanagar,Indiranagar,Bengaluru,Auto,UPI,10.67,35.7,156.03,1.82,High,Clear,Completed,Unknown,4.5
B03477,C0087,D0013,2026-03-27 07:45:00,Secunderabad,Ameerpet,Hyderabad,Bike,UPI,10.68,25.2,104.08,1.43,Low,Cloudy,Completed,Unknown,6.7
B03478,C0003,D0045,2026-02-04 04:19:00,Marathahalli,Jayanagar,Bengaluru,Bike,UPI,4.32,11.6,65.92,1.06,Medium,Clear,Incomplete,Unknown,1.7
B03479,C0174,D0067,2026-01-14 09:32:00,Chembur,Powai,Mumbai,Cab,Card,1.74,3.5,114.36,1.54,Low,Clear,Completed,Unknown,0.0
B03480,C0028,D0041,2026-03-13 16:09:00,Malad,Borivali,Mumbai,Cab,Cash,14.13,51.8,287.82,1.4,High,Smog,Completed,Unknown,5.6
B03481,C0316,D0045,2026-01-29 21:21:00,Dadar,Borivali,Mumbai,Cab,Card,1.37,4.2,109.18,1.02,Medium,Cloudy,Completed,Unknown,2.6
B03482,C0164,D0010,2026-02-28 09:15:00,Marathahalli,MG Road,Bengaluru,Auto,Cash,3.29,5.5,89.61,1.5,Low,Cloudy,Incomplete,Unknown,3.5
B03483,C0256,D0034,2026-01-07 06:12:00,Borivali,Malad,Mumbai,Auto,UPI,5.01,10.9,105.09,1.31,Medium,Rain,Cancelled,Customer,7.2
B03484,C0120,D0041,2026-01-09 06:44:00,Pitampura,Dwarka,Delhi,Auto,Card,2.89,6.4,86.01,1.09,Medium,Clear,Completed,Unknown,0.0
B03485,C0011,D0076,2026-01-23 13:39:00,Dwarka,Lajpat Nagar,Delhi,Bike,Wallet,12.93,28.9,117.58,1.05,Low,Clear,Completed,Unknown,1.4
B03486,C0177,D0129,2026-03-15 19:30:00,Kothrud,Wakad,Pune,Auto,Card,1.82,7.3,76.38,1.82,High,Cloudy,Cancelled,Driver,3.6
B03487,C0260,D0137,2026-02-08 00:30:00,Connaught Place,Saket,Delhi,Auto,Card,1.31,3.9,71.79,1.15,Medium,Clear,Completed,Unknown,2.8
B03488,C0007,D0076,2026-03-31 04:29:00,Banjara Hills,Secunderabad,Hyderabad,Auto,Card,23.15,55.6,268.35,1.09,Medium,Clear,Completed,Unknown,5.3
B03489,C0372,D0073,2026-02-08 12:58:00,Madhapur,Gachibowli,Hyderabad,Cab,UPI,9.77,21.2,226.78,1.22,Low,Rain,Cancelled,Customer,0.0
B03490,C0040,D0083,2026-02-06 22:08:00,Baner,Kharadi,Pune,Bike,UPI,5.63,10.3,73.78,1.35,Low,Rain,Cancelled,Customer,0.0
B03491,C0259,D0058,2026-01-24 17:45:00,Kharadi,Wakad,Pune,Cab,Cash,2.84,8.8,129.76,1.83,High,Clear,Completed,Unknown,13.8
B03492,C0236,D0140,2026-01-30 16:26:00,MG Road,HSR Layout,Bengaluru,Bike,Cash,2.45,5.6,54.7,1.14,Medium,Smog,Completed,Unknown,2.6
B03493,C0222,D0134,2026-01-13 01:29:00,Indiranagar,MG Road,Bengaluru,Bike,Cash,23.88,44.5,183.28,1.11,Low,Clear,Completed,Unknown,4.5
B03494,C0391,D0062,2026-02-27 12:58:00,Viman Nagar,Kothrud,Pune,Cab,Cash,2.31,5.0,122.34,1.05,Low,Cloudy,Completed,Unknown,8.6
B03495,C0063,D0128,2026-03-11 01:42:00,Ameerpet,Secunderabad,Hyderabad,Auto,UPI,4.76,14.8,102.84,1.14,Medium,Smog,Cancelled,Customer,3.8
B03496,C0162,D0142,2026-03-22 11:59:00,Kothrud,Kharadi,Pune,Bike,Cash,4.13,9.5,64.78,1.11,Low,Cloudy,Incomplete,Unknown,4.5
B03497,C0068,D0018,2026-01-21 01:33:00,Wakad,Baner,Pune,Bike,UPI,7.68,17.2,86.08,1.12,Medium,Clear,Completed,Unknown,0.3
B03498,C0369,D0060,2026-03-13 17:27:00,Madhapur,Secunderabad,Hyderabad,Bike,Wallet,11.2,39.7,107.2,1.84,High,Clear,Completed,Unknown,8.4
B03499,C0050,D0014,2026-01-09 17:22:00,Kukatpally,Banjara Hills,Hyderabad,Cab,Card,1.13,4.6,105.82,1.81,High,Clear,Completed,Unknown,7.0
B03500,C0138,D0121,2026-03-31 19:15:00,Wakad,Hinjewadi,Pune,Auto,UPI,8.82,25.4,139.38,1.41,Medium,Clear,Completed,Unknown,0.0
B03501,C0238,D0093,2026-01-20 05:24:00,Kukatpally,Ameerpet,Hyderabad,Bike,Card,15.43,42.7,132.58,1.39,High,Clear,Incomplete,Unknown,5.6
B03502,C0281,D0077,2026-01-25 06:54:00,Colaba,Borivali,Mumbai,Cab,UPI,13.86,36.5,284.04,1.03,Medium,Cloudy,Completed,Unknown,0.0
B03503,C0157,D0131,2026-01-02 20:14:00,Kharadi,Baner,Pune,Auto,UPI,3.49,6.5,91.41,1.32,Low,Rain,Completed,Unknown,4.4
B03504,C0316,D0051,2026-02-20 17:37:00,Wakad,Hinjewadi,Pune,Bike,Cash,4.58,11.8,67.48,1.48,Medium,Clear,Completed,Unknown,8.5
B03505,C0178,D0104,2026-01-30 09:10:00,Kukatpally,Secunderabad,Hyderabad,Cab,Cash,14.99,57.9,299.86,1.84,High,Clear,Cancelled,Customer,0.6
B03506,C0283,D0124,2026-01-26 15:01:00,Ameerpet,Kukatpally,Hyderabad,Bike,UPI,24.41,43.3,186.46,1.1,Low,Cloudy,Completed,Unknown,0.0
B03507,C0214,D0045,2026-01-15 23:03:00,Ameerpet,Banjara Hills,Hyderabad,Auto,UPI,17.82,33.1,220.38,1.02,Low,Clear,Cancelled,Customer,0.4
B03508,C0113,D0144,2026-01-20 22:54:00,Borivali,Bandra,Mumbai,Bike,UPI,2.7,6.5,56.2,1.11,Low,Clear,Completed,Unknown,6.6
B03509,C0138,D0013,2026-03-13 10:16:00,Gachibowli,Madhapur,Hyderabad,Bike,Card,3.99,10.6,63.94,1.06,Medium,Cloudy,Completed,Unknown,4.2
B03510,C0276,D0033,2026-03-23 09:55:00,Viman Nagar,Kharadi,Pune,Auto,Card,10.33,22.3,152.97,1.41,Low,Clear,Cancelled,Customer,0.0
B03511,C0209,D0061,2026-01-05 19:18:00,Kukatpally,Secunderabad,Hyderabad,Cab,UPI,8.83,34.3,213.62,1.98,High,Rain,Cancelled,Customer,4.6
B03512,C0031,D0131,2026-01-10 09:27:00,Lajpat Nagar,Janakpuri,Delhi,Cab,UPI,1.42,4.4,109.88,1.73,High,Cloudy,Cancelled,Customer,2.9
B03513,C0337,D0100,2026-01-02 23:45:00,Whitefield,HSR Layout,Bengaluru,Bike,Cash,1.43,4.8,48.58,1.37,High,Cloudy,Cancelled,Driver,0.6
B03514,C0296,D0137,2026-02-23 15:33:00,Viman Nagar,Kothrud,Pune,Cab,UPI,1.67,2.7,113.38,1.12,Low,Clear,Completed,Unknown,4.5
B03515,C0148,D0099,2026-01-23 01:19:00,Janakpuri,Pitampura,Delhi,Cab,UPI,6.53,14.1,181.42,1.05,Low,Clear,Cancelled,Customer,10.7
B03516,C0372,D0054,2026-03-17 02:10:00,Viman Nagar,Wakad,Pune,Auto,Card,1.07,2.0,69.63,1.12,Low,Clear,Incomplete,Unknown,3.6
B03517,C0110,D0031,2026-02-03 10:16:00,Hauz Khas,Pitampura,Delhi,Cab,Card,2.85,5.4,129.9,1.11,Low,Clear,Completed,Unknown,5.2
B03518,C0232,D0137,2026-01-28 06:03:00,Viman Nagar,Wakad,Pune,Cab,UPI,4.83,9.5,157.62,1.02,Low,Clear,Completed,Unknown,9.5
B03519,C0085,D0071,2026-01-20 12:39:00,Secunderabad,Banjara Hills,Hyderabad,Cab,UPI,9.11,22.6,217.54,1.09,Medium,Clear,Cancelled,Driver,0.7
B03520,C0207,D0064,2026-02-05 09:28:00,Marathahalli,Jayanagar,Bengaluru,Bike,Card,6.48,16.8,78.88,1.5,Medium,Clear,Completed,Unknown,3.8
B03521,C0164,D0098,2026-02-18 13:54:00,HSR Layout,Electronic City,Bengaluru,Auto,UPI,10.77,25.9,156.93,1.11,Medium,Cloudy,Incomplete,Unknown,0.3
B03522,C0245,D0067,2026-03-02 04:09:00,Kukatpally,Banjara Hills,Hyderabad,Bike,UPI,2.82,6.4,56.92,1.02,Low,Clear,Cancelled,Customer,0.0
B03523,C0238,D0017,2026-03-16 09:56:00,Madhapur,Ameerpet,Hyderabad,Bike,Card,6.7,16.4,80.2,1.55,Medium,Clear,Incomplete,Unknown,7.2
B03524,C0154,D0142,2026-01-27 01:02:00,Andheri,Borivali,Mumbai,Bike,UPI,1.21,2.6,47.26,1.06,Low,Clear,Incomplete,Unknown,2.4
B03525,C0055,D0064,2026-01-21 11:47:00,Colaba,Powai,Mumbai,Auto,Card,10.82,24.6,157.38,1.06,Low,Clear,Completed,Unknown,0.2
B03526,C0301,D0090,2026-02-04 06:16:00,MG Road,Marathahalli,Bengaluru,Auto,UPI,4.32,14.7,98.88,1.36,High,Clear,Cancelled,Customer,2.5
B03527,C0255,D0069,2026-03-28 03:07:00,Viman Nagar,Wakad,Pune,Cab,Card,1.12,2.3,105.68,1.11,Low,Clear,Completed,Unknown,3.3
B03528,C0223,D0006,2026-01-10 10:02:00,Secunderabad,Banjara Hills,Hyderabad,Cab,Cash,2.04,5.9,118.56,1.05,Medium,Clear,Incomplete,Unknown,9.3
B03529,C0112,D0002,2026-03-06 07:58:00,Lajpat Nagar,Rohini,Delhi,Auto,UPI,4.94,14.0,104.46,1.43,Medium,Cloudy,Completed,Unknown,8.2
B03530,C0302,D0012,2026-02-19 12:57:00,Baner,Kharadi,Pune,Auto,UPI,7.0,24.1,123.0,1.56,High,Rain,Completed,Unknown,1.3
B03531,C0064,D0095,2026-02-11 18:52:00,Andheri,Bandra,Mumbai,Cab,Cash,3.99,15.3,145.86,1.71,High,Clear,Cancelled,Customer,4.9
B03532,C0122,D0113,2026-02-07 04:30:00,Marathahalli,Indiranagar,Bengaluru,Cab,Card,6.69,15.4,183.66,1.12,Low,Cloudy,Completed,Unknown,0.0
B03533,C0240,D0132,2026-02-07 00:47:00,Borivali,Andheri,Mumbai,Bike,Cash,8.61,18.9,91.66,1.1,Low,Clear,Completed,Unknown,5.2
B03534,C0063,D0072,2026-03-10 15:21:00,Janakpuri,Noida Sector 18,Delhi,Bike,UPI,3.27,7.1,59.62,1.12,Low,Clear,Completed,Unknown,6.4
B03535,C0163,D0063,2026-02-28 19:51:00,Borivali,Colaba,Mumbai,Cab,UPI,2.39,9.5,123.46,2.03,High,Rain,Completed,Unknown,3.1
B03536,C0065,D0142,2026-02-02 04:28:00,Rohini,Connaught Place,Delhi,Cab,Cash,11.66,19.0,253.24,1.12,Low,Clear,Cancelled,Driver,0.0
B03537,C0378,D0107,2026-02-19 13:58:00,Gachibowli,Kukatpally,Hyderabad,Bike,UPI,19.44,47.7,156.64,1.1,Medium,Cloudy,Cancelled,Customer,9.7
B03538,C0381,D0121,2026-02-09 11:56:00,Madhapur,Kukatpally,Hyderabad,Cab,Card,2.16,3.7,120.24,1.01,Low,Cloudy,Completed,Unknown,1.3
B03539,C0161,D0039,2026-01-03 06:20:00,Chembur,Malad,Mumbai,Auto,UPI,3.18,9.9,88.62,1.06,Medium,Clear,Incomplete,Unknown,5.1
B03540,C0061,D0095,2026-01-09 13:54:00,Lajpat Nagar,Rohini,Delhi,Auto,UPI,8.3,25.7,134.7,1.35,High,Cloudy,Completed,Unknown,2.7
B03541,C0238,D0030,2026-01-30 23:57:00,Indiranagar,MG Road,Bengaluru,Auto,UPI,6.75,15.3,120.75,1.11,Low,Smog,Cancelled,Driver,7.9
B03542,C0337,D0136,2026-01-05 00:43:00,Indiranagar,MG Road,Bengaluru,Auto,UPI,1.24,2.2,71.16,1.03,Low,Clear,Completed,Unknown,0.0
B03543,C0218,D0045,2026-02-24 01:31:00,Hauz Khas,Janakpuri,Delhi,Bike,Cash,8.65,32.6,91.9,1.31,High,Cloudy,Completed,Unknown,7.7
B03544,C0391,D0012,2026-03-07 17:17:00,Hinjewadi,Baner,Pune,Auto,Cash,16.09,47.9,204.81,1.49,Medium,Cloudy,Completed,Unknown,0.0
B03545,C0346,D0132,2026-02-14 17:11:00,Marathahalli,Indiranagar,Bengaluru,Auto,UPI,9.32,20.4,143.88,1.75,Medium,Rain,Completed,Unknown,7.8
B03546,C0163,D0063,2026-01-16 20:52:00,Kukatpally,Ameerpet,Hyderabad,Auto,Card,4.43,9.7,99.87,1.11,Low,Clear,Completed,Unknown,0.0
B03547,C0188,D0127,2026-03-16 17:53:00,Marathahalli,Electronic City,Bengaluru,Cab,UPI,1.02,3.0,104.28,1.74,High,Clear,Completed,Unknown,1.9
B03548,C0174,D0042,2026-01-25 19:12:00,Viman Nagar,Wakad,Pune,Cab,Cash,5.74,9.5,170.36,1.4,Low,Smog,Completed,Unknown,0.0
B03549,C0331,D0029,2026-03-08 21:21:00,Kukatpally,Gachibowli,Hyderabad,Bike,UPI,2.45,5.8,54.7,1.23,Medium,Rain,Completed,Unknown,4.0
B03550,C0189,D0085,2026-03-17 00:12:00,MG Road,Koramangala,Bengaluru,Auto,Card,2.85,7.0,85.65,1.0,Medium,Cloudy,Completed,Unknown,2.4
B03551,C0139,D0018,2026-02-05 14:49:00,Gachibowli,Secunderabad,Hyderabad,Auto,Cash,24.93,66.8,284.37,1.07,Medium,Clear,Completed,Unknown,2.9
B03552,C0144,D0121,2026-03-15 11:28:00,Koramangala,HSR Layout,Bengaluru,Bike,UPI,2.78,5.8,56.68,1.13,Low,Clear,Completed,Unknown,0.6
B03553,C0245,D0136,2026-01-19 15:14:00,Viman Nagar,Kharadi,Pune,Auto,Card,2.62,4.9,83.58,1.04,Low,Clear,Completed,Unknown,0.0
B03554,C0071,D0055,2026-03-04 00:47:00,Powai,Chembur,Mumbai,Auto,UPI,5.66,10.6,110.94,1.0,Low,Cloudy,Completed,Unknown,6.5
B03555,C0085,D0012,2026-02-02 18:09:00,Pitampura,Janakpuri,Delhi,Cab,UPI,2.81,11.2,129.34,1.7,High,Clear,Completed,Unknown,2.5
B03556,C0240,D0108,2026-02-06 12:56:00,Wakad,Baner,Pune,Cab,UPI,13.1,25.6,273.4,1.07,Low,Smog,Completed,Unknown,8.4
B03557,C0197,D0045,2026-01-02 02:39:00,Gachibowli,Banjara Hills,Hyderabad,Bike,Cash,3.69,11.4,62.14,1.14,Medium,Cloudy,Completed,Unknown,5.3
B03558,C0323,D0044,2026-02-16 08:02:00,Malad,Colaba,Mumbai,Auto,Cash,3.49,7.9,91.41,1.49,Medium,Cloudy,Completed,Unknown,1.8
B03559,C0147,D0130,2026-01-16 05:11:00,Colaba,Malad,Mumbai,Bike,UPI,2.3,4.7,53.8,1.1,Low,Clear,Completed,Unknown,4.4
B03560,C0046,D0125,2026-01-11 19:15:00,Colaba,Bandra,Mumbai,Cab,Cash,8.02,22.1,202.28,1.54,Medium,Clear,Completed,Unknown,0.2
B03561,C0089,D0014,2026-01-20 02:51:00,Connaught Place,Dwarka,Delhi,Cab,Card,10.1,23.5,231.4,1.14,Low,Cloudy,Completed,Unknown,0.0
B03562,C0059,D0004,2026-01-14 10:48:00,Madhapur,Kukatpally,Hyderabad,Bike,Card,1.07,2.7,46.42,1.06,Medium,Clear,Cancelled,Customer,11.9
B03563,C0302,D0128,2026-03-04 18:43:00,Jayanagar,Electronic City,Bengaluru,Cab,Card,3.95,14.8,145.3,1.75,High,Clear,Cancelled,Customer,1.9
B03564,C0340,D0106,2026-02-15 22:54:00,Dadar,Malad,Mumbai,Auto,UPI,1.71,3.6,75.39,1.09,Medium,Clear,Completed,Unknown,2.7
B03565,C0065,D0008,2026-02-25 11:28:00,Kothrud,Hinjewadi,Pune,Bike,Wallet,7.17,12.6,83.02,1.01,Low,Smog,Incomplete,Unknown,3.0
B03566,C0094,D0033,2026-03-16 06:23:00,Viman Nagar,Baner,Pune,Cab,Card,4.14,9.7,147.96,1.05,Low,Clear,Completed,Unknown,1.4
B03567,C0133,D0076,2026-02-19 11:12:00,Kharadi,Kothrud,Pune,Cab,UPI,6.27,13.4,177.78,1.14,Low,Cloudy,Completed,Unknown,0.0
B03568,C0026,D0004,2026-01-16 20:13:00,Chembur,Malad,Mumbai,Auto,Wallet,3.9,8.2,95.1,1.34,Low,Rain,Cancelled,Customer,8.7
B03569,C0118,D0109,2026-01-22 15:05:00,Hauz Khas,Saket,Delhi,Bike,UPI,3.07,6.6,58.42,1.05,Low,Clear,Completed,Unknown,0.0
B03570,C0196,D0141,2026-02-23 14:58:00,Pitampura,Janakpuri,Delhi,Cab,UPI,4.15,10.6,148.1,1.1,Medium,Clear,Completed,Unknown,0.5
B03571,C0222,D0039,2026-02-19 07:06:00,Gachibowli,Madhapur,Hyderabad,Auto,UPI,4.29,11.9,98.61,1.64,Medium,Rain,Incomplete,Unknown,10.4
B03572,C0059,D0041,2026-02-27 04:58:00,Viman Nagar,Baner,Pune,Auto,UPI,5.97,11.5,113.73,1.13,Low,Clear,Completed,Unknown,2.0
B03573,C0236,D0089,2026-02-15 07:30:00,Viman Nagar,Kothrud,Pune,Cab,UPI,6.12,14.7,175.68,1.5,Low,Clear,Incomplete,Unknown,2.7
B03574,C0079,D0131,2026-03-29 13:02:00,HSR Layout,Whitefield,Bengaluru,Bike,Wallet,6.68,21.1,80.08,1.39,High,Clear,Cancelled,Customer,4.1
B03575,C0189,D0033,2026-01-18 15:25:00,Colaba,Borivali,Mumbai,Bike,UPI,9.6,21.3,97.6,1.01,Low,Clear,Completed,Unknown,5.4
B03576,C0161,D0073,2026-02-15 01:59:00,Lajpat Nagar,Connaught Place,Delhi,Cab,UPI,4.37,14.5,151.18,1.42,High,Cloudy,Completed,Unknown,8.2
B03577,C0067,D0045,2026-03-13 21:14:00,Whitefield,Electronic City,Bengaluru,Bike,Cash,17.91,48.8,147.46,1.12,Medium,Clear,Completed,Unknown,0.6
B03578,C0089,D0033,2026-03-01 02:01:00,Whitefield,HSR Layout,Bengaluru,Bike,UPI,19.83,47.0,158.98,1.26,Low,Rain,Completed,Unknown,0.0
B03579,C0082,D0128,2026-01-03 13:43:00,Whitefield,Koramangala,Bengaluru,Cab,Wallet,13.18,28.2,274.52,1.09,Low,Clear,Completed,Unknown,0.8
B03580,C0034,D0108,2026-03-25 18:43:00,Kukatpally,Secunderabad,Hyderabad,Cab,UPI,2.71,8.0,127.94,1.54,Medium,Cloudy,Completed,Unknown,8.4
B03581,C0062,D0021,2026-02-20 20:10:00,Powai,Dadar,Mumbai,Bike,Cash,7.69,18.1,86.14,1.14,Medium,Clear,Completed,Unknown,0.0
B03582,C0207,D0058,2026-02-03 22:24:00,Kukatpally,Madhapur,Hyderabad,Auto,Wallet,2.93,6.4,86.37,1.04,Low,Cloudy,Cancelled,Customer,6.1
B03583,C0050,D0114,2026-02-22 22:16:00,Kothrud,Hinjewadi,Pune,Cab,UPI,1.78,5.0,114.92,1.41,High,Cloudy,Completed,Unknown,5.8
B03584,C0273,D0077,2026-02-03 00:10:00,Andheri,Bandra,Mumbai,Bike,UPI,6.69,19.0,80.14,1.05,Medium,Cloudy,Cancelled,Customer,6.2
B03585,C0080,D0008,2026-02-21 06:20:00,Hinjewadi,Kothrud,Pune,Bike,Cash,1.26,3.4,47.56,1.13,Medium,Smog,Completed,Unknown,1.7
B03586,C0244,D0099,2026-01-21 16:54:00,Chembur,Malad,Mumbai,Auto,Wallet,1.91,5.5,77.19,1.11,Medium,Clear,Completed,Unknown,1.7
B03587,C0330,D0078,2026-01-02 18:01:00,Karol Bagh,Rohini,Delhi,Auto,Cash,1.06,3.2,69.54,1.45,Medium,Cloudy,Completed,Unknown,2.0
B03588,C0033,D0074,2026-02-22 22:41:00,Hauz Khas,Dwarka,Delhi,Cab,Card,5.78,21.7,170.92,1.39,High,Clear,Completed,Unknown,7.9
B03589,C0103,D0002,2026-01-05 06:18:00,Marathahalli,MG Road,Bengaluru,Bike,UPI,15.5,44.0,133.0,1.11,Medium,Clear,Completed,Unknown,9.2
B03590,C0389,D0006,2026-03-01 21:36:00,Kothrud,Hinjewadi,Pune,Cab,UPI,7.04,18.5,188.56,1.08,Medium,Cloudy,Completed,Unknown,11.4
B03591,C0337,D0092,2026-02-17 22:04:00,Jayanagar,HSR Layout,Bengaluru,Cab,UPI,1.83,7.1,115.62,1.41,High,Cloudy,Cancelled,Customer,8.5
B03592,C0381,D0074,2026-03-12 08:52:00,Kothrud,Baner,Pune,Cab,Card,1.4,5.3,109.6,1.92,High,Rain,Completed,Unknown,6.2
B03593,C0162,D0023,2026-01-18 03:14:00,Ameerpet,Secunderabad,Hyderabad,Cab,UPI,15.16,39.6,302.24,1.02,Medium,Clear,Cancelled,Customer,8.7
B03594,C0176,D0102,2026-01-18 05:56:00,Kothrud,Wakad,Pune,Auto,Card,1.49,4.1,73.41,1.12,Medium,Clear,Completed,Unknown,0.0
B03595,C0156,D0008,2026-02-02 03:59:00,Koramangala,MG Road,Bengaluru,Auto,Card,15.23,37.4,197.07,1.09,Medium,Cloudy,Completed,Unknown,6.9
B03596,C0347,D0117,2026-02-10 13:29:00,Jayanagar,MG Road,Bengaluru,Cab,UPI,8.52,18.8,209.28,1.34,Low,Rain,Cancelled,Customer,2.5
B03597,C0114,D0120,2026-03-28 03:00:00,Malad,Chembur,Mumbai,Cab,Card,3.2,5.6,134.8,1.02,Low,Cloudy,Cancelled,Customer,10.0
B03598,C0001,D0078,2026-02-22 17:07:00,Whitefield,HSR Layout,Bengaluru,Cab,Wallet,2.4,6.6,123.6,1.44,Medium,Clear,Completed,Unknown,6.8
B03599,C0273,D0070,2026-02-09 19:37:00,Dwarka,Connaught Place,Delhi,Bike,Cash,1.73,5.4,50.38,1.82,High,Cloudy,Cancelled,Driver,4.8
B03600,C0130,D0026,2026-03-06 13:17:00,Whitefield,Marathahalli,Bengaluru,Cab,Card,5.72,12.0,170.08,1.03,Medium,Clear,Completed,Unknown,0.0
B03601,C0011,D0056,2026-02-05 22:58:00,Hauz Khas,Dwarka,Delhi,Bike,UPI,2.04,3.6,52.24,1.05,Low,Cloudy,Completed,Unknown,13.1
B03602,C0177,D0039,2026-03-06 13:59:00,Colaba,Andheri,Mumbai,Bike,Cash,6.18,13.6,77.08,1.03,Low,Clear,Cancelled,Driver,6.9
B03603,C0329,D0087,2026-03-12 03:03:00,MG Road,Electronic City,Bengaluru,Auto,Cash,11.85,38.9,166.65,1.4,High,Clear,Completed,Unknown,12.3
B03604,C0230,D0142,2026-01-20 08:08:00,Lajpat Nagar,Dwarka,Delhi,Auto,Cash,4.8,14.0,103.2,1.71,High,Clear,Incomplete,Unknown,10.2
B03605,C0034,D0050,2026-01-16 22:10:00,Whitefield,Jayanagar,Bengaluru,Bike,Wallet,2.23,5.9,53.38,1.32,Medium,Rain,Cancelled,Customer,3.2
B03606,C0301,D0125,2026-02-03 07:40:00,Banjara Hills,Kukatpally,Hyderabad,Cab,UPI,4.22,14.4,149.08,1.85,High,Clear,Completed,Unknown,2.0
B03607,C0173,D0052,2026-03-25 22:55:00,Koramangala,Jayanagar,Bengaluru,Auto,Card,3.7,9.3,93.3,1.02,Medium,Cloudy,Incomplete,Unknown,8.4
B03608,C0335,D0127,2026-01-09 15:09:00,Saket,Hauz Khas,Delhi,Auto,UPI,14.63,24.1,191.67,1.11,Low,Clear,Completed,Unknown,1.8
B03609,C0196,D0034,2026-01-25 22:41:00,Chembur,Dadar,Mumbai,Cab,Cash,1.95,6.0,117.3,1.42,High,Clear,Completed,Unknown,6.0
B03610,C0123,D0072,2026-02-05 16:12:00,Hinjewadi,Kothrud,Pune,Cab,Card,5.48,12.2,166.72,1.3,Medium,Rain,Incomplete,Unknown,0.0
B03611,C0095,D0001,2026-02-19 10:47:00,Viman Nagar,Kharadi,Pune,Cab,Card,6.9,15.2,186.6,1.1,Low,Clear,Completed,Unknown,0.8
B03612,C0144,D0066,2026-03-26 00:21:00,Wakad,Kharadi,Pune,Auto,Card,4.59,8.9,101.31,1.03,Low,Clear,Completed,Unknown,0.0
B03613,C0264,D0034,2026-02-16 13:16:00,Marathahalli,Jayanagar,Bengaluru,Auto,Card,8.53,29.9,136.77,1.32,High,Clear,Completed,Unknown,1.7
B03614,C0144,D0123,2026-03-15 22:56:00,Koramangala,Electronic City,Bengaluru,Auto,Cash,10.87,24.7,157.83,1.13,Low,Clear,Completed,Unknown,2.0
B03615,C0278,D0083,2026-01-23 13:13:00,Dadar,Powai,Mumbai,Cab,UPI,2.16,3.5,120.24,1.01,Low,Clear,Completed,Unknown,0.0
B03616,C0199,D0084,2026-03-29 20:02:00,Baner,Wakad,Pune,Bike,UPI,5.83,13.6,74.98,1.12,Medium,Smog,Cancelled,Customer,2.1
B03617,C0243,D0131,2026-01-08 07:17:00,Rohini,Pitampura,Delhi,Auto,UPI,3.95,15.6,95.55,1.73,High,Cloudy,Completed,Unknown,4.0
B03618,C0335,D0137,2026-02-11 16:19:00,Pitampura,Connaught Place,Delhi,Cab,UPI,1.34,2.9,108.76,1.0,Low,Clear,Completed,Unknown,0.0
B03619,C0261,D0019,2026-01-02 12:35:00,Connaught Place,Saket,Delhi,Bike,UPI,16.39,45.7,138.34,1.13,Medium,Cloudy,Incomplete,Unknown,6.2
B03620,C0026,D0113,2026-01-23 15:46:00,Chembur,Malad,Mumbai,Cab,Card,1.11,2.5,105.54,1.33,Low,Rain,Completed,Unknown,2.7
B03621,C0022,D0051,2026-02-01 04:00:00,Pitampura,Connaught Place,Delhi,Bike,UPI,2.41,5.7,54.46,1.04,Medium,Clear,Cancelled,Customer,1.8
B03622,C0320,D0034,2026-02-04 16:19:00,Koramangala,HSR Layout,Bengaluru,Cab,UPI,1.34,5.4,108.76,1.63,High,Rain,Cancelled,Customer,8.3
B03623,C0173,D0069,2026-03-15 14:39:00,Kothrud,Baner,Pune,Bike,Cash,3.69,10.6,62.14,1.02,Medium,Clear,Completed,Unknown,8.1
B03624,C0033,D0125,2026-01-30 19:34:00,Jayanagar,Whitefield,Bengaluru,Auto,UPI,4.81,15.9,103.29,1.94,High,Rain,Completed,Unknown,6.3
B03625,C0111,D0031,2026-01-09 10:05:00,Marathahalli,Whitefield,Bengaluru,Auto,Cash,16.36,29.3,207.24,1.08,Low,Clear,Completed,Unknown,5.5
B03626,C0082,D0052,2026-02-21 17:43:00,Madhapur,Kukatpally,Hyderabad,Auto,UPI,10.24,20.9,152.16,1.46,Low,Clear,Completed,Unknown,2.2
B03627,C0077,D0095,2026-03-14 23:21:00,Kukatpally,Madhapur,Hyderabad,Bike,Wallet,8.04,13.0,88.24,1.08,Low,Cloudy,Cancelled,Customer,0.0
B03628,C0105,D0126,2026-02-22 22:40:00,Hauz Khas,Pitampura,Delhi,Cab,Cash,7.89,20.9,200.46,1.08,Medium,Cloudy,Incomplete,Unknown,10.4
B03629,C0010,D0093,2026-02-25 11:57:00,Saket,Dwarka,Delhi,Cab,Wallet,2.22,8.7,121.08,1.31,High,Smog,Cancelled,Driver,7.6
B03630,C0190,D0107,2026-01-10 13:58:00,Noida Sector 18,Hauz Khas,Delhi,Bike,UPI,19.81,49.1,158.86,1.09,Medium,Clear,Cancelled,Customer,5.0
B03631,C0092,D0066,2026-02-02 22:35:00,Baner,Wakad,Pune,Auto,UPI,4.97,14.4,104.73,1.05,Medium,Clear,Completed,Unknown,7.9
B03632,C0146,D0096,2026-01-25 21:32:00,Viman Nagar,Baner,Pune,Bike,Card,7.91,18.9,87.46,1.08,Medium,Cloudy,Completed,Unknown,0.0
B03633,C0237,D0003,2026-03-05 09:36:00,Whitefield,Koramangala,Bengaluru,Auto,Card,6.89,27.1,122.01,2.01,High,Rain,Cancelled,Customer,5.1
B03634,C0389,D0004,2026-01-12 04:39:00,Connaught Place,Rohini,Delhi,Cab,UPI,3.82,6.5,143.48,1.09,Low,Cloudy,Incomplete,Unknown,11.9
B03635,C0178,D0131,2026-03-06 04:14:00,Dadar,Borivali,Mumbai,Cab,Card,3.07,5.1,132.98,1.03,Low,Clear,Completed,Unknown,6.7
B03636,C0139,D0115,2026-03-27 11:50:00,Borivali,Malad,Mumbai,Auto,UPI,1.41,3.6,72.69,1.25,Medium,Rain,Completed,Unknown,0.0
B03637,C0285,D0136,2026-01-29 07:15:00,Andheri,Colaba,Mumbai,Bike,UPI,1.35,4.2,48.1,1.44,Medium,Clear,Completed,Unknown,0.0
B03638,C0012,D0045,2026-02-16 14:52:00,Kharadi,Kothrud,Pune,Cab,UPI,12.62,29.1,266.68,1.03,Low,Cloudy,Completed,Unknown,5.4
B03639,C0076,D0150,2026-02-16 19:13:00,Gachibowli,Secunderabad,Hyderabad,Auto,Cash,4.49,10.0,100.41,1.49,Medium,Clear,Completed,Unknown,0.3
B03640,C0114,D0064,2026-01-17 17:17:00,Kukatpally,Banjara Hills,Hyderabad,Bike,UPI,7.11,20.8,82.66,1.44,Medium,Clear,Completed,Unknown,0.0
B03641,C0324,D0026,2026-03-14 00:23:00,HSR Layout,Koramangala,Bengaluru,Cab,Card,9.09,15.1,217.26,1.07,Low,Cloudy,Completed,Unknown,9.5
B03642,C0177,D0142,2026-02-02 15:29:00,Hauz Khas,Rohini,Delhi,Auto,UPI,15.04,46.7,195.36,1.02,Medium,Cloudy,Completed,Unknown,7.0
B03643,C0371,D0139,2026-03-09 14:11:00,Indiranagar,Jayanagar,Bengaluru,Cab,UPI,1.96,5.4,117.44,1.44,High,Clear,Completed,Unknown,2.0
B03644,C0238,D0004,2026-03-23 18:32:00,Bandra,Andheri,Mumbai,Bike,UPI,4.4,17.4,66.4,1.78,High,Clear,Completed,Unknown,10.8
B03645,C0394,D0053,2026-03-31 22:04:00,Rohini,Hauz Khas,Delhi,Bike,Wallet,9.57,37.1,97.42,1.43,High,Cloudy,Completed,Unknown,3.4
B03646,C0183,D0078,2026-02-25 14:14:00,Dadar,Malad,Mumbai,Cab,UPI,1.16,2.8,106.24,1.14,Medium,Clear,Incomplete,Unknown,3.2
B03647,C0199,D0115,2026-03-10 05:17:00,Dwarka,Connaught Place,Delhi,Bike,Cash,6.66,24.9,79.96,1.51,High,Rain,Completed,Unknown,6.4
B03648,C0248,D0112,2026-03-21 04:47:00,Wakad,Hinjewadi,Pune,Bike,UPI,7.71,19.0,86.26,1.04,Medium,Cloudy,Completed,Unknown,15.3
B03649,C0379,D0127,2026-01-13 06:29:00,Baner,Wakad,Pune,Cab,Card,7.58,17.0,196.12,1.04,Low,Smog,Completed,Unknown,1.1
B03650,C0184,D0116,2026-02-09 07:40:00,HSR Layout,MG Road,Bengaluru,Auto,Card,3.01,9.3,87.09,1.52,Medium,Clear,Completed,Unknown,0.0
B03651,C0089,D0133,2026-02-01 03:18:00,Koramangala,MG Road,Bengaluru,Auto,UPI,13.23,40.6,179.07,1.05,Medium,Clear,Incomplete,Unknown,5.2
B03652,C0400,D0038,2026-03-21 23:39:00,Kothrud,Viman Nagar,Pune,Bike,Cash,3.88,10.3,63.28,1.25,Medium,Rain,Completed,Unknown,7.9
B03653,C0266,D0120,2026-02-28 11:59:00,Connaught Place,Rohini,Delhi,Cab,Wallet,5.59,11.5,168.26,1.33,Low,Rain,Incomplete,Unknown,1.9
B03654,C0247,D0018,2026-03-25 05:14:00,Kothrud,Kharadi,Pune,Cab,Card,17.47,36.7,334.58,1.15,Low,Cloudy,Completed,Unknown,0.2
B03655,C0389,D0014,2026-03-25 09:52:00,MG Road,Electronic City,Bengaluru,Cab,UPI,11.29,33.6,248.06,1.73,High,Clear,Completed,Unknown,2.3
B03656,C0150,D0029,2026-03-05 05:23:00,Gachibowli,Banjara Hills,Hyderabad,Auto,Card,1.42,5.0,72.78,1.57,High,Rain,Completed,Unknown,0.4
B03657,C0213,D0036,2026-01-23 16:55:00,HSR Layout,MG Road,Bengaluru,Bike,Card,4.19,7.3,65.14,1.03,Low,Cloudy,Completed,Unknown,2.8
B03658,C0285,D0034,2026-03-08 03:09:00,Kothrud,Wakad,Pune,Cab,UPI,1.13,2.5,105.82,1.0,Low,Clear,Completed,Unknown,3.0
B03659,C0207,D0131,2026-02-01 12:31:00,Jayanagar,Electronic City,Bengaluru,Cab,Cash,2.76,5.3,128.64,1.11,Low,Clear,Completed,Unknown,0.0
B03660,C0225,D0009,2026-02-01 01:10:00,Banjara Hills,Kukatpally,Hyderabad,Bike,UPI,26.6,61.5,199.6,1.12,Medium,Clear,Completed,Unknown,0.1
B03661,C0261,D0125,2026-03-25 15:50:00,Kukatpally,Secunderabad,Hyderabad,Bike,Wallet,3.71,9.3,62.26,1.08,Medium,Clear,Completed,Unknown,6.0
B03662,C0353,D0026,2026-02-09 10:19:00,Ameerpet,Kukatpally,Hyderabad,Bike,UPI,11.27,27.0,107.62,1.12,Low,Clear,Cancelled,Customer,2.7
B03663,C0046,D0068,2026-03-07 17:55:00,Powai,Bandra,Mumbai,Bike,Wallet,3.15,7.8,58.9,1.44,Medium,Cloudy,Cancelled,Customer,1.4
B03664,C0302,D0031,2026-03-16 17:30:00,Kothrud,Kharadi,Pune,Bike,UPI,3.27,10.0,59.62,1.67,Medium,Rain,Completed,Unknown,3.6
B03665,C0082,D0087,2026-01-24 02:17:00,Kothrud,Baner,Pune,Bike,UPI,1.63,3.1,49.78,1.14,Low,Cloudy,Incomplete,Unknown,10.0
B03666,C0238,D0084,2026-03-01 21:50:00,Kothrud,Hinjewadi,Pune,Cab,UPI,5.23,9.6,163.22,1.07,Low,Clear,Completed,Unknown,1.2
B03667,C0149,D0015,2026-01-21 23:48:00,Kothrud,Kharadi,Pune,Bike,Cash,2.09,4.1,52.54,1.27,Low,Rain,Completed,Unknown,6.5
B03668,C0284,D0056,2026-03-18 09:31:00,Whitefield,HSR Layout,Bengaluru,Cab,UPI,1.29,3.8,108.06,1.72,High,Cloudy,Cancelled,Customer,9.3
B03669,C0128,D0132,2026-03-18 20:56:00,Banjara Hills,Madhapur,Hyderabad,Bike,UPI,14.87,44.8,129.22,1.14,Medium,Clear,Completed,Unknown,3.9
B03670,C0206,D0072,2026-02-15 11:15:00,HSR Layout,MG Road,Bengaluru,Auto,UPI,9.7,16.3,147.3,1.33,Low,Rain,Completed,Unknown,7.7
B03671,C0284,D0052,2026-02-10 19:34:00,Indiranagar,Koramangala,Bengaluru,Bike,UPI,7.51,28.5,85.06,1.75,High,Clear,Cancelled,Customer,9.1
B03672,C0282,D0090,2026-01-14 03:18:00,Andheri,Bandra,Mumbai,Auto,Card,6.26,12.6,116.34,1.04,Low,Clear,Completed,Unknown,5.2
B03673,C0169,D0060,2026-03-16 12:33:00,Rohini,Connaught Place,Delhi,Bike,UPI,5.76,12.1,74.56,1.04,Medium,Cloudy,Completed,Unknown,0.0
B03674,C0281,D0107,2026-03-30 03:55:00,Electronic City,Koramangala,Bengaluru,Auto,Wallet,5.49,20.2,109.41,1.59,High,Rain,Completed,Unknown,5.5
B03675,C0366,D0015,2026-01-25 23:22:00,Saket,Lajpat Nagar,Delhi,Bike,Cash,4.54,10.8,67.24,1.05,Low,Clear,Completed,Unknown,3.3
B03676,C0255,D0123,2026-01-19 13:20:00,Marathahalli,MG Road,Bengaluru,Cab,UPI,4.27,9.3,149.78,1.05,Low,Clear,Cancelled,Driver,0.8
B03677,C0230,D0137,2026-03-02 16:31:00,Koramangala,Marathahalli,Bengaluru,Cab,UPI,3.04,6.9,132.56,1.01,Low,Clear,Cancelled,Customer,9.3
B03678,C0179,D0068,2026-02-22 08:42:00,Powai,Colaba,Mumbai,Bike,Card,28.16,80.7,208.96,1.81,High,Clear,Cancelled,Driver,1.5
B03679,C0271,D0076,2026-02-25 15:48:00,Chembur,Colaba,Mumbai,Bike,Wallet,3.55,10.7,61.3,1.01,Medium,Clear,Completed,Unknown,5.8
B03680,C0063,D0041,2026-01-19 04:45:00,Pitampura,Lajpat Nagar,Delhi,Cab,Wallet,5.02,10.8,160.28,1.04,Low,Clear,Completed,Unknown,0.0
B03681,C0136,D0120,2026-03-28 17:42:00,Malad,Powai,Mumbai,Cab,UPI,45.0,115.7,720.0,1.49,Medium,Clear,Completed,Unknown,7.7
B03682,C0391,D0006,2026-01-06 19:12:00,HSR Layout,Electronic City,Bengaluru,Auto,Wallet,3.53,14.1,91.77,1.75,High,Clear,Completed,Unknown,7.2
B03683,C0110,D0105,2026-02-11 00:51:00,Kothrud,Kharadi,Pune,Bike,Card,8.18,14.3,89.08,1.13,Low,Clear,Completed,Unknown,1.9
B03684,C0297,D0003,2026-03-05 02:10:00,Hauz Khas,Karol Bagh,Delhi,Bike,Card,6.52,10.5,79.12,1.1,Low,Clear,Completed,Unknown,0.2
B03685,C0002,D0067,2026-01-10 06:12:00,Ameerpet,Secunderabad,Hyderabad,Auto,Cash,32.55,109.9,352.95,1.39,High,Cloudy,Cancelled,Driver,5.2
B03686,C0286,D0090,2026-01-13 14:54:00,Chembur,Andheri,Mumbai,Bike,UPI,3.56,6.6,61.36,1.26,Low,Rain,Completed,Unknown,3.4
B03687,C0334,D0001,2026-01-16 05:55:00,Indiranagar,Jayanagar,Bengaluru,Bike,UPI,11.5,26.5,109.0,1.27,Low,Rain,Incomplete,Unknown,1.1
B03688,C0265,D0012,2026-03-03 16:48:00,Marathahalli,HSR Layout,Bengaluru,Cab,UPI,6.97,17.4,187.58,1.28,Medium,Rain,Completed,Unknown,5.9
B03689,C0400,D0056,2026-01-12 22:34:00,Malad,Colaba,Mumbai,Bike,Cash,4.96,10.6,69.76,1.08,Medium,Clear,Completed,Unknown,6.7
B03690,C0036,D0140,2026-02-19 13:27:00,Madhapur,Ameerpet,Hyderabad,Bike,Card,1.82,5.2,50.92,1.07,Medium,Clear,Completed,Unknown,3.0
B03691,C0157,D0085,2026-01-10 14:35:00,Dadar,Borivali,Mumbai,Cab,UPI,6.92,17.8,186.88,1.02,Medium,Clear,Completed,Unknown,1.8
B03692,C0225,D0095,2026-01-02 20:48:00,Jayanagar,Indiranagar,Bengaluru,Auto,Cash,5.46,18.8,109.14,1.39,High,Clear,Completed,Unknown,7.0
B03693,C0373,D0039,2026-01-20 07:25:00,Kothrud,Baner,Pune,Cab,Cash,7.05,16.2,188.7,1.43,Medium,Clear,Completed,Unknown,1.7
B03694,C0002,D0037,2026-02-04 21:19:00,Kharadi,Kothrud,Pune,Auto,Cash,5.35,20.1,108.15,1.44,High,Cloudy,Cancelled,Driver,4.6
B03695,C0028,D0059,2026-02-28 00:51:00,Banjara Hills,Kukatpally,Hyderabad,Auto,Wallet,22.16,36.0,259.44,1.14,Low,Clear,Cancelled,Customer,3.2
B03696,C0142,D0136,2026-03-09 10:46:00,Whitefield,MG Road,Bengaluru,Auto,UPI,9.45,18.6,145.05,1.08,Low,Clear,Incomplete,Unknown,1.1
B03697,C0260,D0049,2026-01-09 12:37:00,MG Road,Jayanagar,Bengaluru,Auto,Wallet,22.42,65.3,261.78,1.07,Medium,Clear,Completed,Unknown,3.7
B03698,C0093,D0042,2026-01-20 10:28:00,Ameerpet,Banjara Hills,Hyderabad,Auto,UPI,6.93,28.1,122.37,1.32,High,Smog,Completed,Unknown,1.9
B03699,C0165,D0038,2026-01-17 13:58:00,Gachibowli,Secunderabad,Hyderabad,Bike,UPI,5.83,20.9,74.98,1.43,High,Clear,Completed,Unknown,8.6
B03700,C0060,D0133,2026-03-09 16:08:00,Ameerpet,Secunderabad,Hyderabad,Bike,Cash,5.24,14.8,71.44,1.02,Medium,Clear,Completed,Unknown,2.4
B03701,C0386,D0034,2026-01-10 00:14:00,Powai,Bandra,Mumbai,Cab,UPI,8.2,20.7,204.8,1.01,Medium,Cloudy,Completed,Unknown,4.7
B03702,C0011,D0090,2026-02-02 21:24:00,Madhapur,Banjara Hills,Hyderabad,Auto,Card,15.94,34.1,203.46,1.06,Medium,Smog,Completed,Unknown,0.3
B03703,C0163,D0093,2026-01-16 10:35:00,Kharadi,Baner,Pune,Auto,UPI,18.09,40.2,222.81,1.24,Low,Rain,Completed,Unknown,6.2
B03704,C0050,D0053,2026-01-08 19:37:00,Noida Sector 18,Janakpuri,Delhi,Bike,Wallet,5.39,8.9,72.34,1.54,Low,Clear,Completed,Unknown,6.2
B03705,C0090,D0122,2026-03-16 00:25:00,Hinjewadi,Kothrud,Pune,Cab,UPI,1.32,3.4,108.48,1.03,Medium,Clear,Cancelled,Customer,0.0
B03706,C0284,D0067,2026-01-12 15:10:00,Dadar,Malad,Mumbai,Auto,Card,5.0,16.6,105.0,1.31,High,Clear,Completed,Unknown,2.5
B03707,C0376,D0085,2026-03-06 01:50:00,Powai,Dadar,Mumbai,Bike,Card,4.37,9.6,66.22,1.33,Low,Rain,Completed,Unknown,0.0
B03708,C0254,D0100,2026-03-08 09:16:00,MG Road,Electronic City,Bengaluru,Auto,Cash,1.48,3.6,73.32,1.49,Medium,Cloudy,Completed,Unknown,0.0
B03709,C0101,D0142,2026-03-16 18:16:00,Kothrud,Kharadi,Pune,Auto,Card,4.24,15.6,98.16,1.76,High,Clear,Cancelled,Customer,2.2
B03710,C0329,D0136,2026-03-04 19:25:00,Connaught Place,Hauz Khas,Delhi,Cab,Card,2.49,4.2,124.86,1.47,Low,Cloudy,Completed,Unknown,1.0
B03711,C0331,D0095,2026-01-31 02:49:00,MG Road,Indiranagar,Bengaluru,Bike,Wallet,2.56,4.6,55.36,1.02,Low,Clear,Completed,Unknown,1.8
B03712,C0240,D0067,2026-01-30 07:56:00,Kothrud,Baner,Pune,Auto,Card,2.57,5.2,83.13,1.53,Low,Smog,Completed,Unknown,5.1
B03713,C0016,D0137,2026-01-19 12:29:00,Dwarka,Lajpat Nagar,Delhi,Cab,UPI,18.13,60.2,343.82,1.32,High,Clear,Completed,Unknown,10.8
B03714,C0391,D0053,2026-03-24 23:27:00,HSR Layout,Koramangala,Bengaluru,Auto,Cash,6.58,11.0,119.22,1.09,Low,Clear,Completed,Unknown,3.7
B03715,C0139,D0045,2026-03-07 02:11:00,Kharadi,Baner,Pune,Bike,Wallet,5.89,13.2,75.34,1.04,Low,Clear,Completed,Unknown,2.5
B03716,C0356,D0129,2026-01-19 19:49:00,Whitefield,Marathahalli,Bengaluru,Cab,UPI,15.75,43.2,310.5,1.76,High,Clear,Cancelled,Customer,1.2
B03717,C0191,D0104,2026-02-17 20:27:00,Hinjewadi,Wakad,Pune,Cab,UPI,6.06,13.7,174.84,1.03,Medium,Cloudy,Cancelled,Customer,0.0
B03718,C0206,D0125,2026-03-30 06:19:00,Kharadi,Kothrud,Pune,Bike,Card,4.9,14.8,69.4,1.36,High,Clear,Completed,Unknown,3.6
B03719,C0170,D0144,2026-03-08 15:36:00,Dwarka,Janakpuri,Delhi,Auto,UPI,39.45,68.0,415.05,1.05,Low,Cloudy,Completed,Unknown,3.6
B03720,C0096,D0108,2026-02-09 04:05:00,Borivali,Bandra,Mumbai,Cab,UPI,2.41,6.0,123.74,1.07,Medium,Cloudy,Completed,Unknown,1.9
B03721,C0022,D0009,2026-03-27 08:13:00,Kukatpally,Ameerpet,Hyderabad,Auto,Card,14.98,57.2,194.82,1.83,High,Clear,Completed,Unknown,0.4
B03722,C0386,D0072,2026-03-04 03:48:00,Powai,Bandra,Mumbai,Bike,UPI,3.59,8.2,61.54,1.13,Medium,Clear,Incomplete,Unknown,1.7
B03723,C0118,D0129,2026-01-11 14:11:00,Borivali,Andheri,Mumbai,Bike,Card,3.37,7.2,60.22,1.13,Low,Cloudy,Completed,Unknown,0.7
B03724,C0105,D0071,2026-03-10 09:32:00,Kothrud,Viman Nagar,Pune,Auto,Card,4.43,12.3,99.87,1.84,High,Cloudy,Completed,Unknown,4.0
B03725,C0323,D0116,2026-03-07 04:07:00,Hinjewadi,Kharadi,Pune,Cab,Cash,7.95,17.2,201.3,1.06,Medium,Clear,Completed,Unknown,0.0
B03726,C0233,D0142,2026-02-20 11:32:00,MG Road,HSR Layout,Bengaluru,Cab,Card,2.9,6.5,130.6,1.01,Medium,Clear,Cancelled,Customer,4.1
B03727,C0358,D0026,2026-03-14 01:57:00,Viman Nagar,Hinjewadi,Pune,Cab,UPI,4.96,8.6,159.44,1.01,Low,Clear,Incomplete,Unknown,0.8
B03728,C0185,D0029,2026-01-06 16:55:00,Ameerpet,Banjara Hills,Hyderabad,Cab,UPI,10.02,22.1,230.28,1.02,Low,Cloudy,Completed,Unknown,0.0
B03729,C0375,D0053,2026-02-19 01:36:00,Marathahalli,HSR Layout,Bengaluru,Bike,UPI,4.48,9.9,66.88,1.13,Low,Cloudy,Completed,Unknown,5.0
B03730,C0084,D0119,2026-01-16 08:52:00,Connaught Place,Hauz Khas,Delhi,Auto,UPI,3.46,12.4,91.14,1.96,High,Rain,Completed,Unknown,10.3
B03731,C0258,D0107,2026-03-07 23:29:00,Kharadi,Viman Nagar,Pune,Bike,Cash,2.84,10.8,57.04,1.37,High,Smog,Cancelled,Customer,8.8
B03732,C0338,D0072,2026-02-25 15:45:00,Colaba,Dadar,Mumbai,Cab,UPI,4.1,8.4,147.4,1.01,Low,Clear,Completed,Unknown,3.2
B03733,C0236,D0093,2026-03-26 09:26:00,HSR Layout,Jayanagar,Bengaluru,Bike,UPI,4.86,18.3,69.16,1.7,High,Smog,Cancelled,Driver,5.9
B03734,C0114,D0058,2026-03-30 09:43:00,Ameerpet,Madhapur,Hyderabad,Bike,Wallet,8.58,29.0,91.48,1.78,High,Cloudy,Cancelled,Driver,13.4
B03735,C0124,D0087,2026-01-07 10:23:00,Andheri,Dadar,Mumbai,Cab,Card,3.98,8.1,145.72,1.13,Low,Clear,Completed,Unknown,7.5
B03736,C0224,D0055,2026-01-14 08:59:00,Whitefield,Jayanagar,Bengaluru,Cab,UPI,10.84,33.3,241.76,1.83,High,Clear,Completed,Unknown,11.0
B03737,C0084,D0139,2026-02-07 09:50:00,Janakpuri,Lajpat Nagar,Delhi,Auto,UPI,5.05,14.5,105.45,1.85,High,Clear,Completed,Unknown,3.1
B03738,C0093,D0072,2026-02-06 22:47:00,Powai,Bandra,Mumbai,Auto,Card,1.21,2.0,70.89,1.11,Low,Clear,Completed,Unknown,0.5
B03739,C0025,D0056,2026-01-10 00:26:00,Madhapur,Secunderabad,Hyderabad,Auto,UPI,8.33,19.9,134.97,1.04,Low,Smog,Completed,Unknown,6.9
B03740,C0115,D0060,2026-01-20 21:52:00,Wakad,Baner,Pune,Bike,UPI,5.13,11.6,70.78,1.04,Low,Clear,Completed,Unknown,1.3
B03741,C0277,D0029,2026-01-07 20:30:00,Jayanagar,MG Road,Bengaluru,Bike,Wallet,4.33,12.3,65.98,1.08,Medium,Cloudy,Completed,Unknown,6.3
B03742,C0167,D0015,2026-01-01 21:45:00,Gachibowli,Ameerpet,Hyderabad,Auto,UPI,8.43,14.4,135.87,1.13,Low,Cloudy,Completed,Unknown,4.5
B03743,C0366,D0051,2026-03-05 05:49:00,Ameerpet,Kukatpally,Hyderabad,Auto,Card,1.5,3.1,73.5,1.07,Low,Clear,Completed,Unknown,1.7
B03744,C0284,D0127,2026-01-10 23:25:00,Kukatpally,Ameerpet,Hyderabad,Auto,UPI,2.79,6.1,85.11,1.08,Low,Cloudy,Completed,Unknown,6.7
B03745,C0196,D0078,2026-02-11 15:24:00,Andheri,Bandra,Mumbai,Auto,Card,2.11,5.6,78.99,1.15,Medium,Clear,Cancelled,Customer,7.8
B03746,C0351,D0086,2026-03-31 05:05:00,MG Road,Jayanagar,Bengaluru,Cab,UPI,2.3,6.4,122.2,1.04,Medium,Cloudy,Completed,Unknown,0.0
B03747,C0139,D0143,2026-01-23 02:52:00,MG Road,Koramangala,Bengaluru,Bike,Wallet,5.57,9.2,73.42,1.04,Low,Clear,Completed,Unknown,0.0
B03748,C0056,D0060,2026-03-11 05:16:00,Malad,Colaba,Mumbai,Cab,Card,20.17,49.9,372.38,1.1,Medium,Clear,Completed,Unknown,1.2
B03749,C0178,D0069,2026-03-26 16:29:00,Kothrud,Baner,Pune,Auto,UPI,8.15,18.5,133.35,1.13,Low,Cloudy,Completed,Unknown,9.8
B03750,C0309,D0019,2026-02-24 00:44:00,Wakad,Viman Nagar,Pune,Bike,UPI,7.83,18.5,86.98,1.11,Medium,Cloudy,Completed,Unknown,3.7
B03751,C0301,D0037,2026-01-22 08:44:00,HSR Layout,Jayanagar,Bengaluru,Bike,Card,9.89,29.0,99.34,1.71,High,Clear,Completed,Unknown,3.6
B03752,C0034,D0126,2026-01-13 09:20:00,Baner,Wakad,Pune,Bike,UPI,21.33,50.4,167.98,1.46,Medium,Clear,Completed,Unknown,11.5
B03753,C0009,D0045,2026-02-15 02:29:00,Hinjewadi,Viman Nagar,Pune,Auto,Wallet,12.16,37.9,169.44,1.33,Medium,Rain,Completed,Unknown,2.2
B03754,C0299,D0131,2026-03-18 14:09:00,Karol Bagh,Rohini,Delhi,Auto,Card,1.49,2.6,73.41,1.11,Low,Cloudy,Completed,Unknown,0.1
B03755,C0163,D0100,2026-02-22 21:56:00,Hinjewadi,Kharadi,Pune,Bike,Cash,4.88,11.1,69.28,1.01,Low,Cloudy,Completed,Unknown,3.0
B03756,C0341,D0001,2026-02-05 08:20:00,Dadar,Andheri,Mumbai,Bike,UPI,1.95,5.9,51.7,1.54,Medium,Clear,Completed,Unknown,0.0
B03757,C0308,D0063,2026-01-17 04:59:00,Kharadi,Wakad,Pune,Auto,UPI,13.21,35.1,178.89,1.08,Medium,Clear,Completed,Unknown,1.3
B03758,C0217,D0133,2026-03-30 06:59:00,Lajpat Nagar,Pitampura,Delhi,Cab,Wallet,8.16,16.2,204.24,1.31,Low,Rain,Completed,Unknown,0.0
B03759,C0094,D0017,2026-01-20 08:49:00,Malad,Bandra,Mumbai,Cab,Card,5.72,18.6,170.08,1.81,High,Clear,Cancelled,Customer,2.5
B03760,C0238,D0020,2026-03-09 15:37:00,MG Road,Marathahalli,Bengaluru,Auto,Card,8.83,16.8,139.47,1.12,Low,Cloudy,Completed,Unknown,3.3
B03761,C0066,D0124,2026-01-15 14:21:00,Kukatpally,Banjara Hills,Hyderabad,Bike,Cash,13.5,24.2,121.0,1.13,Low,Clear,Completed,Unknown,4.7
B03762,C0390,D0139,2026-01-20 12:41:00,Dadar,Colaba,Mumbai,Auto,UPI,6.62,10.8,119.58,1.07,Low,Clear,Incomplete,Unknown,3.1
B03763,C0039,D0060,2026-03-28 13:38:00,Kharadi,Baner,Pune,Auto,Cash,4.23,11.0,98.07,1.13,Medium,Clear,Completed,Unknown,0.0
B03764,C0192,D0066,2026-03-02 16:28:00,Colaba,Chembur,Mumbai,Bike,Card,7.41,18.0,84.46,1.1,Medium,Clear,Cancelled,Driver,6.7
B03765,C0021,D0099,2026-02-07 22:33:00,Karol Bagh,Connaught Place,Delhi,Bike,Card,1.12,2.6,46.72,1.07,Medium,Clear,Completed,Unknown,5.0
B03766,C0340,D0050,2026-03-24 14:00:00,Hinjewadi,Baner,Pune,Auto,UPI,17.58,60.9,218.22,1.33,High,Clear,Completed,Unknown,1.1
B03767,C0381,D0041,2026-01-02 08:37:00,Wakad,Viman Nagar,Pune,Cab,UPI,5.88,20.0,172.32,1.8,High,Clear,Completed,Unknown,5.5
B03768,C0346,D0079,2026-02-06 02:19:00,Pitampura,Connaught Place,Delhi,Auto,UPI,12.38,28.8,171.42,1.1,Medium,Clear,Completed,Unknown,2.4
B03769,C0090,D0031,2026-01-31 13:02:00,Viman Nagar,Kothrud,Pune,Bike,UPI,3.48,9.7,60.88,1.04,Medium,Clear,Completed,Unknown,4.0
B03770,C0106,D0058,2026-03-16 16:45:00,Lajpat Nagar,Janakpuri,Delhi,Auto,Wallet,2.35,6.7,81.15,1.13,Medium,Clear,Cancelled,Customer,5.5
B03771,C0313,D0002,2026-03-07 07:43:00,Saket,Hauz Khas,Delhi,Auto,Card,1.08,3.1,69.72,1.76,High,Cloudy,Cancelled,Customer,9.5
B03772,C0039,D0142,2026-03-27 14:57:00,Karol Bagh,Pitampura,Delhi,Bike,Wallet,4.3,12.0,65.8,1.2,Medium,Rain,Cancelled,Driver,1.0
B03773,C0113,D0133,2026-02-20 05:36:00,Dwarka,Janakpuri,Delhi,Bike,Cash,12.59,21.2,115.54,1.1,Low,Cloudy,Incomplete,Unknown,4.1
B03774,C0118,D0093,2026-03-18 04:18:00,Saket,Rohini,Delhi,Auto,UPI,13.49,29.8,181.41,1.14,Medium,Clear,Completed,Unknown,2.0
B03775,C0157,D0114,2026-01-07 22:47:00,Gachibowli,Ameerpet,Hyderabad,Auto,UPI,5.56,15.2,110.04,1.53,High,Rain,Completed,Unknown,8.9
B03776,C0291,D0079,2026-02-27 05:51:00,Kharadi,Hinjewadi,Pune,Auto,UPI,3.68,7.5,93.12,1.1,Low,Clear,Cancelled,Customer,4.5
B03777,C0220,D0126,2026-01-06 12:51:00,Connaught Place,Lajpat Nagar,Delhi,Bike,UPI,6.54,19.6,79.24,1.42,High,Clear,Incomplete,Unknown,9.8
B03778,C0104,D0019,2026-01-29 23:25:00,Colaba,Powai,Mumbai,Auto,Wallet,2.67,6.5,84.03,1.08,Medium,Clear,Completed,Unknown,6.7
B03779,C0016,D0085,2026-02-08 06:22:00,Chembur,Andheri,Mumbai,Auto,Card,5.76,10.2,111.84,1.06,Low,Clear,Completed,Unknown,0.7
B03780,C0055,D0069,2026-03-14 12:07:00,Rohini,Karol Bagh,Delhi,Cab,Cash,5.01,11.6,160.14,1.14,Medium,Clear,Cancelled,Customer,3.2
B03781,C0029,D0072,2026-02-20 03:33:00,Dadar,Borivali,Mumbai,Bike,Card,1.72,4.0,50.32,1.09,Low,Clear,Completed,Unknown,6.8
B03782,C0101,D0011,2026-01-22 23:32:00,Ameerpet,Kukatpally,Hyderabad,Cab,Card,11.16,34.9,246.24,1.44,High,Clear,Cancelled,Driver,6.6
B03783,C0258,D0134,2026-01-30 19:10:00,Chembur,Colaba,Mumbai,Cab,Cash,2.36,7.0,123.04,1.8,High,Clear,Completed,Unknown,9.8
B03784,C0165,D0069,2026-02-02 08:48:00,Hauz Khas,Pitampura,Delhi,Auto,UPI,3.69,13.7,93.21,1.82,High,Cloudy,Completed,Unknown,6.2
B03785,C0170,D0125,2026-01-25 22:58:00,Karol Bagh,Saket,Delhi,Cab,UPI,5.14,10.8,161.96,1.14,Low,Clear,Completed,Unknown,0.0
B03786,C0109,D0004,2026-02-08 11:15:00,Kukatpally,Banjara Hills,Hyderabad,Auto,UPI,3.63,10.3,92.67,1.31,Medium,Rain,Completed,Unknown,8.9
B03787,C0369,D0014,2026-02-05 07:34:00,Chembur,Andheri,Mumbai,Auto,UPI,6.31,10.3,116.79,1.48,Low,Cloudy,Completed,Unknown,2.7
B03788,C0342,D0027,2026-02-21 19:51:00,Jayanagar,Whitefield,Bengaluru,Cab,Cash,4.17,12.5,148.38,1.81,High,Clear,Cancelled,Customer,2.6
B03789,C0338,D0108,2026-01-26 18:24:00,Lajpat Nagar,Karol Bagh,Delhi,Bike,Wallet,13.44,37.3,120.64,1.95,High,Rain,Completed,Unknown,6.8
B03790,C0400,D0064,2026-03-15 09:30:00,Rohini,Pitampura,Delhi,Auto,Wallet,5.68,17.9,111.12,1.8,High,Clear,Cancelled,Customer,8.2
B03791,C0075,D0033,2026-02-04 23:13:00,Chembur,Powai,Mumbai,Bike,Cash,8.28,23.9,89.68,1.03,Medium,Clear,Completed,Unknown,0.0
B03792,C0222,D0132,2026-01-16 16:55:00,Ameerpet,Banjara Hills,Hyderabad,Cab,Card,2.71,7.6,127.94,1.62,High,Rain,Completed,Unknown,8.5
B03793,C0349,D0074,2026-02-10 21:46:00,Gachibowli,Ameerpet,Hyderabad,Cab,Card,3.41,12.9,137.74,1.37,High,Clear,Cancelled,Driver,8.1
B03794,C0152,D0131,2026-02-01 08:49:00,Viman Nagar,Hinjewadi,Pune,Cab,Cash,2.7,8.4,127.8,1.48,Medium,Clear,Completed,Unknown,0.0
B03795,C0214,D0080,2026-03-29 15:26:00,Madhapur,Banjara Hills,Hyderabad,Auto,UPI,15.79,45.3,202.11,1.06,Medium,Cloudy,Incomplete,Unknown,0.0
B03796,C0008,D0027,2026-03-29 19:24:00,Malad,Andheri,Mumbai,Bike,UPI,29.97,63.9,219.82,1.52,Medium,Smog,Cancelled,Customer,3.7
B03797,C0063,D0005,2026-02-26 05:23:00,Ameerpet,Banjara Hills,Hyderabad,Cab,UPI,8.59,17.3,210.26,1.03,Low,Clear,Cancelled,Driver,0.0
B03798,C0187,D0053,2026-02-12 01:34:00,Borivali,Malad,Mumbai,Auto,Cash,1.97,6.1,77.73,1.09,Medium,Clear,Completed,Unknown,0.8
B03799,C0245,D0119,2026-01-01 06:02:00,Hinjewadi,Kharadi,Pune,Bike,Card,8.02,22.8,88.12,1.3,High,Clear,Completed,Unknown,10.0
B03800,C0032,D0076,2026-02-22 04:39:00,Dadar,Colaba,Mumbai,Bike,UPI,3.58,7.8,61.48,1.11,Medium,Clear,Cancelled,Driver,0.0
B03801,C0043,D0076,2026-03-17 21:40:00,Andheri,Colaba,Mumbai,Auto,Card,3.37,7.4,90.33,1.01,Medium,Clear,Cancelled,Customer,0.0
B03802,C0334,D0007,2026-03-03 16:04:00,Baner,Hinjewadi,Pune,Auto,Card,2.36,6.1,81.24,1.08,Medium,Clear,Cancelled,Driver,4.9
B03803,C0188,D0107,2026-03-13 10:18:00,Whitefield,Koramangala,Bengaluru,Auto,Card,15.99,28.4,203.91,1.08,Low,Clear,Completed,Unknown,10.2
B03804,C0088,D0074,2026-03-05 23:40:00,Hinjewadi,Wakad,Pune,Cab,Card,22.8,46.2,409.2,1.02,Low,Cloudy,Completed,Unknown,1.4
B03805,C0120,D0027,2026-02-26 06:38:00,Wakad,Kharadi,Pune,Auto,Card,15.89,34.8,203.01,1.11,Medium,Clear,Completed,Unknown,5.0
B03806,C0269,D0007,2026-03-01 00:36:00,Gachibowli,Banjara Hills,Hyderabad,Cab,Card,2.97,5.8,131.58,1.34,Low,Rain,Completed,Unknown,0.0
B03807,C0067,D0042,2026-02-26 17:09:00,Bandra,Chembur,Mumbai,Auto,UPI,9.77,37.5,147.93,1.95,High,Rain,Completed,Unknown,0.8
B03808,C0290,D0136,2026-02-19 09:33:00,Chembur,Bandra,Mumbai,Cab,Card,7.24,24.7,191.36,1.79,High,Cloudy,Completed,Unknown,3.7
B03809,C0171,D0054,2026-01-23 15:31:00,Madhapur,Kukatpally,Hyderabad,Cab,Cash,3.84,6.8,143.76,1.08,Low,Cloudy,Cancelled,Customer,6.6
B03810,C0313,D0050,2026-01-28 12:02:00,Malad,Chembur,Mumbai,Auto,UPI,1.67,3.3,75.03,1.05,Low,Cloudy,Cancelled,Customer,3.1
B03811,C0106,D0071,2026-03-28 15:42:00,Malad,Dadar,Mumbai,Bike,Card,8.17,21.2,89.02,1.15,Medium,Cloudy,Cancelled,Customer,3.6
B03812,C0022,D0064,2026-01-13 22:56:00,Marathahalli,HSR Layout,Bengaluru,Bike,Cash,4.13,16.2,64.78,1.34,High,Cloudy,Cancelled,Driver,2.6
B03813,C0371,D0033,2026-02-26 07:35:00,Wakad,Kothrud,Pune,Auto,Card,10.38,23.0,153.42,1.41,Medium,Cloudy,Completed,Unknown,0.0
B03814,C0387,D0143,2026-02-11 20:22:00,Jayanagar,Electronic City,Bengaluru,Cab,Card,10.04,21.6,230.56,1.31,Medium,Rain,Cancelled,Driver,0.0
B03815,C0281,D0017,2026-01-19 08:39:00,Powai,Borivali,Mumbai,Bike,UPI,1.88,4.9,51.28,1.49,Medium,Clear,Completed,Unknown,0.0
B03816,C0115,D0035,2026-03-14 22:28:00,Indiranagar,HSR Layout,Bengaluru,Bike,UPI,19.02,44.5,154.12,1.06,Medium,Cloudy,Completed,Unknown,3.2
B03817,C0101,D0121,2026-01-25 07:08:00,Kothrud,Baner,Pune,Bike,Cash,9.1,33.8,94.6,1.83,High,Cloudy,Cancelled,Driver,3.1
B03818,C0263,D0071,2026-03-05 06:19:00,HSR Layout,Marathahalli,Bengaluru,Auto,UPI,1.01,2.7,69.09,1.13,Medium,Clear,Completed,Unknown,0.0
B03819,C0002,D0078,2026-02-18 17:41:00,Rohini,Karol Bagh,Delhi,Cab,UPI,2.24,4.9,121.36,1.41,Medium,Clear,Completed,Unknown,1.0
B03820,C0062,D0022,2026-02-17 22:46:00,Kharadi,Wakad,Pune,Bike,UPI,30.84,72.1,225.04,1.05,Low,Smog,Cancelled,Customer,2.7
B03821,C0071,D0023,2026-01-10 03:02:00,Banjara Hills,Gachibowli,Hyderabad,Bike,UPI,2.52,6.0,55.12,1.03,Low,Cloudy,Cancelled,Driver,6.1
B03822,C0070,D0097,2026-01-16 23:06:00,Saket,Noida Sector 18,Delhi,Auto,Card,12.66,28.5,173.94,1.08,Low,Clear,Completed,Unknown,0.7
B03823,C0034,D0123,2026-03-28 22:12:00,Hinjewadi,Kharadi,Pune,Bike,Card,9.11,19.4,94.66,1.08,Low,Clear,Cancelled,Customer,3.6
B03824,C0299,D0093,2026-02-10 09:56:00,Colaba,Powai,Mumbai,Bike,Card,11.41,42.9,108.46,1.92,High,Rain,Completed,Unknown,11.3
B03825,C0365,D0092,2026-01-02 02:10:00,Secunderabad,Gachibowli,Hyderabad,Cab,UPI,7.52,15.7,195.28,1.04,Low,Clear,Completed,Unknown,0.9
B03826,C0119,D0107,2026-01-15 15:32:00,Madhapur,Kukatpally,Hyderabad,Cab,Card,8.41,19.6,207.74,1.13,Medium,Cloudy,Completed,Unknown,10.2
B03827,C0169,D0051,2026-02-16 11:17:00,MG Road,HSR Layout,Bengaluru,Bike,UPI,2.32,6.8,53.92,1.36,High,Clear,Cancelled,Customer,5.5
B03828,C0168,D0076,2026-01-15 20:50:00,Chembur,Andheri,Mumbai,Auto,Wallet,8.84,20.1,139.56,1.03,Low,Clear,Cancelled,Driver,1.5
B03829,C0034,D0093,2026-01-08 06:34:00,Pitampura,Karol Bagh,Delhi,Cab,Cash,5.3,10.7,164.2,1.03,Low,Clear,Completed,Unknown,2.8
B03830,C0265,D0041,2026-02-27 23:00:00,Electronic City,Koramangala,Bengaluru,Cab,Cash,9.67,19.0,225.38,1.13,Low,Clear,Cancelled,Customer,0.0
B03831,C0246,D0051,2026-03-02 20:39:00,Ameerpet,Kukatpally,Hyderabad,Auto,UPI,2.89,5.0,86.01,1.29,Low,Rain,Cancelled,Customer,6.8
B03832,C0090,D0018,2026-02-13 23:42:00,Kharadi,Wakad,Pune,Bike,Wallet,3.05,5.0,58.3,1.15,Low,Clear,Completed,Unknown,1.6
B03833,C0127,D0025,2026-02-10 17:11:00,HSR Layout,Indiranagar,Bengaluru,Auto,Cash,5.55,20.5,109.95,1.7,High,Clear,Cancelled,Customer,1.7
B03834,C0238,D0027,2026-02-02 16:11:00,Kharadi,Hinjewadi,Pune,Auto,Cash,9.38,20.4,144.42,1.15,Low,Cloudy,Cancelled,Customer,0.9
B03835,C0051,D0050,2026-01-20 02:38:00,Andheri,Powai,Mumbai,Auto,Card,2.95,6.9,86.55,1.12,Low,Cloudy,Completed,Unknown,3.5
B03836,C0068,D0058,2026-01-26 06:05:00,Ameerpet,Gachibowli,Hyderabad,Auto,UPI,3.11,8.1,87.99,1.02,Medium,Clear,Incomplete,Unknown,4.2
B03837,C0199,D0120,2026-02-13 10:40:00,Bandra,Dadar,Mumbai,Bike,UPI,3.17,6.5,59.02,1.04,Low,Cloudy,Completed,Unknown,10.1
B03838,C0390,D0051,2026-01-28 20:44:00,Wakad,Baner,Pune,Cab,Cash,2.61,5.7,126.54,1.08,Low,Clear,Completed,Unknown,3.1
B03839,C0053,D0039,2026-03-11 05:02:00,Chembur,Dadar,Mumbai,Cab,UPI,10.65,31.3,239.1,1.31,High,Clear,Cancelled,Driver,7.8
B03840,C0239,D0076,2026-02-23 08:23:00,Kukatpally,Secunderabad,Hyderabad,Auto,Card,6.51,21.6,118.59,1.82,High,Cloudy,Completed,Unknown,1.8
B03841,C0082,D0018,2026-03-07 12:21:00,Indiranagar,HSR Layout,Bengaluru,Auto,Cash,6.89,16.3,122.01,1.06,Low,Cloudy,Completed,Unknown,0.4
B03842,C0153,D0112,2026-02-21 17:18:00,Hinjewadi,Viman Nagar,Pune,Auto,Card,1.65,4.5,74.85,1.51,Medium,Clear,Completed,Unknown,6.7
B03843,C0255,D0137,2026-03-14 22:34:00,Viman Nagar,Baner,Pune,Bike,Wallet,2.84,5.1,57.04,1.14,Low,Cloudy,Completed,Unknown,5.7
B03844,C0355,D0056,2026-03-04 04:06:00,Noida Sector 18,Dwarka,Delhi,Bike,Card,1.54,3.0,49.24,1.1,Low,Clear,Completed,Unknown,7.0
B03845,C0302,D0041,2026-03-31 10:39:00,Chembur,Andheri,Mumbai,Auto,Wallet,12.97,41.7,176.73,1.44,High,Clear,Completed,Unknown,2.1
B03846,C0105,D0146,2026-03-23 10:04:00,Borivali,Chembur,Mumbai,Auto,Card,20.84,37.6,247.56,1.33,Low,Rain,Completed,Unknown,2.1
B03847,C0251,D0131,2026-03-17 14:30:00,Jayanagar,Whitefield,Bengaluru,Bike,UPI,1.85,5.3,51.1,1.09,Medium,Cloudy,Cancelled,Customer,3.6
B03848,C0102,D0069,2026-02-05 11:44:00,Whitefield,HSR Layout,Bengaluru,Cab,UPI,17.92,37.7,340.88,1.03,Medium,Clear,Completed,Unknown,5.5
B03849,C0276,D0041,2026-03-25 00:53:00,Wakad,Hinjewadi,Pune,Auto,Wallet,15.96,33.4,203.64,1.09,Low,Clear,Completed,Unknown,1.7
B03850,C0148,D0114,2026-01-25 22:11:00,Rohini,Noida Sector 18,Delhi,Bike,Card,6.82,27.7,80.92,1.55,High,Rain,Cancelled,Customer,7.4
B03851,C0264,D0113,2026-03-24 00:55:00,Indiranagar,Koramangala,Bengaluru,Auto,UPI,4.72,10.5,102.48,1.03,Low,Clear,Completed,Unknown,0.0
B03852,C0099,D0117,2026-03-06 03:08:00,Banjara Hills,Kukatpally,Hyderabad,Auto,Wallet,5.14,9.1,106.26,1.02,Low,Clear,Completed,Unknown,3.6
B03853,C0179,D0122,2026-02-06 07:01:00,Kukatpally,Banjara Hills,Hyderabad,Bike,UPI,3.47,9.6,60.82,1.74,High,Smog,Completed,Unknown,6.5
B03854,C0081,D0050,2026-03-21 01:55:00,Baner,Wakad,Pune,Cab,UPI,7.73,20.2,198.22,1.08,Medium,Cloudy,Incomplete,Unknown,0.0
B03855,C0278,D0146,2026-02-18 21:15:00,Saket,Noida Sector 18,Delhi,Cab,Cash,1.09,2.5,105.26,1.34,Medium,Rain,Cancelled,Customer,0.0
B03856,C0090,D0039,2026-02-08 15:00:00,Lajpat Nagar,Rohini,Delhi,Auto,Card,9.08,18.9,141.72,1.11,Low,Clear,Completed,Unknown,2.1
B03857,C0003,D0112,2026-02-12 03:46:00,Indiranagar,Electronic City,Bengaluru,Bike,Card,10.36,23.3,102.16,1.14,Medium,Clear,Completed,Unknown,5.7
B03858,C0168,D0123,2026-03-27 11:09:00,Chembur,Bandra,Mumbai,Auto,UPI,3.06,7.2,87.54,1.05,Low,Cloudy,Completed,Unknown,4.3
B03859,C0352,D0117,2026-02-14 11:52:00,Karol Bagh,Saket,Delhi,Bike,UPI,1.29,2.4,47.74,1.01,Low,Cloudy,Completed,Unknown,0.0
B03860,C0050,D0042,2026-01-08 14:59:00,Kothrud,Baner,Pune,Cab,Card,6.16,21.9,176.24,1.51,High,Rain,Completed,Unknown,5.0
B03861,C0206,D0064,2026-02-28 16:00:00,Koramangala,Jayanagar,Bengaluru,Auto,Cash,3.53,5.7,91.77,1.12,Low,Cloudy,Completed,Unknown,3.2
B03862,C0264,D0079,2026-03-25 08:46:00,Saket,Rohini,Delhi,Cab,UPI,5.81,12.6,171.34,1.49,Low,Clear,Completed,Unknown,0.0
B03863,C0370,D0098,2026-03-10 12:48:00,Connaught Place,Janakpuri,Delhi,Cab,UPI,7.86,17.9,200.04,1.32,Low,Rain,Cancelled,Customer,0.0
B03864,C0295,D0022,2026-01-04 02:31:00,Connaught Place,Karol Bagh,Delhi,Bike,Card,2.48,6.6,54.88,1.05,Medium,Cloudy,Completed,Unknown,4.7
B03865,C0050,D0067,2026-01-27 03:28:00,Indiranagar,Electronic City,Bengaluru,Auto,UPI,5.17,18.9,106.53,1.43,High,Cloudy,Completed,Unknown,3.4
B03866,C0106,D0126,2026-03-10 20:46:00,Andheri,Malad,Mumbai,Bike,UPI,2.28,4.2,53.68,1.11,Low,Clear,Incomplete,Unknown,11.5
B03867,C0188,D0123,2026-01-30 15:41:00,Ameerpet,Gachibowli,Hyderabad,Auto,UPI,4.17,9.0,97.53,1.21,Medium,Rain,Completed,Unknown,0.0
B03868,C0276,D0034,2026-01-20 09:00:00,Secunderabad,Kukatpally,Hyderabad,Bike,Cash,10.85,34.1,105.1,1.83,High,Clear,Completed,Unknown,9.6
B03869,C0033,D0053,2026-01-27 00:19:00,Lajpat Nagar,Rohini,Delhi,Auto,UPI,16.55,58.4,208.95,1.4,High,Cloudy,Completed,Unknown,8.8
B03870,C0087,D0066,2026-03-17 23:39:00,Secunderabad,Kukatpally,Hyderabad,Bike,UPI,4.91,17.5,69.46,1.37,High,Clear,Completed,Unknown,10.6
B03871,C0372,D0087,2026-01-13 02:50:00,Indiranagar,Jayanagar,Bengaluru,Auto,UPI,5.84,23.5,112.56,1.33,High,Clear,Completed,Unknown,6.5
B03872,C0371,D0025,2026-01-03 17:34:00,Banjara Hills,Kukatpally,Hyderabad,Auto,Card,4.95,15.4,104.55,1.53,Medium,Clear,Completed,Unknown,0.7
B03873,C0067,D0017,2026-02-15 06:14:00,Dwarka,Rohini,Delhi,Auto,UPI,4.33,9.9,98.97,1.04,Medium,Clear,Completed,Unknown,3.6
B03874,C0119,D0104,2026-03-13 18:13:00,Janakpuri,Hauz Khas,Delhi,Cab,Card,31.4,64.4,529.6,1.73,Low,Rain,Completed,Unknown,0.0
B03875,C0119,D0117,2026-03-18 20:36:00,Pitampura,Saket,Delhi,Cab,UPI,4.93,19.1,159.02,1.33,High,Cloudy,Completed,Unknown,2.6
B03876,C0340,D0059,2026-03-17 10:35:00,Electronic City,Indiranagar,Bengaluru,Auto,Card,2.66,6.0,83.94,1.0,Low,Clear,Completed,Unknown,1.3
B03877,C0332,D0014,2026-03-07 23:44:00,HSR Layout,MG Road,Bengaluru,Bike,Card,21.14,40.5,166.84,1.15,Low,Clear,Completed,Unknown,0.0
B03878,C0226,D0125,2026-01-09 02:44:00,Whitefield,Indiranagar,Bengaluru,Bike,Cash,6.81,17.8,80.86,1.12,Medium,Cloudy,Completed,Unknown,0.0
B03879,C0007,D0130,2026-02-14 11:51:00,Noida Sector 18,Hauz Khas,Delhi,Auto,Cash,2.49,6.2,82.41,1.03,Medium,Clear,Completed,Unknown,0.0
B03880,C0097,D0067,2026-01-04 20:56:00,Wakad,Hinjewadi,Pune,Auto,UPI,12.58,27.4,173.22,1.13,Low,Clear,Completed,Unknown,0.0
B03881,C0181,D0050,2026-03-02 23:00:00,Dwarka,Hauz Khas,Delhi,Bike,Card,5.91,11.2,75.46,1.01,Low,Clear,Completed,Unknown,0.0
B03882,C0057,D0015,2026-03-31 10:34:00,Chembur,Andheri,Mumbai,Cab,Card,6.28,13.4,177.92,1.04,Low,Clear,Completed,Unknown,1.8
B03883,C0181,D0005,2026-02-06 23:41:00,Kukatpally,Ameerpet,Hyderabad,Bike,Wallet,4.99,16.4,69.94,1.31,High,Clear,Completed,Unknown,11.9
B03884,C0148,D0062,2026-01-27 02:06:00,Saket,Pitampura,Delhi,Bike,Cash,20.6,34.5,163.6,1.01,Low,Clear,Incomplete,Unknown,5.3
B03885,C0331,D0114,2026-03-03 13:52:00,Madhapur,Gachibowli,Hyderabad,Cab,Wallet,10.4,24.3,235.6,1.08,Medium,Clear,Completed,Unknown,2.9
B03886,C0368,D0076,2026-01-18 03:28:00,Dadar,Andheri,Mumbai,Bike,UPI,1.51,4.6,49.06,1.15,Medium,Clear,Incomplete,Unknown,0.0
B03887,C0088,D0017,2026-02-07 15:58:00,Dadar,Malad,Mumbai,Bike,Cash,1.0,2.4,46.0,1.12,Low,Clear,Completed,Unknown,7.5
B03888,C0154,D0085,2026-03-27 21:06:00,Noida Sector 18,Karol Bagh,Delhi,Auto,Card,7.31,26.6,125.79,1.35,High,Clear,Cancelled,Driver,9.5
B03889,C0328,D0030,2026-02-02 20:54:00,HSR Layout,Indiranagar,Bengaluru,Cab,UPI,8.12,13.9,203.68,1.06,Low,Clear,Cancelled,Customer,2.6
B03890,C0392,D0023,2026-03-08 13:34:00,Electronic City,Indiranagar,Bengaluru,Cab,UPI,11.56,23.6,251.84,1.35,Low,Rain,Cancelled,Customer,8.3
B03891,C0380,D0032,2026-01-27 07:37:00,Secunderabad,Kukatpally,Hyderabad,Cab,UPI,5.4,15.2,165.6,1.85,High,Clear,Cancelled,Customer,2.9
B03892,C0193,D0090,2026-01-26 08:08:00,Rohini,Lajpat Nagar,Delhi,Bike,Card,1.03,3.0,46.18,1.82,High,Clear,Cancelled,Driver,7.3
B03893,C0065,D0012,2026-01-30 20:53:00,Pitampura,Dwarka,Delhi,Auto,Card,22.46,37.7,262.14,1.04,Low,Clear,Completed,Unknown,4.1
B03894,C0100,D0022,2026-03-16 02:13:00,Colaba,Borivali,Mumbai,Cab,UPI,2.39,5.7,123.46,1.01,Low,Clear,Completed,Unknown,7.1
B03895,C0167,D0127,2026-03-08 15:21:00,Baner,Viman Nagar,Pune,Cab,UPI,3.27,6.7,135.78,1.06,Low,Smog,Completed,Unknown,1.6
B03896,C0271,D0127,2026-01-07 14:50:00,Baner,Kharadi,Pune,Bike,Wallet,2.9,7.9,57.4,1.28,Medium,Rain,Cancelled,Customer,2.5
B03897,C0369,D0133,2026-03-14 15:12:00,Kothrud,Wakad,Pune,Cab,UPI,2.93,10.3,131.02,1.42,High,Clear,Completed,Unknown,3.0
B03898,C0109,D0055,2026-03-15 23:32:00,Whitefield,Jayanagar,Bengaluru,Bike,Cash,2.0,7.9,52.0,1.36,High,Clear,Completed,Unknown,9.0
B03899,C0079,D0064,2026-03-08 06:52:00,Connaught Place,Janakpuri,Delhi,Auto,Cash,1.65,4.1,74.85,1.13,Medium,Clear,Cancelled,Customer,5.4
B03900,C0154,D0125,2026-02-18 08:03:00,Ameerpet,Secunderabad,Hyderabad,Auto,Card,5.73,12.6,111.57,1.43,Medium,Clear,Completed,Unknown,2.0
B03901,C0065,D0064,2026-01-03 18:44:00,Wakad,Hinjewadi,Pune,Bike,UPI,9.62,26.7,97.72,1.41,Medium,Cloudy,Completed,Unknown,5.2
B03902,C0278,D0089,2026-02-04 13:51:00,Whitefield,Marathahalli,Bengaluru,Cab,UPI,1.52,2.8,111.28,1.07,Low,Clear,Completed,Unknown,0.0
B03903,C0226,D0063,2026-03-03 08:15:00,Gachibowli,Kukatpally,Hyderabad,Cab,UPI,1.25,4.7,107.5,1.72,High,Clear,Completed,Unknown,4.3
B03904,C0169,D0036,2026-03-09 00:05:00,Dadar,Malad,Mumbai,Bike,Wallet,1.6,3.9,49.6,1.03,Medium,Cloudy,Completed,Unknown,3.1
B03905,C0179,D0078,2026-02-04 22:56:00,Borivali,Chembur,Mumbai,Bike,UPI,10.23,22.6,101.38,1.02,Low,Clear,Completed,Unknown,0.4
B03906,C0033,D0065,2026-02-13 15:32:00,Chembur,Powai,Mumbai,Cab,Card,6.99,26.3,187.86,1.44,High,Clear,Completed,Unknown,8.2
B03907,C0118,D0108,2026-02-17 19:28:00,Madhapur,Gachibowli,Hyderabad,Bike,UPI,7.7,15.9,86.2,1.55,Low,Clear,Completed,Unknown,0.0
B03908,C0213,D0116,2026-02-05 15:19:00,Koramangala,MG Road,Bengaluru,Bike,Cash,4.61,11.7,67.66,1.1,Medium,Clear,Completed,Unknown,0.0
B03909,C0287,D0047,2026-03-01 06:33:00,MG Road,Marathahalli,Bengaluru,Auto,Card,14.45,31.2,190.05,1.02,Medium,Clear,Completed,Unknown,5.3
B03910,C0031,D0112,2026-01-16 02:22:00,Noida Sector 18,Hauz Khas,Delhi,Cab,UPI,6.65,16.3,183.1,1.13,Medium,Cloudy,Completed,Unknown,11.0
B03911,C0114,D0132,2026-03-06 14:59:00,Madhapur,Banjara Hills,Hyderabad,Cab,UPI,3.22,7.0,135.08,1.05,Low,Clear,Cancelled,Driver,2.5
B03912,C0353,D0045,2026-02-16 22:46:00,Borivali,Powai,Mumbai,Cab,UPI,19.13,33.6,357.82,1.01,Low,Clear,Cancelled,Customer,0.0
B03913,C0265,D0113,2026-03-04 17:10:00,Baner,Viman Nagar,Pune,Auto,Cash,2.26,6.1,80.34,1.67,Medium,Rain,Completed,Unknown,0.0
B03914,C0007,D0120,2026-02-12 21:26:00,HSR Layout,Indiranagar,Bengaluru,Auto,UPI,25.31,48.9,287.79,1.32,Low,Rain,Completed,Unknown,3.4
B03915,C0364,D0095,2026-01-16 02:57:00,Marathahalli,MG Road,Bengaluru,Auto,Wallet,8.19,31.3,133.71,1.31,High,Clear,Completed,Unknown,5.9
B03916,C0044,D0041,2026-01-31 00:51:00,Kharadi,Kothrud,Pune,Cab,UPI,8.48,17.7,208.72,1.12,Low,Clear,Cancelled,Customer,0.0
B03917,C0002,D0136,2026-01-07 19:49:00,Bandra,Powai,Mumbai,Auto,UPI,3.59,5.9,92.31,1.47,Low,Smog,Completed,Unknown,1.4
B03918,C0335,D0144,2026-01-21 10:20:00,Ameerpet,Gachibowli,Hyderabad,Bike,UPI,2.43,6.9,54.58,1.42,High,Clear,Cancelled,Customer,6.8
B03919,C0153,D0126,2026-02-20 17:46:00,Janakpuri,Lajpat Nagar,Delhi,Auto,Card,9.17,32.8,142.53,1.91,High,Rain,Cancelled,Customer,8.7
B03920,C0104,D0092,2026-01-10 14:01:00,Wakad,Hinjewadi,Pune,Cab,UPI,1.19,2.2,106.66,1.1,Low,Clear,Completed,Unknown,1.2
B03921,C0281,D0063,2026-01-15 01:08:00,Koramangala,HSR Layout,Bengaluru,Cab,Cash,3.06,9.6,132.84,1.32,High,Clear,Completed,Unknown,5.0
B03922,C0158,D0078,2026-01-14 05:14:00,Kothrud,Wakad,Pune,Auto,UPI,2.89,8.9,86.01,1.4,High,Smog,Completed,Unknown,11.3
B03923,C0390,D0134,2026-01-12 23:48:00,Kothrud,Kharadi,Pune,Bike,UPI,15.25,28.4,131.5,1.13,Low,Cloudy,Completed,Unknown,0.0
B03924,C0317,D0064,2026-02-11 02:57:00,Colaba,Chembur,Mumbai,Bike,Cash,2.19,5.4,53.14,1.08,Medium,Clear,Cancelled,Driver,9.6
B03925,C0206,D0041,2026-03-13 02:42:00,MG Road,Electronic City,Bengaluru,Auto,UPI,7.06,15.6,123.54,1.0,Low,Cloudy,Cancelled,Customer,0.2
B03926,C0034,D0014,2026-01-23 16:21:00,Ameerpet,Kukatpally,Hyderabad,Cab,Wallet,7.82,14.6,199.48,1.13,Low,Cloudy,Cancelled,Customer,1.5
B03927,C0228,D0002,2026-02-23 19:30:00,Ameerpet,Kukatpally,Hyderabad,Auto,Cash,9.86,30.0,148.74,1.45,Medium,Clear,Completed,Unknown,8.0
B03928,C0223,D0045,2026-02-28 19:47:00,Jayanagar,Whitefield,Bengaluru,Bike,UPI,1.43,3.0,48.58,1.5,Medium,Clear,Completed,Unknown,0.2
B03929,C0084,D0067,2026-01-26 01:57:00,Chembur,Colaba,Mumbai,Auto,UPI,7.85,19.2,130.65,1.29,Medium,Rain,Cancelled,Customer,3.6
B03930,C0238,D0014,2026-02-20 03:43:00,Banjara Hills,Gachibowli,Hyderabad,Auto,UPI,23.39,50.3,270.51,1.04,Low,Clear,Completed,Unknown,4.5
B03931,C0334,D0041,2026-03-24 06:20:00,Wakad,Kharadi,Pune,Cab,Cash,1.75,3.3,114.5,1.08,Low,Clear,Cancelled,Customer,0.0
B03932,C0122,D0095,2026-03-18 22:08:00,Secunderabad,Gachibowli,Hyderabad,Cab,UPI,6.14,24.2,175.96,1.42,High,Cloudy,Completed,Unknown,0.4
B03933,C0257,D0066,2026-02-15 13:23:00,Indiranagar,Whitefield,Bengaluru,Bike,Wallet,15.83,47.5,134.98,1.32,Medium,Rain,Completed,Unknown,7.3
B03934,C0075,D0063,2026-02-23 15:34:00,Chembur,Dadar,Mumbai,Auto,Wallet,4.06,9.7,96.54,1.11,Low,Clear,Completed,Unknown,0.0
B03935,C0175,D0045,2026-01-27 01:32:00,MG Road,Koramangala,Bengaluru,Auto,UPI,7.77,18.4,129.93,1.09,Medium,Clear,Completed,Unknown,0.0
B03936,C0122,D0124,2026-03-24 17:12:00,Dwarka,Rohini,Delhi,Cab,Wallet,10.93,33.3,243.02,1.82,High,Clear,Completed,Unknown,3.3
B03937,C0244,D0087,2026-03-01 06:58:00,Ameerpet,Secunderabad,Hyderabad,Auto,Card,1.9,4.8,77.1,1.32,Medium,Rain,Completed,Unknown,5.6
B03938,C0290,D0131,2026-01-29 00:24:00,Janakpuri,Pitampura,Delhi,Auto,Card,2.68,6.4,84.12,1.07,Medium,Cloudy,Completed,Unknown,1.6
B03939,C0349,D0109,2026-01-09 11:39:00,Koramangala,HSR Layout,Bengaluru,Bike,UPI,7.81,15.1,86.86,1.05,Low,Clear,Completed,Unknown,0.0
B03940,C0184,D0023,2026-01-27 11:20:00,Wakad,Hinjewadi,Pune,Bike,UPI,2.95,5.1,57.7,1.04,Low,Clear,Cancelled,Driver,5.5
B03941,C0291,D0022,2026-02-12 11:23:00,Andheri,Powai,Mumbai,Auto,Wallet,7.24,14.0,125.16,1.22,Low,Rain,Cancelled,Customer,3.7
B03942,C0151,D0085,2026-03-22 13:34:00,Lajpat Nagar,Rohini,Delhi,Bike,UPI,2.26,5.7,53.56,1.01,Medium,Clear,Completed,Unknown,0.0
B03943,C0027,D0010,2026-01-08 02:23:00,Baner,Viman Nagar,Pune,Auto,UPI,11.17,25.6,160.53,1.33,Low,Rain,Completed,Unknown,1.8
B03944,C0104,D0006,2026-03-26 05:36:00,Secunderabad,Kukatpally,Hyderabad,Bike,Card,1.51,2.6,49.06,1.01,Low,Clear,Completed,Unknown,5.4
B03945,C0285,D0014,2026-01-30 11:53:00,Colaba,Borivali,Mumbai,Bike,Card,13.34,24.8,120.04,1.03,Low,Cloudy,Completed,Unknown,5.4
B03946,C0190,D0044,2026-02-20 12:01:00,Gachibowli,Banjara Hills,Hyderabad,Bike,UPI,5.45,11.1,72.7,1.14,Low,Cloudy,Completed,Unknown,1.4
B03947,C0123,D0079,2026-01-06 05:54:00,Kothrud,Viman Nagar,Pune,Cab,Card,3.59,7.2,140.26,1.04,Low,Clear,Completed,Unknown,0.3
B03948,C0184,D0045,2026-02-20 16:40:00,Ameerpet,Gachibowli,Hyderabad,Bike,Card,14.82,36.1,128.92,1.34,Medium,Rain,Completed,Unknown,0.9
B03949,C0284,D0030,2026-01-02 10:03:00,Dwarka,Saket,Delhi,Cab,UPI,3.07,5.5,132.98,1.03,Low,Cloudy,Completed,Unknown,0.9
B03950,C0257,D0001,2026-03-05 06:32:00,Kharadi,Baner,Pune,Cab,Cash,1.75,5.3,114.5,1.39,High,Cloudy,Completed,Unknown,2.9
B03951,C0297,D0093,2026-03-16 14:59:00,Rohini,Karol Bagh,Delhi,Auto,Cash,17.72,40.8,219.48,1.06,Low,Clear,Cancelled,Customer,12.5
B03952,C0342,D0087,2026-01-24 10:50:00,Borivali,Bandra,Mumbai,Auto,UPI,5.71,10.3,111.39,1.01,Low,Clear,Completed,Unknown,2.1
B03953,C0045,D0006,2026-01-22 01:30:00,Chembur,Borivali,Mumbai,Cab,Card,3.08,6.9,133.12,1.09,Medium,Cloudy,Completed,Unknown,10.7
B03954,C0236,D0037,2026-03-03 11:54:00,Rohini,Karol Bagh,Delhi,Auto,UPI,7.44,16.9,126.96,1.09,Low,Clear,Completed,Unknown,2.5
B03955,C0383,D0006,2026-02-20 08:31:00,Kukatpally,Madhapur,Hyderabad,Bike,Cash,1.05,2.8,46.3,1.46,Medium,Cloudy,Completed,Unknown,1.5
B03956,C0226,D0107,2026-02-15 08:28:00,Hauz Khas,Saket,Delhi,Bike,UPI,3.48,7.7,60.88,1.44,Medium,Clear,Completed,Unknown,10.0
B03957,C0105,D0017,2026-01-18 06:04:00,Madhapur,Ameerpet,Hyderabad,Auto,Cash,7.44,16.2,126.96,1.04,Low,Clear,Completed,Unknown,9.5
B03958,C0079,D0088,2026-02-16 14:23:00,Kukatpally,Banjara Hills,Hyderabad,Bike,Wallet,8.36,23.0,90.16,1.36,High,Cloudy,Incomplete,Unknown,3.7
B03959,C0241,D0135,2026-02-20 20:39:00,Bandra,Colaba,Mumbai,Cab,UPI,1.73,4.1,114.22,1.13,Medium,Clear,Cancelled,Driver,0.0
B03960,C0222,D0006,2026-03-13 15:34:00,Wakad,Kothrud,Pune,Cab,Card,32.02,66.8,538.28,1.07,Low,Clear,Completed,Unknown,5.6
B03961,C0168,D0083,2026-03-08 12:12:00,Kharadi,Baner,Pune,Auto,Wallet,4.95,8.1,104.55,1.0,Low,Cloudy,Completed,Unknown,0.0
B03962,C0123,D0034,2026-02-12 13:56:00,Gachibowli,Secunderabad,Hyderabad,Cab,Cash,2.89,8.4,130.46,1.15,Medium,Clear,Cancelled,Customer,7.0
B03963,C0311,D0033,2026-01-28 21:44:00,HSR Layout,Indiranagar,Bengaluru,Cab,Cash,4.76,14.0,156.64,1.02,Medium,Cloudy,Completed,Unknown,0.0
B03964,C0049,D0104,2026-03-14 00:42:00,Malad,Bandra,Mumbai,Bike,Cash,1.48,5.1,48.88,1.3,High,Cloudy,Cancelled,Customer,1.3
B03965,C0013,D0012,2026-02-15 17:28:00,Rohini,Connaught Place,Delhi,Auto,Wallet,5.77,22.7,111.93,1.77,High,Clear,Completed,Unknown,5.1
B03966,C0066,D0050,2026-02-06 10:13:00,MG Road,Koramangala,Bengaluru,Bike,Card,1.85,3.9,51.1,1.12,Low,Clear,Completed,Unknown,1.1
B03967,C0081,D0055,2026-03-19 23:12:00,Kharadi,Hinjewadi,Pune,Auto,Card,12.21,26.4,169.89,1.33,Low,Rain,Cancelled,Driver,7.3
B03968,C0174,D0132,2026-01-01 07:58:00,Wakad,Viman Nagar,Pune,Auto,Cash,5.89,17.4,113.01,1.77,High,Clear,Completed,Unknown,4.8
B03969,C0076,D0022,2026-02-24 02:31:00,Powai,Dadar,Mumbai,Bike,Cash,2.58,6.0,55.48,1.12,Low,Clear,Completed,Unknown,9.0
B03970,C0044,D0145,2026-03-22 05:11:00,Pitampura,Saket,Delhi,Bike,Card,2.22,5.4,53.32,1.05,Medium,Clear,Completed,Unknown,3.1
B03971,C0328,D0063,2026-01-02 16:02:00,Madhapur,Ameerpet,Hyderabad,Auto,Cash,7.25,13.9,125.25,1.34,Low,Rain,Completed,Unknown,4.4
B03972,C0002,D0141,2026-01-18 03:21:00,Indiranagar,Koramangala,Bengaluru,Bike,UPI,13.43,38.4,120.58,1.44,High,Clear,Completed,Unknown,2.0
B03973,C0032,D0124,2026-01-01 21:09:00,Madhapur,Secunderabad,Hyderabad,Cab,Wallet,8.33,19.1,206.62,1.34,Low,Rain,Completed,Unknown,6.2
B03974,C0013,D0022,2026-03-09 18:22:00,Bandra,Andheri,Mumbai,Auto,UPI,6.78,16.7,121.02,1.44,Medium,Cloudy,Completed,Unknown,4.4
B03975,C0386,D0086,2026-02-01 05:36:00,Hinjewadi,Kothrud,Pune,Bike,UPI,8.58,20.7,91.48,1.13,Medium,Clear,Completed,Unknown,0.0
B03976,C0182,D0122,2026-02-17 03:14:00,Janakpuri,Saket,Delhi,Cab,UPI,5.62,16.6,168.68,1.44,High,Clear,Completed,Unknown,2.5
B03977,C0376,D0019,2026-01-20 06:55:00,Madhapur,Secunderabad,Hyderabad,Auto,Cash,2.36,4.0,81.24,1.1,Low,Cloudy,Incomplete,Unknown,0.0
B03978,C0176,D0002,2026-03-28 11:59:00,Kukatpally,Banjara Hills,Hyderabad,Bike,Wallet,5.25,9.5,71.5,1.12,Low,Cloudy,Completed,Unknown,9.4
B03979,C0158,D0072,2026-02-03 02:48:00,Kukatpally,Banjara Hills,Hyderabad,Auto,UPI,30.07,84.7,330.63,1.27,Medium,Rain,Completed,Unknown,1.4
B03980,C0111,D0090,2026-01-08 18:23:00,Dadar,Chembur,Mumbai,Bike,UPI,5.99,17.7,75.94,1.48,Medium,Clear,Completed,Unknown,4.0
B03981,C0047,D0073,2026-03-17 23:37:00,Chembur,Dadar,Mumbai,Cab,UPI,7.79,17.4,199.06,1.04,Medium,Cloudy,Completed,Unknown,1.5
B03982,C0040,D0058,2026-02-06 01:47:00,Pitampura,Lajpat Nagar,Delhi,Bike,UPI,3.11,6.3,58.66,1.1,Low,Smog,Completed,Unknown,5.2
B03983,C0303,D0107,2026-01-22 14:25:00,Hauz Khas,Pitampura,Delhi,Cab,UPI,11.05,25.7,244.7,1.31,Low,Rain,Cancelled,Customer,5.8
B03984,C0370,D0147,2026-01-24 19:31:00,Dwarka,Hauz Khas,Delhi,Auto,Cash,1.06,2.5,69.54,1.49,Low,Cloudy,Completed,Unknown,6.6
B03985,C0163,D0087,2026-01-01 07:56:00,Viman Nagar,Kothrud,Pune,Bike,Cash,1.07,2.7,46.42,1.47,Medium,Cloudy,Incomplete,Unknown,11.0
B03986,C0013,D0125,2026-02-01 19:51:00,MG Road,Jayanagar,Bengaluru,Auto,Cash,1.95,6.0,77.55,1.63,Medium,Rain,Completed,Unknown,0.0
B03987,C0103,D0089,2026-03-09 07:17:00,Kharadi,Wakad,Pune,Auto,UPI,4.14,6.7,97.26,1.5,Low,Clear,Completed,Unknown,3.5
B03988,C0175,D0108,2026-02-25 17:08:00,Madhapur,Secunderabad,Hyderabad,Auto,Card,11.92,48.3,167.28,1.77,High,Clear,Completed,Unknown,4.0
B03989,C0234,D0056,2026-01-30 12:09:00,Baner,Wakad,Pune,Cab,UPI,11.01,23.2,244.14,1.08,Low,Clear,Incomplete,Unknown,10.2
B03990,C0370,D0085,2026-03-25 01:22:00,Powai,Dadar,Mumbai,Bike,UPI,2.04,3.7,52.24,1.04,Low,Clear,Cancelled,Driver,5.8
B03991,C0153,D0031,2026-03-30 16:24:00,Electronic City,Indiranagar,Bengaluru,Cab,UPI,7.57,16.1,195.98,1.06,Low,Clear,Completed,Unknown,2.3
B03992,C0313,D0126,2026-03-05 17:41:00,Banjara Hills,Kukatpally,Hyderabad,Auto,UPI,9.12,32.0,142.08,1.71,High,Clear,Cancelled,Customer,11.9
B03993,C0048,D0147,2026-02-21 02:42:00,HSR Layout,Indiranagar,Bengaluru,Auto,UPI,7.29,28.5,125.61,1.43,High,Clear,Completed,Unknown,1.9
B03994,C0278,D0058,2026-01-28 17:20:00,Kothrud,Kharadi,Pune,Auto,UPI,6.7,18.9,120.3,1.47,Medium,Clear,Completed,Unknown,6.8
B03995,C0238,D0052,2026-01-01 04:12:00,Pitampura,Hauz Khas,Delhi,Cab,Card,1.72,3.9,114.08,1.11,Medium,Clear,Completed,Unknown,7.7
B03996,C0340,D0121,2026-03-22 04:17:00,Koramangala,Jayanagar,Bengaluru,Auto,UPI,7.34,20.5,126.06,1.37,High,Cloudy,Completed,Unknown,0.6
B03997,C0366,D0120,2026-03-15 16:49:00,Indiranagar,Whitefield,Bengaluru,Bike,UPI,2.51,7.9,55.06,1.42,High,Cloudy,Completed,Unknown,10.0
B03998,C0276,D0026,2026-01-07 02:14:00,Whitefield,Electronic City,Bengaluru,Bike,Card,4.1,9.7,64.6,1.02,Low,Cloudy,Completed,Unknown,4.0
B03999,C0276,D0090,2026-01-19 15:40:00,HSR Layout,Koramangala,Bengaluru,Auto,UPI,1.09,3.2,69.81,1.44,High,Cloudy,Cancelled,Customer,7.2
B04000,C0323,D0126,2026-01-15 06:49:00,Madhapur,Kukatpally,Hyderabad,Bike,Cash,16.8,40.7,140.8,1.05,Medium,Cloudy,Completed,Unknown,7.4
B04001,C0256,D0033,2026-01-18 10:45:00,Electronic City,Koramangala,Bengaluru,Auto,UPI,4.93,14.2,104.37,1.09,Medium,Clear,Completed,Unknown,6.6
B04002,C0092,D0133,2026-03-10 01:24:00,Madhapur,Banjara Hills,Hyderabad,Auto,Wallet,11.12,24.7,160.08,1.21,Medium,Rain,Completed,Unknown,2.3
B04003,C0115,D0058,2026-01-22 02:32:00,Electronic City,Koramangala,Bengaluru,Auto,UPI,2.2,4.6,79.8,1.03,Low,Cloudy,Cancelled,Driver,6.3
B04004,C0230,D0127,2026-02-24 00:10:00,Wakad,Hinjewadi,Pune,Cab,UPI,1.21,2.8,106.94,1.04,Low,Cloudy,Completed,Unknown,2.1
B04005,C0380,D0026,2026-01-08 21:24:00,Jayanagar,Indiranagar,Bengaluru,Cab,Card,4.77,10.4,156.78,1.02,Low,Clear,Completed,Unknown,2.2
B04006,C0113,D0051,2026-03-11 16:39:00,Saket,Dwarka,Delhi,Bike,Cash,1.91,4.4,51.46,1.04,Low,Cloudy,Completed,Unknown,5.1
B04007,C0391,D0021,2026-02-16 13:05:00,Viman Nagar,Kharadi,Pune,Cab,UPI,3.19,8.7,134.66,1.12,Medium,Cloudy,Completed,Unknown,2.5
B04008,C0083,D0019,2026-03-31 22:41:00,Powai,Malad,Mumbai,Auto,Card,12.28,47.8,170.52,1.58,High,Rain,Cancelled,Customer,7.1
B04009,C0099,D0073,2026-02-28 04:10:00,Secunderabad,Kukatpally,Hyderabad,Cab,Wallet,12.37,46.9,263.18,1.33,High,Clear,Completed,Unknown,3.4
B04010,C0263,D0062,2026-03-11 23:45:00,Baner,Kothrud,Pune,Bike,Card,6.52,14.3,79.12,1.05,Low,Cloudy,Completed,Unknown,2.5
B04011,C0081,D0090,2026-02-10 06:22:00,Banjara Hills,Secunderabad,Hyderabad,Bike,Cash,12.5,22.6,115.0,1.35,Low,Rain,Completed,Unknown,0.4
B04012,C0090,D0095,2026-01-16 16:44:00,Dadar,Chembur,Mumbai,Cab,UPI,5.52,14.4,167.28,1.23,Medium,Rain,Completed,Unknown,2.3
B04013,C0192,D0038,2026-02-28 22:17:00,Karol Bagh,Dwarka,Delhi,Cab,UPI,4.35,12.8,150.9,1.11,Medium,Cloudy,Incomplete,Unknown,3.5
B04014,C0087,D0050,2026-03-12 09:15:00,Rohini,Pitampura,Delhi,Bike,UPI,8.94,22.6,93.64,1.46,Medium,Clear,Cancelled,Driver,0.0
B04015,C0362,D0147,2026-02-09 12:50:00,Powai,Chembur,Mumbai,Cab,UPI,7.05,13.9,188.7,1.01,Low,Clear,Completed,Unknown,5.6
B04016,C0077,D0010,2026-02-24 08:17:00,Banjara Hills,Madhapur,Hyderabad,Cab,Card,11.28,29.3,247.92,1.46,Medium,Smog,Completed,Unknown,4.0
B04017,C0246,D0053,2026-02-24 15:11:00,Kothrud,Baner,Pune,Bike,Card,7.08,28.7,82.48,1.52,High,Rain,Incomplete,Unknown,3.5
B04018,C0357,D0053,2026-03-04 11:21:00,Indiranagar,Electronic City,Bengaluru,Auto,UPI,3.66,8.7,92.94,1.14,Low,Clear,Completed,Unknown,1.2
B04019,C0269,D0092,2026-01-24 20:52:00,Connaught Place,Dwarka,Delhi,Cab,Wallet,1.75,3.1,114.5,1.15,Low,Cloudy,Completed,Unknown,1.7
B04020,C0291,D0083,2026-02-20 03:41:00,Bandra,Colaba,Mumbai,Auto,Cash,1.36,4.3,72.24,1.44,High,Clear,Incomplete,Unknown,4.9
B04021,C0216,D0102,2026-03-08 08:28:00,Baner,Hinjewadi,Pune,Auto,Cash,8.05,24.1,132.45,1.52,Medium,Clear,Cancelled,Driver,0.9
B04022,C0376,D0084,2026-02-21 22:02:00,MG Road,Whitefield,Bengaluru,Bike,UPI,2.27,6.3,53.62,1.36,High,Smog,Completed,Unknown,5.9
B04023,C0062,D0058,2026-01-06 18:30:00,Baner,Kothrud,Pune,Auto,UPI,10.74,25.5,156.66,1.5,Medium,Clear,Completed,Unknown,8.8
B04024,C0226,D0125,2026-02-05 17:14:00,Bandra,Dadar,Mumbai,Bike,UPI,1.94,5.3,51.64,1.54,Medium,Cloudy,Completed,Unknown,3.1
B04025,C0369,D0124,2026-02-28 07:07:00,Indiranagar,Jayanagar,Bengaluru,Bike,UPI,2.6,4.2,55.6,1.63,Low,Rain,Completed,Unknown,1.2
B04026,C0028,D0102,2026-03-16 22:22:00,Connaught Place,Pitampura,Delhi,Bike,UPI,7.27,15.4,83.62,1.04,Low,Clear,Incomplete,Unknown,0.0
B04027,C0130,D0142,2026-02-19 01:11:00,Hauz Khas,Janakpuri,Delhi,Cab,UPI,2.28,6.9,121.92,1.15,Medium,Clear,Cancelled,Customer,6.7
B04028,C0218,D0063,2026-02-09 09:11:00,Viman Nagar,Kharadi,Pune,Auto,UPI,14.99,49.3,194.91,1.83,High,Clear,Completed,Unknown,4.4
B04029,C0227,D0120,2026-03-09 21:04:00,Kharadi,Wakad,Pune,Cab,Cash,8.85,22.5,213.9,1.08,Medium,Smog,Completed,Unknown,2.9
B04030,C0246,D0008,2026-02-07 15:47:00,Electronic City,Marathahalli,Bengaluru,Cab,UPI,11.85,32.8,255.9,1.39,High,Cloudy,Cancelled,Driver,10.8
B04031,C0371,D0123,2026-03-20 17:31:00,MG Road,Indiranagar,Bengaluru,Auto,Card,23.04,70.7,267.36,1.53,Medium,Clear,Completed,Unknown,3.0
B04032,C0326,D0095,2026-02-21 00:02:00,Andheri,Colaba,Mumbai,Bike,Cash,3.02,11.3,58.12,1.37,High,Clear,Completed,Unknown,1.7
B04033,C0271,D0062,2026-01-02 11:31:00,Janakpuri,Rohini,Delhi,Bike,Cash,1.95,4.5,51.7,1.23,Low,Rain,Completed,Unknown,7.9
B04034,C0121,D0103,2026-01-27 12:01:00,Malad,Chembur,Mumbai,Auto,Card,1.43,3.9,72.87,1.37,High,Clear,Completed,Unknown,11.4
B04035,C0076,D0125,2026-01-03 22:25:00,Malad,Andheri,Mumbai,Cab,UPI,17.96,42.3,341.44,1.13,Low,Cloudy,Completed,Unknown,0.0
B04036,C0026,D0090,2026-01-29 14:50:00,Borivali,Andheri,Mumbai,Bike,Card,1.51,2.7,49.06,1.13,Low,Cloudy,Completed,Unknown,0.0
B04037,C0146,D0077,2026-01-02 11:22:00,Lajpat Nagar,Connaught Place,Delhi,Bike,UPI,6.9,15.4,81.4,1.02,Medium,Smog,Completed,Unknown,1.2
B04038,C0327,D0012,2026-03-17 18:24:00,Kharadi,Hinjewadi,Pune,Auto,Card,7.56,26.9,128.04,1.77,High,Smog,Completed,Unknown,12.2
B04039,C0279,D0033,2026-01-09 07:39:00,Ameerpet,Gachibowli,Hyderabad,Bike,UPI,1.67,4.6,50.02,1.73,High,Clear,Completed,Unknown,6.2
B04040,C0152,D0147,2026-01-20 20:53:00,Saket,Hauz Khas,Delhi,Auto,UPI,22.77,54.2,264.93,1.02,Low,Clear,Incomplete,Unknown,0.0
B04041,C0296,D0126,2026-01-23 14:46:00,Secunderabad,Ameerpet,Hyderabad,Bike,Wallet,7.12,19.4,82.72,1.08,Medium,Clear,Incomplete,Unknown,12.5
B04042,C0080,D0112,2026-02-02 05:32:00,Baner,Kharadi,Pune,Cab,UPI,3.25,5.4,135.5,1.14,Low,Clear,Completed,Unknown,6.0
B04043,C0200,D0085,2026-03-10 03:53:00,Saket,Lajpat Nagar,Delhi,Cab,Card,2.0,4.5,118.0,1.13,Low,Clear,Completed,Unknown,3.0
B04044,C0071,D0150,2026-03-23 11:14:00,Baner,Kothrud,Pune,Bike,Card,12.27,26.8,113.62,1.04,Medium,Clear,Completed,Unknown,1.4
B04045,C0395,D0132,2026-03-14 08:52:00,Ameerpet,Madhapur,Hyderabad,Bike,Cash,2.46,6.7,54.76,1.51,Medium,Clear,Cancelled,Customer,2.6
B04046,C0062,D0023,2026-03-15 14:31:00,Electronic City,MG Road,Bengaluru,Cab,UPI,2.33,6.1,122.62,1.03,Medium,Cloudy,Completed,Unknown,3.9
B04047,C0213,D0131,2026-03-08 10:51:00,MG Road,Indiranagar,Bengaluru,Bike,Card,4.74,10.4,68.44,1.02,Low,Smog,Completed,Unknown,3.7
B04048,C0200,D0021,2026-02-26 08:42:00,MG Road,Whitefield,Bengaluru,Cab,Wallet,3.28,8.6,135.92,1.54,Medium,Clear,Completed,Unknown,1.3
B04049,C0336,D0139,2026-01-19 06:38:00,Whitefield,Electronic City,Bengaluru,Bike,Cash,16.2,57.1,137.2,1.58,High,Rain,Completed,Unknown,4.2
B04050,C0369,D0144,2026-03-28 18:33:00,HSR Layout,MG Road,Bengaluru,Auto,UPI,3.0,7.1,87.0,1.54,Medium,Clear,Completed,Unknown,4.7
B04051,C0029,D0056,2026-01-21 14:10:00,Malad,Powai,Mumbai,Bike,Card,5.86,10.4,75.16,1.29,Low,Rain,Cancelled,Driver,10.8
B04052,C0228,D0033,2026-02-21 03:52:00,Whitefield,Indiranagar,Bengaluru,Auto,Card,1.16,2.0,70.44,1.21,Low,Rain,Completed,Unknown,3.4
B04053,C0175,D0074,2026-03-30 11:40:00,Gachibowli,Ameerpet,Hyderabad,Cab,UPI,13.06,38.7,272.84,1.09,Medium,Clear,Completed,Unknown,5.8
B04054,C0161,D0072,2026-03-26 23:33:00,Bandra,Borivali,Mumbai,Bike,Card,15.12,39.3,130.72,1.06,Medium,Clear,Completed,Unknown,6.6
B04055,C0184,D0008,2026-03-08 07:24:00,Kukatpally,Gachibowli,Hyderabad,Cab,UPI,11.41,34.4,249.74,1.82,High,Cloudy,Completed,Unknown,8.1
B04056,C0189,D0086,2026-03-13 11:45:00,Whitefield,MG Road,Bengaluru,Cab,Card,4.83,8.9,157.62,1.1,Low,Clear,Completed,Unknown,0.0
B04057,C0097,D0001,2026-01-28 02:04:00,MG Road,Koramangala,Bengaluru,Cab,Wallet,15.13,24.7,301.82,1.07,Low,Clear,Completed,Unknown,6.4
B04058,C0353,D0134,2026-02-14 00:33:00,Powai,Dadar,Mumbai,Cab,Cash,8.0,16.1,202.0,1.09,Low,Cloudy,Cancelled,Customer,5.3
B04059,C0207,D0004,2026-03-06 02:52:00,Gachibowli,Secunderabad,Hyderabad,Bike,Card,4.83,11.0,68.98,1.11,Low,Smog,Completed,Unknown,13.3
B04060,C0307,D0051,2026-01-26 10:27:00,Ameerpet,Kukatpally,Hyderabad,Auto,UPI,7.08,21.1,123.72,1.11,Medium,Clear,Completed,Unknown,11.0
B04061,C0099,D0004,2026-03-02 18:48:00,Hinjewadi,Kharadi,Pune,Cab,Wallet,4.82,16.5,157.48,1.85,High,Clear,Incomplete,Unknown,12.5
B04062,C0176,D0120,2026-03-13 10:42:00,HSR Layout,Electronic City,Bengaluru,Auto,UPI,1.47,3.2,73.23,1.14,Medium,Cloudy,Completed,Unknown,6.9
B04063,C0122,D0131,2026-02-11 09:08:00,Banjara Hills,Kukatpally,Hyderabad,Auto,UPI,6.71,20.6,120.39,1.44,Medium,Clear,Completed,Unknown,0.0
B04064,C0279,D0099,2026-03-08 20:16:00,Pitampura,Karol Bagh,Delhi,Auto,Card,1.64,3.9,74.76,1.32,Low,Rain,Cancelled,Customer,9.5
B04065,C0293,D0147,2026-01-21 13:13:00,Ameerpet,Kukatpally,Hyderabad,Auto,UPI,3.08,6.7,87.72,1.05,Low,Clear,Completed,Unknown,2.9
B04066,C0340,D0135,2026-02-04 09:37:00,Wakad,Baner,Pune,Auto,UPI,4.37,10.4,99.33,1.64,Low,Rain,Incomplete,Unknown,4.8
B04067,C0215,D0041,2026-02-09 03:19:00,Borivali,Powai,Mumbai,Bike,Cash,5.47,20.9,72.82,1.33,High,Cloudy,Completed,Unknown,1.5
B04068,C0227,D0045,2026-01-12 10:01:00,Borivali,Powai,Mumbai,Bike,UPI,5.35,17.1,72.1,1.35,High,Clear,Completed,Unknown,6.0
B04069,C0285,D0134,2026-01-01 02:10:00,Gachibowli,Banjara Hills,Hyderabad,Auto,UPI,16.22,38.5,205.98,1.05,Low,Clear,Completed,Unknown,0.6
B04070,C0095,D0080,2026-01-07 22:40:00,Hinjewadi,Kharadi,Pune,Cab,Wallet,8.32,14.7,206.48,1.13,Low,Clear,Completed,Unknown,0.0
B04071,C0311,D0003,2026-03-15 05:15:00,Whitefield,Marathahalli,Bengaluru,Cab,UPI,3.92,12.6,144.88,1.38,High,Clear,Completed,Unknown,7.6
B04072,C0212,D0053,2026-01-28 22:38:00,Connaught Place,Saket,Delhi,Auto,UPI,1.66,3.8,74.94,1.29,Low,Rain,Completed,Unknown,6.6
B04073,C0034,D0139,2026-01-14 09:09:00,Pitampura,Karol Bagh,Delhi,Cab,Card,3.04,10.7,132.56,2.04,High,Rain,Completed,Unknown,1.5
B04074,C0007,D0132,2026-01-04 12:12:00,Kharadi,Kothrud,Pune,Bike,UPI,2.4,6.1,54.4,1.11,Medium,Clear,Completed,Unknown,3.1
B04075,C0276,D0053,2026-02-21 11:06:00,Colaba,Powai,Mumbai,Bike,UPI,14.59,33.0,127.54,1.1,Low,Clear,Completed,Unknown,8.7
B04076,C0376,D0137,2026-01-24 20:47:00,Hinjewadi,Kothrud,Pune,Bike,UPI,5.76,11.6,74.56,1.15,Low,Clear,Completed,Unknown,8.2
B04077,C0072,D0112,2026-03-21 19:50:00,Indiranagar,Jayanagar,Bengaluru,Bike,UPI,3.13,7.8,58.78,1.67,Medium,Rain,Completed,Unknown,6.9
B04078,C0100,D0008,2026-02-25 01:01:00,Indiranagar,Whitefield,Bengaluru,Auto,UPI,10.06,35.0,150.54,1.54,High,Rain,Cancelled,Customer,9.4
B04079,C0077,D0126,2026-03-17 00:00:00,Kukatpally,Secunderabad,Hyderabad,Bike,Card,2.67,5.8,56.02,1.06,Low,Clear,Cancelled,Driver,6.9
B04080,C0158,D0079,2026-03-25 18:07:00,Pitampura,Dwarka,Delhi,Auto,Card,7.56,27.4,128.04,1.84,High,Cloudy,Completed,Unknown,2.6
B04081,C0114,D0033,2026-01-13 13:56:00,Whitefield,Indiranagar,Bengaluru,Bike,Card,5.81,9.8,74.86,1.01,Low,Clear,Completed,Unknown,5.7
B04082,C0224,D0010,2026-02-02 13:59:00,Secunderabad,Kukatpally,Hyderabad,Auto,Card,3.07,8.3,87.63,1.04,Medium,Cloudy,Completed,Unknown,6.0
B04083,C0190,D0113,2026-02-05 01:52:00,Borivali,Malad,Mumbai,Auto,Wallet,7.69,19.9,129.21,1.12,Medium,Smog,Completed,Unknown,0.0
B04084,C0191,D0133,2026-03-03 23:31:00,Chembur,Andheri,Mumbai,Bike,Cash,2.62,5.9,55.72,1.0,Low,Cloudy,Cancelled,Customer,7.0
B04085,C0040,D0125,2026-03-12 20:02:00,Saket,Dwarka,Delhi,Bike,Cash,10.67,20.8,104.02,1.03,Low,Cloudy,Completed,Unknown,5.3
B04086,C0397,D0123,2026-02-20 18:59:00,Chembur,Powai,Mumbai,Bike,Card,3.0,10.7,58.0,1.83,High,Clear,Cancelled,Customer,3.5
B04087,C0022,D0093,2026-01-23 11:35:00,MG Road,Indiranagar,Bengaluru,Bike,Cash,4.89,12.7,69.34,1.06,Medium,Cloudy,Completed,Unknown,0.0
B04088,C0017,D0126,2026-02-24 22:54:00,Secunderabad,Madhapur,Hyderabad,Cab,Cash,3.99,7.7,145.86,1.08,Low,Clear,Completed,Unknown,7.9
B04089,C0209,D0063,2026-02-27 10:57:00,Kothrud,Baner,Pune,Cab,UPI,2.54,5.3,125.56,1.13,Low,Cloudy,Completed,Unknown,5.8
B04090,C0079,D0067,2026-01-08 12:15:00,Jayanagar,Indiranagar,Bengaluru,Auto,UPI,18.65,54.3,227.85,1.08,Medium,Clear,Cancelled,Customer,0.0
B04091,C0279,D0096,2026-03-02 10:53:00,Powai,Bandra,Mumbai,Cab,Wallet,15.18,28.9,302.52,1.15,Low,Clear,Incomplete,Unknown,2.7
B04092,C0175,D0124,2026-01-02 11:29:00,HSR Layout,Indiranagar,Bengaluru,Auto,Cash,1.95,3.8,77.55,1.15,Low,Clear,Completed,Unknown,4.3
B04093,C0214,D0116,2026-02-26 08:43:00,Kothrud,Wakad,Pune,Cab,UPI,3.07,6.4,132.98,1.44,Medium,Clear,Completed,Unknown,1.4
B04094,C0150,D0108,2026-01-19 11:34:00,Kothrud,Baner,Pune,Auto,UPI,2.48,4.3,82.32,1.11,Low,Clear,Completed,Unknown,9.8
B04095,C0157,D0136,2026-01-30 02:25:00,Dadar,Colaba,Mumbai,Bike,Card,6.9,14.3,81.4,1.07,Low,Clear,Completed,Unknown,2.8
B04096,C0195,D0104,2026-03-09 10:33:00,Banjara Hills,Madhapur,Hyderabad,Auto,Cash,22.63,47.9,263.67,1.09,Low,Clear,Completed,Unknown,0.0
B04097,C0124,D0120,2026-02-02 23:18:00,Bandra,Malad,Mumbai,Bike,Cash,18.05,35.7,148.3,1.08,Low,Cloudy,Completed,Unknown,0.7
B04098,C0299,D0099,2026-03-15 07:03:00,Marathahalli,Jayanagar,Bengaluru,Auto,UPI,1.67,6.3,75.03,1.79,High,Clear,Cancelled,Customer,7.6
B04099,C0023,D0092,2026-01-23 03:19:00,Marathahalli,MG Road,Bengaluru,Bike,UPI,1.24,3.3,47.44,1.13,Medium,Cloudy,Completed,Unknown,0.0
B04100,C0184,D0003,2026-01-31 16:23:00,Whitefield,HSR Layout,Bengaluru,Auto,UPI,5.1,16.8,105.9,1.45,High,Smog,Completed,Unknown,0.2
B04101,C0400,D0112,2026-03-10 17:19:00,Banjara Hills,Kukatpally,Hyderabad,Cab,UPI,15.62,36.0,308.68,1.44,Low,Cloudy,Completed,Unknown,1.6
B04102,C0122,D0029,2026-01-26 13:54:00,Wakad,Viman Nagar,Pune,Bike,Card,8.36,21.4,90.16,1.29,Medium,Rain,Completed,Unknown,0.0
B04103,C0022,D0053,2026-03-24 15:08:00,Wakad,Hinjewadi,Pune,Auto,UPI,1.73,4.8,75.57,1.03,Medium,Clear,Completed,Unknown,3.6
B04104,C0290,D0089,2026-02-15 22:17:00,Powai,Colaba,Mumbai,Bike,Wallet,10.56,20.6,103.36,1.01,Low,Clear,Cancelled,Customer,0.0
B04105,C0080,D0073,2026-01-30 18:40:00,Jayanagar,Whitefield,Bengaluru,Bike,UPI,5.24,11.8,71.44,1.52,Medium,Clear,Completed,Unknown,0.0
B04106,C0225,D0063,2026-02-21 18:34:00,Koramangala,Jayanagar,Bengaluru,Bike,UPI,3.34,11.8,60.04,1.74,High,Clear,Cancelled,Customer,4.2
B04107,C0389,D0060,2026-01-18 04:42:00,Kothrud,Kharadi,Pune,Bike,UPI,5.76,22.6,74.56,1.63,High,Rain,Completed,Unknown,6.6
B04108,C0212,D0079,2026-01-30 18:35:00,Rohini,Noida Sector 18,Delhi,Cab,UPI,5.62,19.6,168.68,1.83,High,Clear,Completed,Unknown,3.7
B04109,C0033,D0093,2026-02-05 06:26:00,Wakad,Hinjewadi,Pune,Auto,Card,3.46,5.9,91.14,1.02,Low,Cloudy,Completed,Unknown,5.9
B04110,C0146,D0030,2026-03-14 10:37:00,Baner,Wakad,Pune,Auto,Card,5.84,13.8,112.56,1.09,Low,Clear,Completed,Unknown,5.1
B04111,C0025,D0143,2026-03-10 16:24:00,Rohini,Hauz Khas,Delhi,Bike,Wallet,8.89,21.8,93.34,1.04,Medium,Smog,Cancelled,Customer,0.3
B04112,C0124,D0007,2026-01-25 18:29:00,Kothrud,Baner,Pune,Bike,UPI,3.02,6.7,58.12,1.7,Medium,Rain,Cancelled,Customer,4.0
B04113,C0170,D0051,2026-02-21 00:20:00,Colaba,Bandra,Mumbai,Cab,Card,12.68,23.1,267.52,1.11,Low,Smog,Incomplete,Unknown,0.0
B04114,C0105,D0080,2026-03-23 10:15:00,Connaught Place,Saket,Delhi,Auto,Card,3.03,9.7,87.27,1.4,High,Clear,Cancelled,Driver,0.5
B04115,C0253,D0089,2026-03-18 02:33:00,Gachibowli,Ameerpet,Hyderabad,Cab,Card,3.44,11.6,138.16,1.32,High,Cloudy,Cancelled,Customer,3.1
B04116,C0003,D0132,2026-03-30 16:33:00,HSR Layout,Koramangala,Bengaluru,Bike,Card,24.09,75.5,184.54,1.35,High,Smog,Completed,Unknown,4.2
B04117,C0224,D0005,2026-02-26 03:14:00,Hauz Khas,Connaught Place,Delhi,Auto,Card,5.35,9.5,108.15,1.14,Low,Clear,Cancelled,Customer,4.8
B04118,C0005,D0129,2026-02-21 01:21:00,Janakpuri,Pitampura,Delhi,Bike,Card,1.42,2.3,48.52,1.05,Low,Clear,Completed,Unknown,1.4
B04119,C0157,D0131,2026-02-02 15:14:00,Colaba,Powai,Mumbai,Auto,Wallet,4.51,9.8,100.59,1.01,Medium,Clear,Completed,Unknown,3.1
B04120,C0282,D0039,2026-03-17 20:49:00,Jayanagar,Whitefield,Bengaluru,Auto,Cash,37.52,66.1,397.68,1.14,Low,Cloudy,Completed,Unknown,7.2
B04121,C0016,D0072,2026-01-30 17:25:00,Janakpuri,Rohini,Delhi,Cab,Cash,4.43,10.3,152.02,1.46,Medium,Clear,Completed,Unknown,5.9
B04122,C0135,D0034,2026-01-23 21:04:00,Madhapur,Kukatpally,Hyderabad,Bike,Wallet,14.51,58.0,127.06,1.51,High,Rain,Cancelled,Customer,5.6
B04123,C0240,D0136,2026-03-27 14:26:00,Hinjewadi,Kharadi,Pune,Auto,UPI,1.47,2.7,73.23,1.03,Low,Clear,Completed,Unknown,1.8
B04124,C0396,D0144,2026-02-05 20:47:00,Gachibowli,Secunderabad,Hyderabad,Bike,UPI,3.06,9.5,58.36,1.3,High,Cloudy,Completed,Unknown,8.6
B04125,C0253,D0036,2026-02-18 13:46:00,Secunderabad,Gachibowli,Hyderabad,Cab,UPI,1.8,3.8,115.2,1.02,Low,Clear,Completed,Unknown,0.0
B04126,C0341,D0034,2026-01-21 23:05:00,Ameerpet,Madhapur,Hyderabad,Auto,Card,11.87,27.8,166.83,1.08,Medium,Clear,Incomplete,Unknown,9.9
B04127,C0241,D0122,2026-01-17 19:16:00,Hinjewadi,Kharadi,Pune,Auto,Wallet,2.77,5.8,84.93,1.62,Medium,Rain,Completed,Unknown,0.3
B04128,C0145,D0128,2026-02-09 16:37:00,MG Road,Jayanagar,Bengaluru,Bike,Cash,1.44,2.6,48.64,1.01,Low,Clear,Cancelled,Driver,2.7
B04129,C0296,D0124,2026-01-21 14:43:00,Jayanagar,MG Road,Bengaluru,Auto,Card,1.63,4.1,74.67,1.03,Medium,Clear,Completed,Unknown,1.8
B04130,C0115,D0131,2026-03-24 12:13:00,Secunderabad,Banjara Hills,Hyderabad,Bike,Cash,3.47,10.0,60.82,1.36,High,Cloudy,Completed,Unknown,0.0
B04131,C0276,D0107,2026-01-08 21:01:00,Karol Bagh,Connaught Place,Delhi,Auto,Cash,4.84,9.9,103.56,1.03,Low,Clear,Completed,Unknown,6.7
B04132,C0241,D0103,2026-03-28 10:11:00,Powai,Dadar,Mumbai,Bike,Card,4.35,17.7,66.1,1.36,High,Clear,Completed,Unknown,9.0
B04133,C0338,D0041,2026-01-20 20:32:00,Banjara Hills,Secunderabad,Hyderabad,Bike,UPI,6.86,14.1,81.16,1.03,Low,Clear,Completed,Unknown,6.7
B04134,C0068,D0018,2026-01-03 01:41:00,Jayanagar,Whitefield,Bengaluru,Auto,Card,13.03,24.5,177.27,1.26,Low,Rain,Cancelled,Customer,4.7
B04135,C0227,D0116,2026-01-09 02:15:00,Kharadi,Hinjewadi,Pune,Bike,Wallet,1.97,3.4,51.82,1.12,Low,Cloudy,Completed,Unknown,0.5
B04136,C0327,D0105,2026-01-14 04:42:00,Powai,Borivali,Mumbai,Cab,UPI,2.97,7.9,131.58,1.01,Medium,Clear,Completed,Unknown,3.9
B04137,C0234,D0129,2026-03-27 12:01:00,Gachibowli,Kukatpally,Hyderabad,Auto,UPI,7.12,20.0,124.08,1.11,Medium,Clear,Completed,Unknown,0.0
B04138,C0245,D0104,2026-01-28 16:41:00,Wakad,Kharadi,Pune,Cab,UPI,9.05,16.7,216.7,1.05,Low,Cloudy,Cancelled,Customer,0.0
B04139,C0359,D0092,2026-01-05 04:49:00,Dadar,Chembur,Mumbai,Bike,Card,8.34,24.6,90.04,1.08,Medium,Cloudy,Completed,Unknown,0.0
B04140,C0224,D0128,2026-03-21 18:21:00,Wakad,Baner,Pune,Auto,Card,16.57,65.2,209.13,1.76,High,Cloudy,Completed,Unknown,5.5
B04141,C0365,D0081,2026-01-01 05:06:00,Gachibowli,Secunderabad,Hyderabad,Bike,Wallet,1.19,3.0,47.14,1.13,Medium,Clear,Cancelled,Customer,3.3
B04142,C0390,D0060,2026-03-29 19:19:00,Hauz Khas,Janakpuri,Delhi,Cab,Wallet,4.48,9.2,152.72,1.46,Low,Clear,Completed,Unknown,0.0
B04143,C0173,D0114,2026-02-17 04:57:00,Ameerpet,Kukatpally,Hyderabad,Auto,Wallet,4.94,13.4,104.46,1.14,Medium,Cloudy,Cancelled,Customer,4.9
B04144,C0104,D0008,2026-03-24 21:20:00,Connaught Place,Pitampura,Delhi,Bike,Wallet,1.49,2.4,48.94,1.14,Low,Smog,Cancelled,Customer,4.9
B04145,C0299,D0076,2026-02-08 13:36:00,Noida Sector 18,Lajpat Nagar,Delhi,Bike,UPI,6.32,14.9,77.92,1.11,Low,Clear,Incomplete,Unknown,0.0
B04146,C0265,D0072,2026-03-02 02:30:00,Malad,Borivali,Mumbai,Auto,UPI,16.8,39.1,211.2,1.01,Low,Clear,Completed,Unknown,0.0
B04147,C0059,D0073,2026-03-29 23:37:00,Whitefield,Koramangala,Bengaluru,Bike,UPI,8.73,23.8,92.38,1.13,Medium,Smog,Completed,Unknown,0.0
B04148,C0192,D0022,2026-03-12 17:08:00,Viman Nagar,Wakad,Pune,Auto,Card,4.88,8.5,103.92,1.55,Low,Clear,Completed,Unknown,8.9
B04149,C0087,D0001,2026-01-30 17:50:00,Baner,Kharadi,Pune,Auto,UPI,2.56,5.6,83.04,1.5,Medium,Clear,Completed,Unknown,4.7
B04150,C0238,D0066,2026-03-29 01:01:00,Koramangala,Indiranagar,Bengaluru,Auto,UPI,7.68,24.1,129.12,1.36,High,Clear,Completed,Unknown,8.2
B04151,C0279,D0039,2026-01-01 20:42:00,Secunderabad,Ameerpet,Hyderabad,Bike,Cash,3.05,9.3,58.3,1.11,Medium,Smog,Completed,Unknown,10.0
B04152,C0168,D0002,2026-03-01 09:25:00,HSR Layout,Marathahalli,Bengaluru,Bike,UPI,8.04,22.7,88.24,1.64,Medium,Rain,Cancelled,Customer,9.1
B04153,C0173,D0139,2026-01-23 06:09:00,Gachibowli,Madhapur,Hyderabad,Auto,Cash,19.55,40.4,235.95,1.1,Low,Smog,Completed,Unknown,5.7
B04154,C0109,D0086,2026-03-10 01:49:00,HSR Layout,MG Road,Bengaluru,Bike,Wallet,10.02,23.7,100.12,1.12,Medium,Clear,Completed,Unknown,0.0
B04155,C0309,D0140,2026-03-21 04:06:00,MG Road,HSR Layout,Bengaluru,Bike,UPI,5.29,9.9,71.74,1.0,Low,Clear,Completed,Unknown,0.4
B04156,C0379,D0131,2026-02-27 01:32:00,Hauz Khas,Connaught Place,Delhi,Cab,Card,14.73,34.0,296.22,1.32,Low,Rain,Completed,Unknown,7.3
B04157,C0390,D0096,2026-03-22 16:47:00,Baner,Viman Nagar,Pune,Auto,Cash,11.75,27.6,165.75,1.15,Low,Clear,Completed,Unknown,0.0
B04158,C0273,D0121,2026-01-16 05:42:00,Noida Sector 18,Hauz Khas,Delhi,Bike,Wallet,5.53,12.4,73.18,1.12,Low,Cloudy,Completed,Unknown,1.7
B04159,C0071,D0053,2026-01-17 09:43:00,Jayanagar,Whitefield,Bengaluru,Bike,Cash,13.01,25.7,118.06,1.42,Low,Cloudy,Completed,Unknown,0.7
B04160,C0275,D0040,2026-03-06 11:19:00,Wakad,Baner,Pune,Auto,Cash,7.91,23.9,131.19,1.13,Medium,Smog,Cancelled,Customer,3.7
B04161,C0364,D0120,2026-02-26 05:29:00,Baner,Kothrud,Pune,Cab,Card,2.91,8.1,130.74,1.28,Medium,Rain,Completed,Unknown,5.7
B04162,C0090,D0033,2026-01-15 04:41:00,Wakad,Viman Nagar,Pune,Auto,Cash,3.21,7.1,88.89,1.31,Medium,Rain,Cancelled,Customer,0.6
B04163,C0381,D0089,2026-02-20 04:06:00,Whitefield,Indiranagar,Bengaluru,Auto,UPI,2.35,5.1,81.15,1.03,Low,Cloudy,Completed,Unknown,4.6
B04164,C0037,D0003,2026-03-24 01:56:00,Indiranagar,Jayanagar,Bengaluru,Bike,Cash,1.55,4.3,49.3,1.12,Medium,Clear,Completed,Unknown,0.0
B04165,C0381,D0112,2026-01-18 07:20:00,Secunderabad,Ameerpet,Hyderabad,Auto,UPI,5.89,15.5,113.01,1.54,Medium,Clear,Incomplete,Unknown,3.6
B04166,C0074,D0129,2026-02-27 19:23:00,Whitefield,Electronic City,Bengaluru,Bike,Card,8.48,18.2,90.88,1.48,Low,Cloudy,Completed,Unknown,0.8
B04167,C0192,D0129,2026-02-22 18:01:00,Malad,Andheri,Mumbai,Cab,UPI,2.26,8.7,121.64,2.0,High,Rain,Incomplete,Unknown,7.8
B04168,C0226,D0063,2026-03-22 09:15:00,HSR Layout,Koramangala,Bengaluru,Bike,Card,2.34,7.0,54.04,1.74,High,Clear,Cancelled,Customer,3.3
B04169,C0071,D0117,2026-01-09 10:16:00,Marathahalli,Electronic City,Bengaluru,Bike,UPI,13.02,24.1,118.12,1.11,Low,Cloudy,Completed,Unknown,0.0
B04170,C0371,D0094,2026-03-17 01:23:00,Wakad,Viman Nagar,Pune,Bike,Card,4.98,8.8,69.88,1.04,Low,Clear,Completed,Unknown,8.5
B04171,C0264,D0122,2026-01-11 03:01:00,HSR Layout,Indiranagar,Bengaluru,Bike,UPI,11.66,21.7,109.96,1.1,Low,Cloudy,Completed,Unknown,1.3
B04172,C0213,D0022,2026-01-15 13:13:00,Electronic City,Koramangala,Bengaluru,Auto,UPI,13.08,24.8,177.72,1.3,Low,Rain,Completed,Unknown,13.1
B04173,C0107,D0136,2026-01-14 17:54:00,Borivali,Dadar,Mumbai,Auto,UPI,10.34,24.6,153.06,1.49,Medium,Clear,Completed,Unknown,1.8
B04174,C0178,D0015,2026-01-10 04:22:00,Saket,Pitampura,Delhi,Cab,Card,1.01,3.0,104.14,1.42,High,Clear,Completed,Unknown,8.2
B04175,C0079,D0036,2026-01-06 05:30:00,Malad,Andheri,Mumbai,Bike,UPI,11.52,24.9,109.12,1.03,Low,Clear,Completed,Unknown,3.6
B04176,C0137,D0093,2026-03-16 20:30:00,Kothrud,Wakad,Pune,Cab,Cash,3.32,5.5,136.48,1.05,Low,Clear,Cancelled,Driver,4.8
B04177,C0090,D0092,2026-01-17 04:34:00,Viman Nagar,Wakad,Pune,Bike,UPI,17.6,38.9,145.6,1.12,Low,Clear,Completed,Unknown,1.1
B04178,C0008,D0059,2026-03-22 02:09:00,Colaba,Malad,Mumbai,Bike,Wallet,4.89,12.2,69.34,1.14,Medium,Smog,Cancelled,Driver,3.8
B04179,C0226,D0012,2026-01-29 12:05:00,Chembur,Malad,Mumbai,Bike,Cash,3.24,8.3,59.44,1.02,Medium,Clear,Cancelled,Customer,3.0
B04180,C0386,D0139,2026-03-02 11:40:00,Andheri,Dadar,Mumbai,Bike,UPI,3.27,7.3,59.62,1.08,Low,Clear,Completed,Unknown,0.0
B04181,C0215,D0105,2026-03-25 12:48:00,Whitefield,Marathahalli,Bengaluru,Cab,Wallet,3.64,10.3,140.96,1.3,Medium,Rain,Cancelled,Customer,5.8
B04182,C0138,D0120,2026-01-12 02:27:00,Kothrud,Kharadi,Pune,Bike,Card,27.01,106.6,202.06,1.62,High,Rain,Completed,Unknown,13.6
B04183,C0037,D0021,2026-01-16 17:57:00,Connaught Place,Saket,Delhi,Auto,Wallet,11.74,26.6,165.66,1.47,Medium,Clear,Completed,Unknown,0.0
B04184,C0354,D0121,2026-02-02 00:48:00,Jayanagar,MG Road,Bengaluru,Auto,Cash,6.76,11.0,120.84,1.01,Low,Clear,Completed,Unknown,0.0
B04185,C0285,D0150,2026-03-16 05:28:00,Saket,Janakpuri,Delhi,Cab,Cash,3.56,11.7,139.84,1.38,High,Clear,Cancelled,Customer,7.0
B04186,C0386,D0107,2026-01-26 13:22:00,Malad,Andheri,Mumbai,Auto,Card,5.02,16.7,105.18,1.36,High,Clear,Completed,Unknown,9.9
B04187,C0054,D0022,2026-03-24 11:22:00,Hinjewadi,Kothrud,Pune,Bike,UPI,1.52,2.6,49.12,1.05,Low,Clear,Completed,Unknown,5.1
B04188,C0306,D0099,2026-02-22 07:19:00,Baner,Kothrud,Pune,Bike,Cash,12.28,41.9,113.68,1.71,High,Clear,Incomplete,Unknown,9.9
B04189,C0386,D0125,2026-01-20 04:08:00,Kukatpally,Banjara Hills,Hyderabad,Auto,UPI,7.69,22.4,129.21,1.4,High,Cloudy,Completed,Unknown,5.7
B04190,C0375,D0069,2026-01-07 06:15:00,Kothrud,Baner,Pune,Auto,Card,2.78,6.4,85.02,1.23,Low,Rain,Cancelled,Driver,3.6
B04191,C0162,D0085,2026-01-18 19:47:00,Borivali,Malad,Mumbai,Auto,Cash,5.43,14.2,108.87,1.44,Medium,Cloudy,Completed,Unknown,2.6
B04192,C0315,D0090,2026-02-06 03:04:00,Wakad,Kharadi,Pune,Cab,Cash,2.32,7.1,122.48,1.12,Medium,Clear,Cancelled,Customer,3.7
B04193,C0075,D0119,2026-02-02 20:09:00,Connaught Place,Rohini,Delhi,Bike,UPI,11.16,32.9,106.96,1.02,Medium,Clear,Completed,Unknown,8.2
B04194,C0076,D0089,2026-02-09 22:59:00,MG Road,Koramangala,Bengaluru,Auto,Cash,2.75,8.7,84.75,1.33,High,Smog,Incomplete,Unknown,5.7
B04195,C0091,D0108,2026-01-23 15:04:00,Wakad,Kothrud,Pune,Bike,UPI,3.96,10.8,63.76,1.02,Medium,Cloudy,Completed,Unknown,4.8
B04196,C0109,D0026,2026-03-08 16:38:00,Wakad,Hinjewadi,Pune,Auto,UPI,1.35,3.5,72.15,1.01,Medium,Cloudy,Completed,Unknown,6.8
B04197,C0178,D0045,2026-03-31 20:46:00,Chembur,Borivali,Mumbai,Auto,Cash,2.04,4.6,78.36,1.13,Low,Clear,Completed,Unknown,1.2
B04198,C0115,D0121,2026-01-26 19:19:00,Malad,Powai,Mumbai,Bike,UPI,1.92,4.4,51.52,1.68,Medium,Rain,Completed,Unknown,2.8
B04199,C0209,D0121,2026-01-08 02:55:00,Chembur,Andheri,Mumbai,Bike,Wallet,22.77,39.5,176.62,1.11,Low,Clear,Completed,Unknown,1.6
B04200,C0326,D0136,2026-02-26 05:21:00,Electronic City,Jayanagar,Bengaluru,Cab,Card,2.24,4.9,121.36,1.05,Low,Clear,Completed,Unknown,0.8
B04201,C0091,D0101,2026-03-13 18:36:00,Andheri,Powai,Mumbai,Auto,Cash,9.04,26.5,141.36,1.76,High,Cloudy,Completed,Unknown,1.3
B04202,C0167,D0006,2026-03-23 08:42:00,Marathahalli,HSR Layout,Bengaluru,Cab,Cash,3.92,12.0,144.88,1.84,High,Cloudy,Cancelled,Customer,8.0
B04203,C0130,D0053,2026-02-19 04:39:00,Baner,Wakad,Pune,Bike,UPI,3.29,6.1,59.74,1.28,Low,Rain,Cancelled,Customer,7.5
B04204,C0094,D0033,2026-02-17 01:26:00,Indiranagar,HSR Layout,Bengaluru,Cab,Wallet,1.07,2.3,104.98,1.01,Low,Cloudy,Completed,Unknown,3.6
B04205,C0225,D0029,2026-02-13 12:22:00,Indiranagar,Jayanagar,Bengaluru,Bike,UPI,1.22,2.9,47.32,1.01,Low,Clear,Cancelled,Customer,12.2
B04206,C0301,D0150,2026-02-28 22:54:00,Madhapur,Secunderabad,Hyderabad,Auto,Card,1.41,2.9,72.69,1.12,Medium,Cloudy,Completed,Unknown,2.7
B04207,C0285,D0130,2026-03-07 10:54:00,Karol Bagh,Dwarka,Delhi,Bike,UPI,5.24,8.5,71.44,1.27,Low,Rain,Cancelled,Driver,1.2
B04208,C0342,D0090,2026-01-19 03:14:00,Pitampura,Connaught Place,Delhi,Bike,Card,8.11,16.3,88.66,1.07,Low,Cloudy,Cancelled,Customer,0.6
B04209,C0066,D0027,2026-03-22 18:38:00,Baner,Viman Nagar,Pune,Bike,UPI,7.3,22.0,83.8,1.43,Medium,Clear,Cancelled,Customer,5.4
B04210,C0188,D0031,2026-02-08 14:28:00,Borivali,Colaba,Mumbai,Auto,UPI,1.34,2.6,72.06,1.01,Low,Cloudy,Completed,Unknown,7.2
B04211,C0179,D0023,2026-03-24 20:38:00,Koramangala,HSR Layout,Bengaluru,Auto,UPI,2.54,5.6,82.86,1.05,Low,Smog,Completed,Unknown,7.2
B04212,C0311,D0053,2026-03-14 16:21:00,Connaught Place,Pitampura,Delhi,Bike,UPI,1.68,6.1,50.08,1.31,High,Clear,Cancelled,Customer,13.8
B04213,C0255,D0132,2026-03-08 04:53:00,Karol Bagh,Pitampura,Delhi,Bike,UPI,10.27,23.8,101.62,1.14,Medium,Clear,Cancelled,Driver,5.1
B04214,C0372,D0100,2026-02-04 07:51:00,Andheri,Powai,Mumbai,Auto,Cash,8.85,24.9,139.65,1.77,High,Clear,Cancelled,Driver,3.1
B04215,C0177,D0078,2026-01-18 08:36:00,Viman Nagar,Baner,Pune,Bike,UPI,3.01,12.0,58.06,1.72,High,Cloudy,Cancelled,Customer,4.0
B04216,C0283,D0067,2026-01-10 11:23:00,Banjara Hills,Ameerpet,Hyderabad,Cab,Cash,5.57,12.2,167.98,1.12,Medium,Clear,Cancelled,Driver,2.3
B04217,C0238,D0092,2026-03-26 21:25:00,Gachibowli,Madhapur,Hyderabad,Auto,UPI,4.32,7.3,98.88,1.02,Low,Smog,Completed,Unknown,1.3
B04218,C0119,D0092,2026-02-05 17:33:00,Indiranagar,MG Road,Bengaluru,Auto,UPI,3.13,5.1,88.17,1.5,Low,Clear,Completed,Unknown,0.0
B04219,C0147,D0043,2026-03-31 00:18:00,Whitefield,HSR Layout,Bengaluru,Cab,UPI,6.75,14.7,184.5,1.01,Low,Cloudy,Completed,Unknown,4.6
B04220,C0116,D0071,2026-03-10 21:23:00,Dadar,Borivali,Mumbai,Cab,UPI,7.67,16.7,197.38,1.04,Low,Smog,Cancelled,Driver,1.9
B04221,C0283,D0051,2026-02-28 22:38:00,Powai,Borivali,Mumbai,Bike,Wallet,30.12,48.3,220.72,1.14,Low,Clear,Completed,Unknown,5.4
B04222,C0054,D0008,2026-03-26 15:45:00,Rohini,Janakpuri,Delhi,Auto,Wallet,3.44,11.9,90.96,1.32,High,Clear,Cancelled,Driver,13.7
B04223,C0066,D0123,2026-03-04 16:50:00,Banjara Hills,Secunderabad,Hyderabad,Bike,Cash,3.2,5.5,59.2,1.09,Low,Clear,Completed,Unknown,6.2
B04224,C0391,D0122,2026-03-21 09:28:00,Colaba,Powai,Mumbai,Auto,UPI,12.51,46.7,172.59,1.7,High,Clear,Completed,Unknown,9.1
B04225,C0111,D0044,2026-03-11 02:47:00,Wakad,Hinjewadi,Pune,Bike,Wallet,2.71,7.4,56.26,1.09,Medium,Clear,Completed,Unknown,6.9
B04226,C0045,D0100,2026-01-17 17:51:00,Saket,Lajpat Nagar,Delhi,Auto,UPI,7.57,20.9,128.13,1.72,High,Smog,Cancelled,Driver,0.9
B04227,C0369,D0008,2026-01-01 02:40:00,Colaba,Malad,Mumbai,Auto,UPI,11.64,20.1,164.76,1.14,Low,Clear,Completed,Unknown,7.9
B04228,C0079,D0021,2026-01-06 13:42:00,Ameerpet,Gachibowli,Hyderabad,Cab,Wallet,2.02,3.9,118.28,1.03,Low,Clear,Cancelled,Driver,0.0
B04229,C0110,D0036,2026-02-17 19:33:00,Kharadi,Wakad,Pune,Auto,Card,13.54,48.9,181.86,1.72,High,Clear,Cancelled,Driver,3.7
B04230,C0376,D0111,2026-01-13 02:03:00,Lajpat Nagar,Karol Bagh,Delhi,Auto,UPI,4.58,14.0,101.22,1.01,Medium,Clear,Completed,Unknown,6.3
B04231,C0010,D0006,2026-03-22 00:53:00,Jayanagar,Indiranagar,Bengaluru,Bike,Cash,3.87,8.1,63.22,1.01,Medium,Clear,Incomplete,Unknown,9.3
B04232,C0171,D0124,2026-01-03 09:15:00,Andheri,Malad,Mumbai,Bike,UPI,1.92,4.1,51.52,1.42,Low,Clear,Cancelled,Customer,1.3
B04233,C0119,D0120,2026-01-16 22:16:00,Dwarka,Noida Sector 18,Delhi,Bike,Wallet,3.47,6.9,60.82,1.01,Low,Clear,Completed,Unknown,13.1
B04234,C0219,D0108,2026-01-02 18:15:00,Viman Nagar,Hinjewadi,Pune,Bike,UPI,1.73,4.9,50.38,1.42,Medium,Cloudy,Completed,Unknown,0.0
B04235,C0002,D0092,2026-01-10 04:54:00,Colaba,Chembur,Mumbai,Auto,UPI,12.55,39.1,172.95,1.06,Medium,Clear,Cancelled,Driver,3.6
B04236,C0013,D0134,2026-01-10 03:25:00,Lajpat Nagar,Hauz Khas,Delhi,Auto,Cash,3.66,7.9,92.94,1.04,Medium,Clear,Completed,Unknown,2.9
B04237,C0179,D0046,2026-01-06 12:23:00,Malad,Andheri,Mumbai,Auto,UPI,8.81,20.6,139.29,1.24,Low,Rain,Incomplete,Unknown,1.0
B04238,C0038,D0072,2026-03-22 23:17:00,Pitampura,Janakpuri,Delhi,Bike,Card,9.29,27.2,95.74,1.11,Medium,Clear,Cancelled,Customer,9.4
B04239,C0062,D0012,2026-03-20 13:02:00,Hauz Khas,Lajpat Nagar,Delhi,Auto,UPI,2.88,6.2,85.92,1.13,Low,Clear,Completed,Unknown,0.0
B04240,C0390,D0140,2026-01-19 10:02:00,Madhapur,Gachibowli,Hyderabad,Auto,UPI,1.25,2.6,71.25,1.15,Medium,Cloudy,Completed,Unknown,7.0
B04241,C0271,D0051,2026-01-31 16:07:00,Baner,Kothrud,Pune,Auto,UPI,4.99,10.5,104.91,1.29,Medium,Rain,Cancelled,Customer,4.5
B04242,C0059,D0051,2026-03-16 05:48:00,Karol Bagh,Connaught Place,Delhi,Cab,Wallet,4.9,14.1,158.6,1.1,Medium,Clear,Completed,Unknown,4.3
B04243,C0209,D0072,2026-01-21 17:08:00,Saket,Dwarka,Delhi,Auto,Card,28.61,95.2,317.49,1.91,High,Rain,Completed,Unknown,7.6
B04244,C0026,D0036,2026-03-24 17:04:00,Secunderabad,Kukatpally,Hyderabad,Cab,Cash,32.25,124.7,541.5,1.74,High,Clear,Cancelled,Customer,2.6
B04245,C0165,D0140,2026-02-04 23:43:00,MG Road,Whitefield,Bengaluru,Cab,UPI,1.2,2.6,106.8,1.01,Medium,Clear,Completed,Unknown,4.4
B04246,C0308,D0008,2026-03-17 01:17:00,Kharadi,Kothrud,Pune,Auto,UPI,1.03,2.1,69.27,1.01,Low,Clear,Completed,Unknown,7.1
B04247,C0183,D0002,2026-03-06 12:51:00,Wakad,Viman Nagar,Pune,Bike,Wallet,3.24,7.2,59.44,1.31,Medium,Rain,Completed,Unknown,6.0
B04248,C0239,D0132,2026-02-10 16:20:00,HSR Layout,MG Road,Bengaluru,Auto,Card,6.53,12.3,118.77,1.1,Low,Cloudy,Completed,Unknown,5.7
B04249,C0186,D0027,2026-02-27 04:25:00,Kukatpally,Secunderabad,Hyderabad,Auto,Card,20.38,49.0,243.42,1.07,Medium,Clear,Completed,Unknown,7.0
B04250,C0088,D0022,2026-03-23 02:49:00,Saket,Connaught Place,Delhi,Auto,Card,14.27,37.3,188.43,1.08,Medium,Clear,Completed,Unknown,8.4
B04251,C0153,D0087,2026-03-26 18:26:00,Hauz Khas,Pitampura,Delhi,Bike,Card,2.13,6.0,52.78,1.63,Medium,Rain,Completed,Unknown,5.7
B04252,C0124,D0072,2026-03-12 18:09:00,Hinjewadi,Kharadi,Pune,Bike,Cash,1.41,5.5,48.46,1.94,High,Rain,Cancelled,Customer,3.3
B04253,C0095,D0031,2026-01-25 19:44:00,Karol Bagh,Noida Sector 18,Delhi,Bike,UPI,4.97,9.8,69.82,1.51,Low,Smog,Completed,Unknown,5.6
B04254,C0116,D0031,2026-02-07 00:00:00,Viman Nagar,Hinjewadi,Pune,Bike,Cash,17.04,37.9,142.24,1.02,Medium,Cloudy,Cancelled,Customer,0.0
B04255,C0391,D0073,2026-01-27 09:14:00,Dwarka,Connaught Place,Delhi,Cab,UPI,14.85,43.1,297.9,1.46,Medium,Clear,Cancelled,Driver,1.1
B04256,C0005,D0080,2026-03-26 11:59:00,Lajpat Nagar,Karol Bagh,Delhi,Cab,UPI,2.74,4.6,128.36,1.03,Low,Cloudy,Completed,Unknown,0.0
B04257,C0045,D0012,2026-02-16 21:23:00,Malad,Colaba,Mumbai,Bike,Wallet,16.63,50.0,139.78,1.07,Medium,Cloudy,Completed,Unknown,4.5
B04258,C0173,D0022,2026-02-21 14:14:00,Ameerpet,Kukatpally,Hyderabad,Cab,Card,5.99,13.4,173.86,1.11,Low,Smog,Incomplete,Unknown,7.1
B04259,C0265,D0023,2026-01-08 01:14:00,Rohini,Noida Sector 18,Delhi,Cab,UPI,4.17,6.8,148.38,1.05,Low,Cloudy,Completed,Unknown,5.1
B04260,C0213,D0100,2026-01-14 10:26:00,Malad,Chembur,Mumbai,Auto,Cash,2.19,5.1,79.71,1.07,Low,Clear,Cancelled,Customer,3.0
B04261,C0045,D0120,2026-01-01 18:53:00,Dwarka,Saket,Delhi,Cab,UPI,21.93,87.6,397.02,1.8,High,Clear,Cancelled,Driver,7.0
B04262,C0232,D0103,2026-03-13 16:40:00,Secunderabad,Kukatpally,Hyderabad,Auto,Cash,10.82,26.3,157.38,1.25,Medium,Rain,Cancelled,Customer,9.0
B04263,C0376,D0037,2026-02-05 19:53:00,Borivali,Bandra,Mumbai,Auto,UPI,6.61,24.4,119.49,1.81,High,Cloudy,Cancelled,Customer,4.5
B04264,C0245,D0103,2026-02-24 20:09:00,HSR Layout,Whitefield,Bengaluru,Auto,Card,1.93,4.9,77.37,1.0,Medium,Clear,Completed,Unknown,8.7
B04265,C0272,D0122,2026-03-14 15:19:00,Noida Sector 18,Hauz Khas,Delhi,Auto,Cash,2.98,7.0,86.82,1.11,Low,Cloudy,Completed,Unknown,0.0
B04266,C0007,D0056,2026-03-06 12:18:00,Rohini,Noida Sector 18,Delhi,Auto,Card,4.73,10.0,102.57,1.09,Low,Clear,Completed,Unknown,3.1
B04267,C0320,D0103,2026-01-25 23:36:00,Colaba,Powai,Mumbai,Cab,UPI,4.65,15.6,155.1,1.4,High,Clear,Cancelled,Customer,5.9
B04268,C0196,D0140,2026-02-26 16:40:00,Kukatpally,Banjara Hills,Hyderabad,Auto,UPI,3.06,6.9,87.54,1.09,Medium,Clear,Completed,Unknown,4.5
B04269,C0016,D0022,2026-02-25 10:58:00,Ameerpet,Secunderabad,Hyderabad,Cab,UPI,1.69,3.6,113.66,1.06,Medium,Cloudy,Cancelled,Customer,7.2
B04270,C0329,D0039,2026-02-21 11:12:00,Chembur,Powai,Mumbai,Bike,UPI,30.0,73.7,220.0,1.13,Medium,Clear,Completed,Unknown,1.2
B04271,C0253,D0050,2026-02-19 03:14:00,Dwarka,Connaught Place,Delhi,Bike,UPI,3.12,8.3,58.72,1.05,Medium,Clear,Cancelled,Driver,4.5
B04272,C0353,D0040,2026-03-24 21:22:00,Karol Bagh,Connaught Place,Delhi,Auto,UPI,8.85,25.9,139.65,1.52,High,Rain,Completed,Unknown,1.4
B04273,C0013,D0058,2026-03-26 12:59:00,Ameerpet,Secunderabad,Hyderabad,Auto,UPI,3.4,8.0,90.6,1.06,Low,Clear,Completed,Unknown,9.5
B04274,C0345,D0039,2026-03-08 23:59:00,Secunderabad,Madhapur,Hyderabad,Auto,UPI,1.8,6.7,76.2,1.34,High,Clear,Completed,Unknown,9.1
B04275,C0246,D0071,2026-03-09 09:27:00,Indiranagar,Jayanagar,Bengaluru,Bike,Wallet,4.62,8.1,67.72,1.51,Low,Cloudy,Completed,Unknown,1.3
B04276,C0371,D0063,2026-03-07 16:11:00,Pitampura,Dwarka,Delhi,Auto,Cash,3.03,5.5,87.27,1.1,Low,Clear,Cancelled,Customer,3.7
B04277,C0334,D0034,2026-01-23 21:44:00,Powai,Andheri,Mumbai,Bike,Card,6.34,14.4,78.04,1.1,Low,Cloudy,Completed,Unknown,4.7
B04278,C0245,D0023,2026-02-24 09:53:00,Gachibowli,Madhapur,Hyderabad,Bike,UPI,3.23,6.3,59.38,1.4,Low,Cloudy,Completed,Unknown,6.8
B04279,C0353,D0135,2026-01-13 07:49:00,HSR Layout,Electronic City,Bengaluru,Bike,UPI,1.01,2.2,46.06,1.43,Medium,Cloudy,Completed,Unknown,2.2
B04280,C0010,D0084,2026-01-20 01:21:00,Indiranagar,Koramangala,Bengaluru,Auto,Cash,3.06,5.1,87.54,1.0,Low,Smog,Incomplete,Unknown,4.9
B04281,C0071,D0027,2026-03-13 07:09:00,Baner,Kharadi,Pune,Auto,Cash,18.71,41.3,228.39,1.74,Medium,Rain,Incomplete,Unknown,1.3
B04282,C0186,D0131,2026-03-20 09:59:00,Gachibowli,Ameerpet,Hyderabad,Auto,Wallet,1.18,2.7,70.62,1.41,Medium,Cloudy,Completed,Unknown,0.0
B04283,C0283,D0130,2026-02-27 07:43:00,Baner,Wakad,Pune,Auto,Card,2.76,5.0,84.84,1.42,Low,Cloudy,Completed,Unknown,1.3
B04284,C0113,D0096,2026-03-03 03:57:00,Hinjewadi,Baner,Pune,Auto,Card,7.76,15.3,129.84,1.1,Low,Clear,Completed,Unknown,1.2
B04285,C0138,D0014,2026-01-28 18:47:00,Electronic City,Koramangala,Bengaluru,Bike,UPI,7.55,20.9,85.3,1.48,Medium,Cloudy,Completed,Unknown,4.7
B04286,C0040,D0131,2026-01-02 03:54:00,Madhapur,Gachibowli,Hyderabad,Bike,UPI,7.33,14.6,83.98,1.06,Low,Clear,Completed,Unknown,1.8
B04287,C0364,D0066,2026-02-27 22:32:00,Ameerpet,Madhapur,Hyderabad,Auto,Card,5.61,14.0,110.49,1.01,Medium,Clear,Completed,Unknown,0.6
B04288,C0121,D0018,2026-03-25 04:10:00,Gachibowli,Kukatpally,Hyderabad,Cab,UPI,3.06,7.3,132.84,1.1,Medium,Clear,Completed,Unknown,3.8
B04289,C0207,D0150,2026-01-05 13:39:00,Madhapur,Gachibowli,Hyderabad,Auto,UPI,7.49,15.9,127.41,1.31,Low,Rain,Cancelled,Customer,3.8
B04290,C0146,D0030,2026-02-21 09:06:00,Secunderabad,Banjara Hills,Hyderabad,Cab,UPI,4.8,18.5,157.2,1.8,High,Cloudy,Completed,Unknown,5.1
B04291,C0024,D0089,2026-03-13 18:24:00,Koramangala,Electronic City,Bengaluru,Auto,Wallet,11.2,24.1,160.8,1.65,Medium,Rain,Cancelled,Customer,2.7
B04292,C0120,D0095,2026-01-20 07:16:00,Borivali,Andheri,Mumbai,Auto,UPI,4.64,12.8,101.76,1.73,High,Clear,Completed,Unknown,1.7
B04293,C0166,D0060,2026-03-19 13:11:00,Kukatpally,Ameerpet,Hyderabad,Bike,Cash,5.13,10.7,70.78,1.07,Low,Clear,Completed,Unknown,0.0
B04294,C0200,D0127,2026-02-24 01:03:00,Borivali,Andheri,Mumbai,Cab,Card,1.12,3.2,105.68,1.04,Medium,Clear,Completed,Unknown,2.6
B04295,C0183,D0142,2026-03-10 08:46:00,Bandra,Borivali,Mumbai,Bike,UPI,6.31,15.1,77.86,1.48,Low,Smog,Completed,Unknown,3.4
B04296,C0169,D0007,2026-03-27 04:19:00,Chembur,Colaba,Mumbai,Bike,Card,2.69,5.8,56.14,1.08,Low,Clear,Cancelled,Customer,0.0
B04297,C0053,D0089,2026-02-23 04:01:00,Malad,Borivali,Mumbai,Auto,Cash,1.66,3.6,74.94,1.01,Low,Clear,Completed,Unknown,5.1
B04298,C0102,D0142,2026-01-08 01:43:00,Rohini,Noida Sector 18,Delhi,Bike,UPI,4.74,10.1,68.44,1.1,Low,Clear,Completed,Unknown,2.3
B04299,C0380,D0056,2026-03-02 08:40:00,Connaught Place,Karol Bagh,Delhi,Cab,Cash,2.61,10.1,126.54,1.76,High,Clear,Cancelled,Customer,7.0
B04300,C0036,D0027,2026-02-18 23:39:00,Bandra,Dadar,Mumbai,Cab,UPI,4.62,12.4,154.68,1.05,Medium,Cloudy,Cancelled,Customer,3.4
B04301,C0122,D0131,2026-03-31 23:32:00,Colaba,Chembur,Mumbai,Auto,Card,3.51,10.5,91.59,1.4,High,Clear,Cancelled,Customer,3.7
B04302,C0184,D0067,2026-03-23 22:55:00,Jayanagar,Marathahalli,Bengaluru,Bike,Card,8.05,18.7,88.3,1.02,Low,Cloudy,Completed,Unknown,0.0
B04303,C0143,D0096,2026-02-11 23:59:00,Rohini,Noida Sector 18,Delhi,Cab,Card,8.0,16.0,202.0,1.08,Low,Cloudy,Completed,Unknown,2.4
B04304,C0166,D0126,2026-03-20 07:39:00,Rohini,Janakpuri,Delhi,Cab,UPI,23.0,63.0,412.0,1.47,Medium,Clear,Completed,Unknown,4.1
B04305,C0246,D0073,2026-02-22 10:29:00,Kothrud,Kharadi,Pune,Auto,Card,8.16,27.0,133.44,1.42,High,Cloudy,Completed,Unknown,7.6
B04306,C0068,D0076,2026-03-30 09:58:00,MG Road,Marathahalli,Bengaluru,Cab,UPI,6.37,18.6,179.18,1.82,High,Clear,Completed,Unknown,2.5
B04307,C0030,D0008,2026-03-14 18:18:00,Janakpuri,Saket,Delhi,Bike,UPI,9.69,39.5,98.14,1.77,High,Clear,Incomplete,Unknown,4.0
B04308,C0176,D0123,2026-03-17 08:42:00,Madhapur,Kukatpally,Hyderabad,Cab,UPI,6.67,19.3,183.38,1.75,High,Cloudy,Cancelled,Customer,3.1
B04309,C0068,D0041,2026-01-17 17:00:00,MG Road,Marathahalli,Bengaluru,Cab,Wallet,3.89,7.1,144.46,1.42,Low,Clear,Completed,Unknown,0.0
B04310,C0338,D0134,2026-03-01 05:35:00,Pitampura,Lajpat Nagar,Delhi,Cab,Cash,3.18,6.9,134.52,1.09,Medium,Clear,Cancelled,Customer,5.2
B04311,C0159,D0060,2026-01-02 18:46:00,Whitefield,Indiranagar,Bengaluru,Cab,Wallet,1.43,3.4,110.02,1.47,Medium,Clear,Completed,Unknown,0.1
B04312,C0138,D0027,2026-02-11 20:14:00,Banjara Hills,Kukatpally,Hyderabad,Bike,Card,12.5,21.9,115.0,1.15,Low,Clear,Completed,Unknown,2.2
B04313,C0201,D0069,2026-02-08 07:07:00,Madhapur,Ameerpet,Hyderabad,Bike,Card,2.24,6.4,53.44,1.46,Medium,Clear,Completed,Unknown,6.1
B04314,C0174,D0063,2026-02-26 08:31:00,Colaba,Bandra,Mumbai,Bike,UPI,1.73,6.5,50.38,1.81,High,Cloudy,Completed,Unknown,2.8
B04315,C0165,D0098,2026-02-15 13:05:00,Electronic City,Indiranagar,Bengaluru,Auto,Card,3.84,10.1,94.56,1.08,Medium,Cloudy,Cancelled,Customer,3.5
B04316,C0372,D0030,2026-01-27 19:34:00,Hinjewadi,Viman Nagar,Pune,Auto,UPI,2.26,4.4,80.34,1.46,Low,Clear,Completed,Unknown,6.3
B04317,C0376,D0052,2026-03-01 07:13:00,Electronic City,Marathahalli,Bengaluru,Auto,UPI,8.49,25.2,136.41,2.01,High,Rain,Completed,Unknown,12.2
B04318,C0340,D0131,2026-02-13 10:17:00,Borivali,Malad,Mumbai,Cab,Cash,1.9,4.5,116.6,1.05,Low,Clear,Cancelled,Driver,4.7
B04319,C0340,D0053,2026-01-24 03:24:00,Noida Sector 18,Hauz Khas,Delhi,Bike,Card,10.49,21.7,102.94,1.1,Low,Clear,Completed,Unknown,8.3
B04320,C0068,D0036,2026-01-31 10:29:00,Rohini,Noida Sector 18,Delhi,Bike,Card,7.11,20.6,82.66,1.26,Medium,Rain,Completed,Unknown,6.4
B04321,C0291,D0050,2026-03-28 20:03:00,Indiranagar,HSR Layout,Bengaluru,Auto,Cash,2.9,11.3,86.1,1.37,High,Clear,Completed,Unknown,7.5
B04322,C0179,D0050,2026-02-10 08:09:00,Malad,Powai,Mumbai,Auto,UPI,16.34,38.6,207.06,1.46,Medium,Clear,Incomplete,Unknown,0.0
B04323,C0231,D0040,2026-02-20 17:47:00,Powai,Bandra,Mumbai,Bike,UPI,11.34,26.5,108.04,1.53,Low,Cloudy,Completed,Unknown,3.5
B04324,C0331,D0114,2026-01-10 08:02:00,Hinjewadi,Kharadi,Pune,Cab,UPI,7.08,18.0,189.12,1.52,Medium,Cloudy,Completed,Unknown,5.9
B04325,C0272,D0058,2026-01-27 10:02:00,Chembur,Colaba,Mumbai,Bike,UPI,2.63,5.6,55.78,1.09,Low,Clear,Completed,Unknown,7.4
B04326,C0191,D0045,2026-02-19 18:43:00,Chembur,Borivali,Mumbai,Auto,Cash,16.41,44.0,207.69,1.51,Medium,Clear,Completed,Unknown,4.7
B04327,C0394,D0129,2026-03-20 19:42:00,Dwarka,Hauz Khas,Delhi,Auto,Card,6.6,14.6,119.4,1.48,Medium,Clear,Completed,Unknown,0.0
B04328,C0064,D0078,2026-01-20 22:29:00,Marathahalli,Electronic City,Bengaluru,Cab,UPI,6.16,19.2,176.24,1.39,High,Smog,Cancelled,Customer,5.7
B04329,C0026,D0067,2026-01-12 14:38:00,Rohini,Pitampura,Delhi,Cab,Card,3.38,7.3,137.32,1.02,Low,Clear,Cancelled,Driver,0.0
B04330,C0144,D0137,2026-03-24 10:58:00,Wakad,Viman Nagar,Pune,Auto,Cash,3.32,6.7,89.88,1.23,Low,Rain,Completed,Unknown,0.9
B04331,C0192,D0090,2026-02-12 15:08:00,Pitampura,Lajpat Nagar,Delhi,Cab,UPI,8.72,19.3,212.08,1.23,Low,Rain,Completed,Unknown,5.4
B04332,C0283,D0001,2026-03-25 12:32:00,Kharadi,Kothrud,Pune,Bike,UPI,1.98,3.7,51.88,1.11,Low,Clear,Completed,Unknown,3.9
B04333,C0302,D0096,2026-02-12 13:28:00,Bandra,Powai,Mumbai,Auto,Cash,20.86,38.0,247.74,1.04,Low,Clear,Completed,Unknown,2.9
B04334,C0122,D0096,2026-03-18 11:37:00,Whitefield,Indiranagar,Bengaluru,Cab,UPI,3.35,7.9,136.9,1.03,Low,Cloudy,Completed,Unknown,2.6
B04335,C0364,D0078,2026-03-16 21:52:00,Gachibowli,Banjara Hills,Hyderabad,Auto,UPI,4.03,14.9,96.27,1.38,High,Smog,Incomplete,Unknown,7.1
B04336,C0065,D0113,2026-01-19 17:30:00,Powai,Andheri,Mumbai,Cab,Card,4.87,14.1,158.18,2.05,High,Rain,Completed,Unknown,3.6
B04337,C0226,D0126,2026-01-29 11:26:00,Connaught Place,Dwarka,Delhi,Bike,UPI,5.15,11.6,70.9,1.12,Low,Smog,Cancelled,Customer,10.6
B04338,C0382,D0087,2026-03-10 05:11:00,Borivali,Bandra,Mumbai,Cab,Card,10.25,31.6,233.5,1.29,Medium,Rain,Cancelled,Customer,11.8
B04339,C0224,D0017,2026-03-20 09:57:00,Kharadi,Kothrud,Pune,Cab,Cash,6.15,20.5,176.1,1.77,High,Clear,Completed,Unknown,11.1
B04340,C0192,D0079,2026-02-26 18:12:00,Koramangala,Whitefield,Bengaluru,Cab,Cash,1.28,5.0,107.92,1.75,High,Clear,Cancelled,Customer,0.7
B04341,C0172,D0031,2026-03-29 15:33:00,Dadar,Powai,Mumbai,Cab,UPI,12.79,24.8,269.06,1.13,Low,Cloudy,Completed,Unknown,0.0
B04342,C0206,D0027,2026-02-25 18:22:00,Andheri,Borivali,Mumbai,Bike,UPI,6.38,18.9,78.28,1.41,Medium,Clear,Completed,Unknown,4.9
B04343,C0391,D0031,2026-03-18 03:33:00,Janakpuri,Noida Sector 18,Delhi,Auto,UPI,2.71,5.1,84.39,1.11,Low,Clear,Completed,Unknown,2.5
B04344,C0358,D0059,2026-02-05 18:18:00,Electronic City,MG Road,Bengaluru,Auto,UPI,13.9,30.5,185.1,1.48,Medium,Clear,Completed,Unknown,1.3
B04345,C0309,D0023,2026-01-26 02:32:00,Wakad,Baner,Pune,Cab,Wallet,2.91,7.4,130.74,1.08,Medium,Clear,Completed,Unknown,1.7
B04346,C0366,D0044,2026-03-25 13:20:00,Noida Sector 18,Dwarka,Delhi,Bike,Card,10.81,21.3,104.86,1.25,Low,Rain,Completed,Unknown,9.0
B04347,C0026,D0062,2026-01-26 02:09:00,Noida Sector 18,Dwarka,Delhi,Auto,Cash,3.44,7.3,90.96,1.01,Medium,Clear,Completed,Unknown,9.4
B04348,C0040,D0095,2026-02-20 16:55:00,Powai,Colaba,Mumbai,Bike,UPI,7.59,19.7,85.54,1.1,Medium,Clear,Completed,Unknown,0.0
B04349,C0074,D0006,2026-03-07 08:05:00,Chembur,Colaba,Mumbai,Auto,UPI,2.74,6.1,84.66,1.4,Medium,Clear,Incomplete,Unknown,11.5
B04350,C0062,D0052,2026-01-13 03:51:00,Malad,Andheri,Mumbai,Cab,Wallet,11.18,19.9,246.52,1.2,Low,Rain,Cancelled,Driver,8.9
B04351,C0237,D0100,2026-02-02 12:00:00,Koramangala,Electronic City,Bengaluru,Cab,UPI,6.82,15.0,185.48,1.14,Low,Cloudy,Completed,Unknown,5.8
B04352,C0198,D0089,2026-03-20 18:39:00,Karol Bagh,Rohini,Delhi,Cab,Cash,7.0,24.8,188.0,1.71,High,Clear,Completed,Unknown,2.1
B04353,C0152,D0062,2026-02-13 06:21:00,MG Road,HSR Layout,Bengaluru,Cab,Card,1.67,6.1,113.38,1.41,High,Clear,Completed,Unknown,3.5
B04354,C0002,D0056,2026-03-31 04:17:00,Janakpuri,Connaught Place,Delhi,Auto,Card,12.62,27.9,173.58,1.01,Medium,Clear,Completed,Unknown,7.3
B04355,C0123,D0018,2026-02-25 20:42:00,Whitefield,HSR Layout,Bengaluru,Bike,UPI,2.19,5.1,53.14,1.02,Low,Clear,Cancelled,Customer,2.2
B04356,C0028,D0056,2026-01-05 04:43:00,Jayanagar,Marathahalli,Bengaluru,Cab,Card,8.3,14.8,206.2,1.01,Low,Clear,Cancelled,Customer,4.0
B04357,C0090,D0095,2026-02-26 06:31:00,Electronic City,Indiranagar,Bengaluru,Bike,Cash,11.71,25.5,110.26,1.14,Medium,Clear,Completed,Unknown,0.0
B04358,C0196,D0120,2026-02-22 08:49:00,Madhapur,Secunderabad,Hyderabad,Cab,Wallet,5.12,17.0,161.68,1.77,High,Cloudy,Completed,Unknown,10.7
B04359,C0309,D0023,2026-02-19 08:10:00,Malad,Colaba,Mumbai,Auto,UPI,4.48,15.6,100.32,1.83,High,Cloudy,Completed,Unknown,4.4
B04360,C0093,D0031,2026-03-07 21:46:00,Koramangala,Jayanagar,Bengaluru,Cab,Card,5.2,13.9,162.8,1.09,Medium,Smog,Cancelled,Customer,3.7
B04361,C0243,D0124,2026-01-19 22:51:00,Gachibowli,Kukatpally,Hyderabad,Cab,Card,12.12,34.5,259.68,1.41,High,Cloudy,Completed,Unknown,7.9
B04362,C0334,D0058,2026-03-08 01:07:00,Koramangala,MG Road,Bengaluru,Cab,Card,15.25,40.3,303.5,1.28,Medium,Rain,Completed,Unknown,8.5
B04363,C0238,D0103,2026-01-11 18:28:00,Whitefield,Electronic City,Bengaluru,Auto,UPI,7.88,29.5,130.92,1.78,High,Clear,Cancelled,Driver,7.3
B04364,C0187,D0093,2026-01-23 22:24:00,Noida Sector 18,Saket,Delhi,Auto,UPI,5.52,13.6,109.68,1.12,Medium,Cloudy,Completed,Unknown,0.0
B04365,C0196,D0125,2026-03-08 03:58:00,Koramangala,Jayanagar,Bengaluru,Bike,Card,6.45,18.8,78.7,1.1,Medium,Clear,Completed,Unknown,1.4
B04366,C0331,D0115,2026-02-15 02:22:00,Rohini,Connaught Place,Delhi,Bike,UPI,7.1,17.0,82.6,1.01,Low,Clear,Cancelled,Customer,7.0
B04367,C0337,D0120,2026-03-21 03:39:00,Banjara Hills,Kukatpally,Hyderabad,Bike,Cash,6.37,14.2,78.22,1.1,Low,Clear,Completed,Unknown,8.9
B04368,C0092,D0022,2026-03-15 11:48:00,Madhapur,Ameerpet,Hyderabad,Auto,Cash,12.75,24.9,174.75,1.05,Low,Clear,Completed,Unknown,3.0
B04369,C0239,D0130,2026-03-21 03:38:00,Kharadi,Viman Nagar,Pune,Bike,Wallet,1.26,2.5,47.56,1.03,Low,Cloudy,Completed,Unknown,0.7
B04370,C0262,D0077,2026-03-22 20:06:00,Hinjewadi,Viman Nagar,Pune,Cab,UPI,6.71,14.4,183.94,1.28,Low,Rain,Cancelled,Customer,9.6
B04371,C0134,D0146,2026-01-11 12:54:00,Malad,Bandra,Mumbai,Bike,UPI,9.31,21.8,95.86,1.08,Medium,Clear,Completed,Unknown,0.0
B04372,C0215,D0068,2026-03-12 06:27:00,Indiranagar,MG Road,Bengaluru,Bike,Cash,9.4,21.0,96.4,1.08,Medium,Clear,Completed,Unknown,4.4
B04373,C0302,D0100,2026-01-23 20:44:00,Janakpuri,Noida Sector 18,Delhi,Cab,Card,2.1,3.9,119.4,1.32,Low,Rain,Completed,Unknown,1.5
B04374,C0255,D0140,2026-02-15 13:09:00,Koramangala,Whitefield,Bengaluru,Bike,UPI,8.67,17.3,92.02,1.31,Low,Rain,Incomplete,Unknown,6.0
B04375,C0246,D0077,2026-03-31 19:13:00,Kharadi,Hinjewadi,Pune,Bike,UPI,11.68,38.3,110.08,1.72,High,Clear,Completed,Unknown,6.8
B04376,C0303,D0079,2026-03-15 13:36:00,Jayanagar,Indiranagar,Bengaluru,Auto,Card,1.85,3.7,76.65,1.13,Low,Cloudy,Completed,Unknown,3.3
B04377,C0166,D0107,2026-02-15 02:19:00,Lajpat Nagar,Rohini,Delhi,Bike,Cash,1.09,4.2,46.54,1.36,High,Clear,Completed,Unknown,9.7
B04378,C0079,D0107,2026-02-19 11:17:00,Kharadi,Kothrud,Pune,Bike,UPI,2.04,5.8,52.24,1.09,Medium,Smog,Completed,Unknown,4.1
B04379,C0261,D0076,2026-03-23 08:14:00,Viman Nagar,Kothrud,Pune,Bike,UPI,2.02,3.3,52.12,1.46,Low,Clear,Completed,Unknown,3.3
B04380,C0387,D0026,2026-02-08 16:16:00,Powai,Dadar,Mumbai,Auto,Wallet,10.72,24.6,156.48,1.08,Low,Clear,Completed,Unknown,1.4
B04381,C0336,D0008,2026-03-27 09:02:00,Gachibowli,Ameerpet,Hyderabad,Bike,UPI,4.87,11.0,69.22,1.47,Low,Clear,Completed,Unknown,7.7
B04382,C0004,D0107,2026-01-02 21:22:00,Gachibowli,Secunderabad,Hyderabad,Cab,UPI,1.39,4.3,109.46,1.4,High,Clear,Completed,Unknown,7.7
B04383,C0048,D0032,2026-02-22 12:21:00,Rohini,Noida Sector 18,Delhi,Auto,Card,2.66,5.0,83.94,1.04,Low,Clear,Completed,Unknown,0.5
B04384,C0174,D0150,2026-02-05 02:38:00,Pitampura,Connaught Place,Delhi,Cab,Card,2.68,9.2,127.52,1.42,High,Clear,Completed,Unknown,7.7
B04385,C0282,D0066,2026-01-05 07:28:00,Colaba,Chembur,Mumbai,Bike,UPI,4.19,15.3,65.14,1.72,High,Clear,Cancelled,Customer,10.3
B04386,C0365,D0139,2026-01-30 22:27:00,Colaba,Chembur,Mumbai,Auto,Card,2.21,4.6,79.89,1.13,Low,Clear,Completed,Unknown,7.3
B04387,C0386,D0085,2026-02-28 22:05:00,Bandra,Powai,Mumbai,Auto,Card,6.64,16.4,119.76,1.14,Medium,Clear,Completed,Unknown,9.0
B04388,C0161,D0142,2026-03-08 01:57:00,Dadar,Chembur,Mumbai,Auto,Cash,1.91,5.5,77.19,1.1,Medium,Cloudy,Completed,Unknown,4.1
B04389,C0109,D0126,2026-01-02 01:31:00,Baner,Kharadi,Pune,Auto,Wallet,1.49,5.6,73.41,1.37,High,Cloudy,Completed,Unknown,9.5
B04390,C0263,D0072,2026-03-28 07:57:00,Jayanagar,Electronic City,Bengaluru,Bike,Card,13.7,35.1,122.2,1.41,Medium,Cloudy,Cancelled,Customer,0.3
B04391,C0330,D0108,2026-03-28 08:19:00,Wakad,Hinjewadi,Pune,Cab,UPI,3.2,9.9,134.8,1.46,Medium,Cloudy,Completed,Unknown,2.2
B04392,C0170,D0085,2026-02-24 07:28:00,Wakad,Viman Nagar,Pune,Auto,UPI,11.18,30.5,160.62,1.72,High,Clear,Completed,Unknown,8.2
B04393,C0024,D0040,2026-03-12 07:25:00,Powai,Malad,Mumbai,Bike,Wallet,14.98,26.4,129.88,1.73,Low,Rain,Completed,Unknown,0.0
B04394,C0253,D0141,2026-03-14 13:16:00,Electronic City,Whitefield,Bengaluru,Bike,Wallet,4.61,10.1,67.66,1.04,Low,Clear,Completed,Unknown,0.0
B04395,C0045,D0006,2026-03-08 18:20:00,Lajpat Nagar,Noida Sector 18,Delhi,Auto,Wallet,3.2,5.3,88.8,1.44,Low,Clear,Completed,Unknown,8.6
B04396,C0365,D0083,2026-03-26 04:03:00,Ameerpet,Secunderabad,Hyderabad,Bike,UPI,5.1,15.1,70.6,1.08,Medium,Clear,Completed,Unknown,0.0
B04397,C0273,D0056,2026-03-26 20:10:00,Marathahalli,Koramangala,Bengaluru,Cab,Cash,5.56,11.4,167.84,1.32,Low,Rain,Completed,Unknown,7.1
B04398,C0098,D0045,2026-02-19 01:48:00,MG Road,Koramangala,Bengaluru,Bike,UPI,9.86,20.8,99.16,1.0,Medium,Clear,Completed,Unknown,5.9
B04399,C0365,D0060,2026-03-05 07:31:00,Kharadi,Hinjewadi,Pune,Auto,UPI,1.02,2.9,69.18,1.45,Medium,Clear,Completed,Unknown,1.2
B04400,C0386,D0015,2026-02-21 20:33:00,Dadar,Chembur,Mumbai,Bike,UPI,1.32,2.6,47.92,1.14,Low,Smog,Completed,Unknown,0.0
B04401,C0366,D0049,2026-03-03 03:55:00,Wakad,Baner,Pune,Cab,UPI,2.42,8.4,123.88,1.59,High,Rain,Completed,Unknown,6.9
B04402,C0146,D0034,2026-03-14 11:36:00,Jayanagar,Indiranagar,Bengaluru,Bike,Card,3.47,10.3,60.82,1.08,Medium,Clear,Cancelled,Driver,9.8
B04403,C0130,D0085,2026-01-20 01:54:00,Wakad,Kharadi,Pune,Auto,Card,1.89,3.2,77.01,1.1,Low,Clear,Completed,Unknown,3.9
B04404,C0153,D0051,2026-01-06 02:08:00,Chembur,Bandra,Mumbai,Bike,Cash,7.53,15.2,85.18,1.07,Low,Clear,Incomplete,Unknown,12.6
B04405,C0103,D0005,2026-01-18 03:52:00,Marathahalli,Electronic City,Bengaluru,Bike,UPI,3.43,7.7,60.58,1.14,Low,Cloudy,Completed,Unknown,7.9
B04406,C0215,D0033,2026-02-02 10:32:00,Ameerpet,Banjara Hills,Hyderabad,Bike,UPI,12.83,25.0,116.98,1.04,Low,Clear,Completed,Unknown,0.0
B04407,C0104,D0125,2026-03-29 15:36:00,Hauz Khas,Noida Sector 18,Delhi,Auto,UPI,9.9,20.5,149.1,1.03,Low,Clear,Cancelled,Driver,2.5
B04408,C0394,D0056,2026-01-24 01:50:00,Janakpuri,Saket,Delhi,Bike,Card,6.48,18.7,78.88,1.07,Medium,Clear,Completed,Unknown,5.7
B04409,C0082,D0121,2026-03-09 11:59:00,Noida Sector 18,Rohini,Delhi,Auto,UPI,4.28,15.8,98.52,1.32,High,Cloudy,Completed,Unknown,5.1
B04410,C0153,D0023,2026-01-08 20:06:00,Hinjewadi,Wakad,Pune,Bike,Card,1.61,4.3,49.66,1.05,Medium,Clear,Completed,Unknown,6.1
B04411,C0011,D0012,2026-03-21 04:36:00,Electronic City,Indiranagar,Bengaluru,Bike,Cash,4.7,10.4,68.2,1.09,Low,Clear,Completed,Unknown,2.0
B04412,C0362,D0119,2026-03-17 12:22:00,Saket,Rohini,Delhi,Bike,UPI,12.11,26.4,112.66,1.11,Low,Smog,Cancelled,Customer,6.9
B04413,C0190,D0126,2026-02-25 13:58:00,Malad,Bandra,Mumbai,Bike,Wallet,5.38,11.7,72.28,1.01,Medium,Cloudy,Incomplete,Unknown,0.0
B04414,C0084,D0018,2026-03-28 14:23:00,Banjara Hills,Kukatpally,Hyderabad,Auto,Card,12.08,28.4,168.72,1.09,Low,Cloudy,Completed,Unknown,0.0
B04415,C0124,D0090,2026-02-28 18:25:00,Gachibowli,Ameerpet,Hyderabad,Auto,Cash,1.59,4.6,74.31,1.82,High,Clear,Cancelled,Customer,0.2
B04416,C0201,D0096,2026-02-17 14:21:00,Madhapur,Gachibowli,Hyderabad,Bike,Card,7.24,13.8,83.44,1.06,Low,Clear,Completed,Unknown,2.5
B04417,C0229,D0121,2026-02-18 23:44:00,Gachibowli,Ameerpet,Hyderabad,Bike,Cash,1.78,3.7,50.68,1.07,Low,Clear,Incomplete,Unknown,0.0
B04418,C0227,D0100,2026-02-10 08:12:00,Secunderabad,Kukatpally,Hyderabad,Cab,UPI,1.73,5.9,114.22,1.85,High,Clear,Completed,Unknown,6.1
B04419,C0150,D0027,2026-01-01 21:40:00,Kharadi,Wakad,Pune,Cab,Card,10.96,36.3,243.44,1.34,High,Cloudy,Cancelled,Customer,7.7
B04420,C0372,D0078,2026-02-27 05:58:00,Secunderabad,Gachibowli,Hyderabad,Auto,UPI,5.07,12.1,105.63,1.06,Medium,Cloudy,Completed,Unknown,4.0
B04421,C0217,D0121,2026-03-31 00:48:00,Jayanagar,Whitefield,Bengaluru,Auto,Wallet,18.31,68.8,224.79,1.32,High,Cloudy,Cancelled,Customer,3.7
B04422,C0344,D0084,2026-02-12 13:37:00,HSR Layout,MG Road,Bengaluru,Bike,Cash,2.9,8.5,57.4,1.08,Medium,Clear,Cancelled,Customer,3.3
B04423,C0391,D0077,2026-01-29 19:24:00,Banjara Hills,Ameerpet,Hyderabad,Auto,UPI,1.19,2.0,70.71,1.54,Low,Clear,Cancelled,Customer,1.0
B04424,C0250,D0039,2026-03-30 03:01:00,Kothrud,Kharadi,Pune,Cab,UPI,5.34,17.4,164.76,1.37,High,Clear,Completed,Unknown,1.7
B04425,C0169,D0076,2026-01-19 12:25:00,Gachibowli,Banjara Hills,Hyderabad,Auto,Card,2.83,6.2,85.47,1.31,Medium,Rain,Completed,Unknown,4.9
B04426,C0067,D0073,2026-01-21 09:22:00,Connaught Place,Janakpuri,Delhi,Cab,Cash,1.96,6.8,117.44,1.79,High,Clear,Cancelled,Customer,1.2
B04427,C0282,D0006,2026-02-22 05:47:00,Rohini,Noida Sector 18,Delhi,Cab,UPI,13.96,48.6,285.44,1.38,High,Cloudy,Cancelled,Customer,6.7
B04428,C0299,D0130,2026-03-22 01:40:00,Marathahalli,Koramangala,Bengaluru,Auto,Cash,2.21,4.6,79.89,1.05,Medium,Cloudy,Cancelled,Customer,0.7
B04429,C0369,D0123,2026-03-29 12:11:00,Hauz Khas,Saket,Delhi,Auto,Cash,1.36,2.9,72.24,1.02,Medium,Clear,Cancelled,Customer,0.7
B04430,C0222,D0134,2026-03-26 19:31:00,Gachibowli,Ameerpet,Hyderabad,Cab,UPI,7.04,22.8,188.56,1.78,High,Clear,Completed,Unknown,1.8
B04431,C0033,D0090,2026-01-12 15:23:00,Dadar,Bandra,Mumbai,Bike,Cash,13.24,26.0,119.44,1.01,Low,Clear,Completed,Unknown,5.4
B04432,C0377,D0027,2026-02-08 16:19:00,Dwarka,Lajpat Nagar,Delhi,Bike,Card,1.93,4.1,51.58,1.07,Medium,Cloudy,Completed,Unknown,4.0
B04433,C0281,D0100,2026-02-13 08:01:00,Kothrud,Hinjewadi,Pune,Auto,UPI,9.49,26.4,145.41,1.51,Medium,Cloudy,Completed,Unknown,0.0
B04434,C0064,D0120,2026-03-13 15:35:00,Ameerpet,Gachibowli,Hyderabad,Auto,UPI,8.67,20.5,138.03,1.09,Low,Clear,Completed,Unknown,4.2
B04435,C0364,D0125,2026-02-26 04:57:00,Baner,Wakad,Pune,Bike,Card,3.43,8.9,60.58,1.34,Medium,Rain,Completed,Unknown,2.6
B04436,C0130,D0026,2026-02-14 05:58:00,Dadar,Chembur,Mumbai,Bike,Card,8.81,34.6,92.86,1.33,High,Cloudy,Cancelled,Customer,4.3
B04437,C0342,D0090,2026-01-07 16:27:00,Whitefield,Koramangala,Bengaluru,Cab,Wallet,4.12,8.7,147.68,1.11,Medium,Clear,Completed,Unknown,2.4
B04438,C0124,D0080,2026-03-28 08:36:00,Madhapur,Secunderabad,Hyderabad,Auto,UPI,1.33,3.8,71.97,1.81,High,Clear,Completed,Unknown,1.4
B04439,C0121,D0039,2026-02-04 00:37:00,Indiranagar,Electronic City,Bengaluru,Bike,Card,18.59,41.0,151.54,1.05,Low,Clear,Completed,Unknown,3.8
B04440,C0072,D0041,2026-02-11 03:45:00,MG Road,Jayanagar,Bengaluru,Bike,UPI,1.81,5.4,50.86,1.09,Medium,Clear,Completed,Unknown,0.0
B04441,C0095,D0003,2026-03-03 13:39:00,Koramangala,MG Road,Bengaluru,Auto,Card,5.73,11.0,111.57,1.27,Low,Rain,Cancelled,Driver,0.3
B04442,C0364,D0083,2026-03-03 22:07:00,Madhapur,Banjara Hills,Hyderabad,Bike,UPI,1.59,3.6,49.54,1.08,Medium,Clear,Completed,Unknown,6.2
B04443,C0284,D0001,2026-01-15 10:26:00,Baner,Kothrud,Pune,Bike,UPI,1.67,3.3,50.02,1.11,Low,Clear,Completed,Unknown,2.5
B04444,C0031,D0125,2026-03-20 21:21:00,Hinjewadi,Wakad,Pune,Auto,UPI,19.9,59.9,239.1,1.4,High,Clear,Cancelled,Driver,3.0
B04445,C0282,D0067,2026-02-07 15:10:00,Kharadi,Hinjewadi,Pune,Auto,Cash,11.25,24.0,161.25,1.02,Low,Clear,Completed,Unknown,0.0
B04446,C0388,D0107,2026-02-28 11:12:00,Lajpat Nagar,Pitampura,Delhi,Bike,UPI,9.84,28.6,99.04,1.04,Medium,Clear,Completed,Unknown,8.1
B04447,C0217,D0102,2026-01-16 22:29:00,Madhapur,Ameerpet,Hyderabad,Cab,Wallet,23.41,46.3,417.74,1.09,Low,Clear,Completed,Unknown,0.0
B04448,C0200,D0090,2026-03-25 06:45:00,Noida Sector 18,Karol Bagh,Delhi,Cab,UPI,10.58,19.9,238.12,1.06,Low,Cloudy,Completed,Unknown,9.8
B04449,C0085,D0022,2026-02-28 17:51:00,Hauz Khas,Rohini,Delhi,Bike,Cash,11.32,28.7,107.92,1.7,Medium,Rain,Cancelled,Customer,0.2
B04450,C0236,D0112,2026-01-14 15:56:00,Colaba,Dadar,Mumbai,Auto,Cash,4.4,12.8,99.6,1.04,Medium,Clear,Completed,Unknown,8.6
B04451,C0160,D0099,2026-02-09 10:45:00,Connaught Place,Hauz Khas,Delhi,Auto,Cash,4.58,10.0,101.22,1.21,Medium,Rain,Completed,Unknown,12.9
B04452,C0036,D0121,2026-01-15 22:16:00,Koramangala,Jayanagar,Bengaluru,Cab,UPI,10.19,17.9,232.66,1.09,Low,Clear,Completed,Unknown,0.0
B04453,C0340,D0051,2026-01-15 10:46:00,Bandra,Powai,Mumbai,Bike,Cash,2.58,8.0,55.48,1.3,Medium,Rain,Completed,Unknown,0.4
B04454,C0013,D0098,2026-03-03 13:35:00,Pitampura,Hauz Khas,Delhi,Cab,Card,1.26,3.5,107.64,1.36,High,Clear,Cancelled,Driver,3.7
B04455,C0360,D0072,2026-01-15 10:34:00,Saket,Hauz Khas,Delhi,Auto,UPI,4.36,12.5,99.24,1.31,Medium,Rain,Completed,Unknown,0.5
B04456,C0057,D0095,2026-03-14 07:24:00,Dadar,Colaba,Mumbai,Auto,Card,7.85,14.7,130.65,1.54,Low,Cloudy,Completed,Unknown,2.2
B04457,C0122,D0012,2026-01-25 15:46:00,Rohini,Hauz Khas,Delhi,Cab,UPI,12.49,49.9,264.86,1.38,High,Cloudy,Incomplete,Unknown,8.6
B04458,C0309,D0105,2026-01-19 19:30:00,Hauz Khas,Saket,Delhi,Auto,Cash,9.29,27.0,143.61,1.4,Medium,Cloudy,Completed,Unknown,4.1
B04459,C0320,D0060,2026-01-23 20:56:00,Rohini,Noida Sector 18,Delhi,Bike,Card,5.1,20.0,70.6,1.39,High,Clear,Completed,Unknown,2.4
B04460,C0016,D0071,2026-02-12 06:04:00,Borivali,Malad,Mumbai,Bike,Card,2.76,7.6,56.56,1.1,Medium,Clear,Completed,Unknown,3.6
B04461,C0285,D0113,2026-01-26 21:08:00,Viman Nagar,Kothrud,Pune,Cab,Wallet,3.55,7.8,139.7,1.02,Low,Cloudy,Completed,Unknown,0.0
B04462,C0090,D0102,2026-01-16 13:05:00,Kothrud,Baner,Pune,Cab,Wallet,5.88,15.8,172.32,1.06,Medium,Clear,Completed,Unknown,4.6
B04463,C0303,D0112,2026-03-20 20:51:00,Saket,Hauz Khas,Delhi,Auto,Cash,5.73,13.6,111.57,1.11,Medium,Clear,Incomplete,Unknown,4.4
B04464,C0150,D0033,2026-03-05 22:36:00,Lajpat Nagar,Janakpuri,Delhi,Auto,Cash,4.33,13.3,98.97,1.02,Medium,Smog,Completed,Unknown,1.3
B04465,C0040,D0147,2026-03-26 19:54:00,Powai,Borivali,Mumbai,Bike,UPI,15.36,45.9,132.16,1.74,High,Cloudy,Completed,Unknown,8.4
B04466,C0364,D0105,2026-02-10 15:20:00,Kothrud,Baner,Pune,Auto,UPI,1.51,3.5,73.59,1.25,Medium,Rain,Cancelled,Customer,0.0
B04467,C0309,D0126,2026-03-12 07:03:00,Koramangala,Jayanagar,Bengaluru,Cab,Card,5.64,17.1,168.96,1.53,Medium,Clear,Completed,Unknown,9.1
B04468,C0115,D0080,2026-02-13 23:10:00,Janakpuri,Lajpat Nagar,Delhi,Auto,Wallet,13.66,31.1,182.94,1.02,Medium,Cloudy,Incomplete,Unknown,2.5
B04469,C0373,D0072,2026-03-25 02:23:00,Wakad,Baner,Pune,Auto,Card,8.17,14.8,133.53,1.33,Low,Rain,Cancelled,Customer,1.3
B04470,C0067,D0003,2026-03-16 02:33:00,Karol Bagh,Dwarka,Delhi,Auto,Cash,3.36,8.3,90.24,1.14,Medium,Cloudy,Completed,Unknown,0.9
B04471,C0139,D0055,2026-02-06 10:23:00,Indiranagar,HSR Layout,Bengaluru,Bike,UPI,5.16,12.2,70.96,1.22,Medium,Rain,Incomplete,Unknown,0.0
B04472,C0015,D0051,2026-01-08 22:48:00,Saket,Dwarka,Delhi,Cab,Card,4.41,10.2,151.74,1.33,Low,Rain,Completed,Unknown,6.5
B04473,C0223,D0049,2026-01-16 09:24:00,Marathahalli,Whitefield,Bengaluru,Bike,UPI,9.27,35.5,95.62,1.92,High,Rain,Completed,Unknown,12.0
B04474,C0369,D0119,2026-02-07 03:29:00,Secunderabad,Madhapur,Hyderabad,Cab,Cash,5.63,11.4,168.82,1.1,Low,Clear,Completed,Unknown,7.5
B04475,C0192,D0058,2026-01-14 08:55:00,Banjara Hills,Ameerpet,Hyderabad,Cab,UPI,1.99,7.5,117.86,1.82,High,Clear,Cancelled,Customer,9.6
B04476,C0050,D0142,2026-03-16 17:35:00,HSR Layout,Electronic City,Bengaluru,Auto,UPI,9.24,28.1,143.16,1.54,Medium,Clear,Completed,Unknown,7.1
B04477,C0389,D0017,2026-01-19 17:35:00,Saket,Janakpuri,Delhi,Auto,UPI,18.12,59.8,223.08,1.8,High,Cloudy,Cancelled,Customer,3.5
B04478,C0176,D0045,2026-01-26 03:19:00,Hinjewadi,Wakad,Pune,Auto,Cash,4.73,9.8,102.57,1.02,Low,Clear,Cancelled,Driver,0.0
B04479,C0257,D0022,2026-02-26 13:01:00,Secunderabad,Banjara Hills,Hyderabad,Auto,Card,4.65,14.4,101.85,1.33,Medium,Rain,Cancelled,Customer,3.3
B04480,C0082,D0032,2026-01-22 13:05:00,Whitefield,Indiranagar,Bengaluru,Cab,Card,4.58,13.3,154.12,1.09,Medium,Cloudy,Completed,Unknown,0.0
B04481,C0024,D0060,2026-03-25 16:37:00,Baner,Viman Nagar,Pune,Bike,Wallet,4.69,10.1,68.14,1.31,Low,Rain,Cancelled,Customer,8.3
B04482,C0098,D0075,2026-01-13 19:10:00,Kothrud,Kharadi,Pune,Bike,Cash,4.09,12.7,64.54,1.74,High,Smog,Cancelled,Customer,3.5
B04483,C0084,D0017,2026-01-01 03:17:00,Kothrud,Baner,Pune,Cab,UPI,3.03,8.3,132.42,1.38,High,Clear,Cancelled,Customer,7.2
B04484,C0259,D0107,2026-01-21 22:30:00,Indiranagar,MG Road,Bengaluru,Cab,UPI,1.64,4.1,112.96,1.12,Medium,Cloudy,Incomplete,Unknown,9.1
B04485,C0126,D0107,2026-02-15 02:48:00,Bandra,Andheri,Mumbai,Cab,Wallet,5.72,10.7,170.08,1.02,Low,Clear,Incomplete,Unknown,7.2
B04486,C0044,D0010,2026-02-18 21:04:00,Saket,Connaught Place,Delhi,Auto,Cash,1.21,2.9,70.89,1.03,Low,Clear,Cancelled,Customer,4.4
B04487,C0145,D0056,2026-03-18 04:58:00,Baner,Wakad,Pune,Cab,Card,3.48,8.1,138.72,1.09,Low,Cloudy,Incomplete,Unknown,4.2
B04488,C0111,D0014,2026-01-04 06:18:00,Kharadi,Hinjewadi,Pune,Cab,Cash,7.19,14.7,190.66,1.28,Low,Rain,Completed,Unknown,0.0
B04489,C0005,D0079,2026-01-06 19:58:00,Connaught Place,Janakpuri,Delhi,Auto,Card,7.55,14.4,127.95,1.69,Low,Rain,Cancelled,Customer,0.0
B04490,C0243,D0073,2026-03-30 14:10:00,Dwarka,Rohini,Delhi,Bike,UPI,14.82,29.7,128.92,1.03,Low,Cloudy,Cancelled,Driver,1.3
B04491,C0358,D0008,2026-01-14 08:20:00,Connaught Place,Rohini,Delhi,Auto,Wallet,1.43,4.3,72.87,1.72,High,Clear,Completed,Unknown,8.5
B04492,C0095,D0013,2026-01-06 04:02:00,Borivali,Dadar,Mumbai,Cab,Wallet,6.29,24.0,178.06,1.44,High,Clear,Incomplete,Unknown,12.4
B04493,C0274,D0077,2026-03-14 22:32:00,Borivali,Chembur,Mumbai,Bike,UPI,6.83,15.1,80.98,1.01,Low,Clear,Completed,Unknown,0.0
B04494,C0067,D0055,2026-01-16 00:09:00,Hinjewadi,Kharadi,Pune,Auto,UPI,11.89,27.1,167.01,1.01,Low,Cloudy,Completed,Unknown,3.8
B04495,C0063,D0125,2026-02-16 04:18:00,Secunderabad,Ameerpet,Hyderabad,Auto,Wallet,6.93,27.5,122.37,1.42,High,Clear,Cancelled,Customer,1.5
B04496,C0030,D0099,2026-02-24 16:44:00,Secunderabad,Banjara Hills,Hyderabad,Cab,Cash,2.07,3.8,118.98,1.3,Low,Rain,Cancelled,Driver,6.4
B04497,C0139,D0053,2026-03-04 01:35:00,Lajpat Nagar,Karol Bagh,Delhi,Auto,UPI,4.28,13.9,98.52,1.43,High,Cloudy,Cancelled,Driver,0.9
B04498,C0011,D0131,2026-03-19 12:33:00,MG Road,Koramangala,Bengaluru,Cab,Cash,11.06,29.0,244.84,1.27,Medium,Rain,Cancelled,Customer,0.1
B04499,C0098,D0124,2026-02-07 20:45:00,Kukatpally,Ameerpet,Hyderabad,Bike,Cash,5.0,10.1,70.0,1.14,Low,Cloudy,Completed,Unknown,5.6
B04500,C0059,D0144,2026-01-10 10:11:00,Janakpuri,Rohini,Delhi,Cab,Wallet,2.09,5.5,119.26,1.01,Medium,Clear,Incomplete,Unknown,9.2
B04501,C0164,D0119,2026-02-18 10:43:00,Chembur,Borivali,Mumbai,Auto,UPI,5.8,14.3,112.2,1.1,Medium,Cloudy,Completed,Unknown,5.1
B04502,C0046,D0022,2026-02-23 03:36:00,Colaba,Dadar,Mumbai,Cab,Wallet,1.83,4.3,115.62,1.09,Medium,Clear,Incomplete,Unknown,4.7
B04503,C0093,D0099,2026-03-11 08:46:00,Borivali,Andheri,Mumbai,Cab,UPI,1.42,4.8,109.88,1.78,High,Clear,Cancelled,Customer,3.3
B04504,C0018,D0131,2026-01-04 18:01:00,Noida Sector 18,Karol Bagh,Delhi,Cab,UPI,8.47,19.2,208.58,1.49,Medium,Cloudy,Completed,Unknown,6.8
B04505,C0353,D0027,2026-02-12 23:39:00,Ameerpet,Madhapur,Hyderabad,Bike,UPI,4.84,8.8,69.04,1.02,Low,Clear,Cancelled,Driver,0.9
B04506,C0105,D0057,2026-02-20 07:23:00,Electronic City,MG Road,Bengaluru,Cab,Cash,5.64,14.6,168.96,1.42,Medium,Clear,Completed,Unknown,2.8
B04507,C0207,D0072,2026-03-17 19:59:00,Electronic City,HSR Layout,Bengaluru,Bike,UPI,3.18,7.6,59.08,1.42,Medium,Clear,Completed,Unknown,2.2
B04508,C0400,D0095,2026-01-14 14:37:00,Pitampura,Saket,Delhi,Auto,Cash,3.69,7.7,93.21,1.05,Low,Clear,Cancelled,Customer,1.4
B04509,C0067,D0005,2026-01-27 06:47:00,Lajpat Nagar,Pitampura,Delhi,Cab,Cash,2.04,4.9,118.56,1.01,Medium,Clear,Completed,Unknown,12.6
B04510,C0153,D0072,2026-03-14 09:07:00,Connaught Place,Karol Bagh,Delhi,Cab,Card,2.65,7.2,127.1,1.48,Medium,Cloudy,Cancelled,Customer,6.0
B04511,C0238,D0027,2026-02-19 19:17:00,Dadar,Powai,Mumbai,Cab,UPI,12.1,27.1,259.4,1.52,Medium,Clear,Completed,Unknown,3.1
B04512,C0065,D0072,2026-01-29 05:40:00,Borivali,Malad,Mumbai,Bike,Cash,4.33,7.5,65.98,1.25,Low,Rain,Cancelled,Customer,4.8
B04513,C0288,D0142,2026-01-25 03:05:00,Dadar,Andheri,Mumbai,Auto,Card,2.82,8.6,85.38,1.12,Medium,Clear,Completed,Unknown,4.6
B04514,C0258,D0140,2026-02-09 20:31:00,Madhapur,Secunderabad,Hyderabad,Auto,UPI,4.15,9.4,97.35,1.14,Low,Cloudy,Completed,Unknown,4.7
B04515,C0238,D0090,2026-03-02 03:36:00,Dwarka,Hauz Khas,Delhi,Cab,Card,10.57,42.9,237.98,1.44,High,Cloudy,Completed,Unknown,3.3
B04516,C0031,D0060,2026-03-27 00:25:00,Secunderabad,Gachibowli,Hyderabad,Bike,Wallet,3.72,10.1,62.32,1.01,Medium,Smog,Completed,Unknown,0.0
B04517,C0058,D0100,2026-03-07 23:38:00,Andheri,Powai,Mumbai,Auto,Cash,8.33,21.0,134.97,1.34,Medium,Rain,Completed,Unknown,0.0
B04518,C0193,D0094,2026-02-21 14:44:00,Borivali,Malad,Mumbai,Auto,Card,11.24,29.5,161.16,1.09,Medium,Cloudy,Completed,Unknown,6.8
B04519,C0079,D0018,2026-02-09 12:00:00,Electronic City,HSR Layout,Bengaluru,Auto,UPI,15.92,47.6,203.28,1.14,Medium,Cloudy,Completed,Unknown,8.4
B04520,C0367,D0132,2026-02-01 09:46:00,Kothrud,Kharadi,Pune,Bike,Wallet,2.77,6.6,56.62,1.45,Low,Cloudy,Cancelled,Customer,5.2
B04521,C0276,D0133,2026-01-06 03:06:00,Bandra,Dadar,Mumbai,Cab,Cash,14.54,31.3,293.56,1.06,Low,Cloudy,Completed,Unknown,2.8
B04522,C0107,D0046,2026-03-09 14:56:00,MG Road,Whitefield,Bengaluru,Cab,Cash,2.95,8.7,131.3,1.02,Medium,Clear,Completed,Unknown,0.0
B04523,C0204,D0040,2026-01-22 15:20:00,Powai,Borivali,Mumbai,Bike,UPI,9.47,22.0,96.82,1.12,Low,Cloudy,Incomplete,Unknown,1.2
B04524,C0110,D0053,2026-03-24 22:37:00,Noida Sector 18,Hauz Khas,Delhi,Auto,UPI,4.85,11.4,103.65,1.12,Low,Clear,Cancelled,Customer,5.5
B04525,C0363,D0033,2026-03-21 13:40:00,Hinjewadi,Kharadi,Pune,Auto,Card,1.31,3.7,71.79,1.05,Medium,Clear,Completed,Unknown,7.4
B04526,C0040,D0097,2026-02-21 23:43:00,Dadar,Malad,Mumbai,Auto,Cash,20.36,48.0,243.24,1.21,Medium,Rain,Completed,Unknown,0.0
B04527,C0129,D0147,2026-02-22 05:47:00,HSR Layout,Jayanagar,Bengaluru,Cab,Card,1.22,2.7,107.08,1.04,Medium,Clear,Completed,Unknown,3.6
B04528,C0323,D0111,2026-02-23 12:41:00,Whitefield,Marathahalli,Bengaluru,Cab,UPI,1.65,4.3,113.1,1.05,Medium,Clear,Completed,Unknown,5.2
B04529,C0376,D0096,2026-02-02 10:12:00,Wakad,Kothrud,Pune,Bike,Card,8.84,25.8,93.04,1.03,Medium,Cloudy,Completed,Unknown,0.0
B04530,C0302,D0002,2026-02-13 05:32:00,Malad,Borivali,Mumbai,Cab,Card,1.72,3.4,114.08,1.09,Low,Clear,Completed,Unknown,5.0
B04531,C0337,D0121,2026-02-17 04:09:00,Ameerpet,Madhapur,Hyderabad,Bike,UPI,18.86,64.0,153.16,1.43,High,Clear,Cancelled,Customer,3.7
B04532,C0003,D0006,2026-01-14 14:28:00,Borivali,Powai,Mumbai,Auto,UPI,5.52,12.3,109.68,1.12,Low,Clear,Completed,Unknown,11.0
B04533,C0337,D0017,2026-01-21 18:39:00,Malad,Andheri,Mumbai,Auto,UPI,9.71,20.2,147.39,1.66,Medium,Rain,Cancelled,Customer,3.5
B04534,C0286,D0134,2026-02-26 21:42:00,Janakpuri,Saket,Delhi,Auto,Card,9.93,35.6,149.37,1.38,High,Smog,Cancelled,Customer,3.9
B04535,C0186,D0080,2026-01-17 16:58:00,Gachibowli,Ameerpet,Hyderabad,Cab,Card,1.92,4.1,116.88,1.1,Low,Clear,Completed,Unknown,0.0
B04536,C0006,D0092,2026-03-10 05:09:00,Kothrud,Baner,Pune,Bike,Cash,9.5,20.6,97.0,1.03,Low,Cloudy,Completed,Unknown,0.0
B04537,C0328,D0058,2026-01-12 13:58:00,Koramangala,Marathahalli,Bengaluru,Auto,Cash,1.69,5.5,75.21,1.36,High,Clear,Cancelled,Customer,6.2
B04538,C0148,D0001,2026-01-18 12:54:00,Bandra,Dadar,Mumbai,Auto,UPI,10.04,18.1,150.36,1.02,Low,Clear,Completed,Unknown,0.7
B04539,C0299,D0103,2026-02-15 22:58:00,HSR Layout,MG Road,Bengaluru,Cab,Cash,6.48,19.6,180.72,1.06,Medium,Cloudy,Cancelled,Driver,4.8
B04540,C0027,D0003,2026-02-26 20:47:00,Lajpat Nagar,Connaught Place,Delhi,Auto,Card,2.84,5.5,85.56,1.12,Low,Clear,Completed,Unknown,0.0
B04541,C0191,D0022,2026-03-21 16:53:00,Whitefield,HSR Layout,Bengaluru,Auto,UPI,1.76,2.9,75.84,1.15,Low,Clear,Cancelled,Customer,4.2
B04542,C0090,D0136,2026-02-09 05:40:00,Saket,Noida Sector 18,Delhi,Cab,Cash,1.03,1.9,104.42,1.03,Low,Clear,Completed,Unknown,0.0
B04543,C0107,D0094,2026-03-09 05:49:00,Dadar,Chembur,Mumbai,Cab,Wallet,7.05,14.2,188.7,1.06,Low,Smog,Completed,Unknown,5.6
B04544,C0331,D0089,2026-01-17 02:07:00,Dadar,Chembur,Mumbai,Auto,UPI,5.55,12.9,109.95,1.01,Medium,Clear,Completed,Unknown,4.0
B04545,C0166,D0023,2026-01-13 01:38:00,Hinjewadi,Kharadi,Pune,Bike,UPI,4.73,14.4,68.38,1.35,High,Cloudy,Cancelled,Customer,7.7
B04546,C0099,D0034,2026-03-03 03:04:00,MG Road,Jayanagar,Bengaluru,Auto,Card,7.31,12.9,125.79,1.1,Low,Cloudy,Completed,Unknown,8.4
B04547,C0055,D0042,2026-01-25 08:22:00,Bandra,Malad,Mumbai,Bike,Card,25.03,75.0,190.18,1.79,High,Clear,Completed,Unknown,3.2
B04548,C0381,D0020,2026-03-06 12:43:00,Wakad,Kharadi,Pune,Auto,Cash,2.15,5.0,79.35,1.03,Medium,Cloudy,Completed,Unknown,1.0
B04549,C0309,D0123,2026-03-13 10:15:00,Malad,Borivali,Mumbai,Auto,UPI,1.29,5.0,71.61,1.58,High,Rain,Completed,Unknown,0.8
B04550,C0271,D0072,2026-03-05 19:50:00,Dadar,Borivali,Mumbai,Bike,UPI,3.97,10.5,63.82,1.52,Medium,Cloudy,Incomplete,Unknown,1.9
B04551,C0006,D0037,2026-03-13 05:56:00,Powai,Borivali,Mumbai,Auto,Card,6.25,18.4,116.25,1.02,Medium,Clear,Completed,Unknown,3.2
B04552,C0158,D0139,2026-01-11 03:47:00,Borivali,Bandra,Mumbai,Bike,Wallet,5.88,16.8,75.28,1.01,Medium,Clear,Cancelled,Driver,2.6
B04553,C0081,D0083,2026-03-28 12:57:00,Hinjewadi,Wakad,Pune,Auto,Card,11.88,19.6,166.92,1.0,Low,Clear,Completed,Unknown,1.1
B04554,C0138,D0066,2026-01-21 06:24:00,HSR Layout,MG Road,Bengaluru,Auto,UPI,1.06,4.3,69.54,1.4,High,Cloudy,Cancelled,Customer,5.7
B04555,C0084,D0131,2026-02-08 22:53:00,Hauz Khas,Noida Sector 18,Delhi,Cab,Cash,7.37,12.0,193.18,1.01,Low,Clear,Incomplete,Unknown,0.0
B04556,C0103,D0076,2026-01-13 23:47:00,Borivali,Chembur,Mumbai,Bike,Card,6.12,12.7,76.72,1.28,Low,Rain,Cancelled,Customer,4.6
B04557,C0082,D0095,2026-03-31 00:15:00,Saket,Rohini,Delhi,Bike,Cash,11.01,35.2,106.06,1.44,High,Cloudy,Completed,Unknown,3.3
B04558,C0228,D0109,2026-01-20 02:53:00,Secunderabad,Ameerpet,Hyderabad,Auto,UPI,4.89,9.0,104.01,1.06,Low,Clear,Cancelled,Driver,4.1
B04559,C0040,D0072,2026-02-16 09:27:00,Secunderabad,Banjara Hills,Hyderabad,Auto,Cash,9.79,29.2,148.11,2.0,High,Rain,Completed,Unknown,7.2
B04560,C0129,D0142,2026-03-21 19:51:00,Viman Nagar,Baner,Pune,Cab,UPI,10.34,38.6,234.76,1.79,High,Clear,Completed,Unknown,11.1
B04561,C0158,D0060,2026-02-19 23:02:00,Banjara Hills,Kukatpally,Hyderabad,Auto,Card,7.09,14.4,123.81,1.01,Low,Clear,Completed,Unknown,0.0
B04562,C0111,D0013,2026-03-08 06:29:00,Noida Sector 18,Janakpuri,Delhi,Auto,UPI,1.49,2.6,73.41,1.12,Low,Clear,Completed,Unknown,3.1
B04563,C0347,D0088,2026-01-04 17:41:00,Karol Bagh,Lajpat Nagar,Delhi,Cab,UPI,1.41,3.0,109.74,1.44,Low,Smog,Cancelled,Driver,4.1
B04564,C0136,D0020,2026-02-05 09:00:00,Karol Bagh,Janakpuri,Delhi,Auto,Cash,2.57,4.6,83.13,1.51,Low,Clear,Cancelled,Customer,1.8
B04565,C0049,D0114,2026-02-02 23:54:00,Andheri,Bandra,Mumbai,Cab,Wallet,7.34,16.2,192.76,1.11,Low,Clear,Completed,Unknown,0.0
B04566,C0267,D0060,2026-03-17 15:09:00,Gachibowli,Ameerpet,Hyderabad,Auto,Card,12.45,25.3,172.05,1.09,Low,Cloudy,Cancelled,Customer,4.5
B04567,C0002,D0013,2026-02-23 10:31:00,HSR Layout,Indiranagar,Bengaluru,Cab,Wallet,1.97,4.7,117.58,1.08,Low,Clear,Completed,Unknown,5.6
B04568,C0043,D0144,2026-02-17 07:48:00,Viman Nagar,Baner,Pune,Cab,Card,4.73,10.7,156.22,1.73,Low,Rain,Completed,Unknown,9.6
B04569,C0234,D0072,2026-01-24 07:37:00,Kharadi,Baner,Pune,Cab,Card,1.55,6.2,111.7,1.93,High,Rain,Completed,Unknown,5.2
B04570,C0033,D0003,2026-03-31 13:56:00,Borivali,Powai,Mumbai,Bike,Cash,2.64,10.4,55.84,1.59,High,Rain,Cancelled,Customer,1.6
B04571,C0045,D0067,2026-01-09 07:47:00,Wakad,Viman Nagar,Pune,Cab,Cash,3.9,9.3,144.6,1.51,Medium,Smog,Completed,Unknown,0.0
B04572,C0192,D0033,2026-01-21 21:52:00,HSR Layout,Whitefield,Bengaluru,Auto,UPI,25.45,71.5,289.05,1.39,High,Cloudy,Completed,Unknown,3.1
B04573,C0359,D0041,2026-02-12 03:32:00,Chembur,Borivali,Mumbai,Auto,UPI,10.38,16.9,153.42,1.0,Low,Cloudy,Completed,Unknown,0.5
B04574,C0039,D0102,2026-01-06 09:30:00,Gachibowli,Banjara Hills,Hyderabad,Bike,UPI,13.85,22.3,123.1,1.49,Low,Clear,Completed,Unknown,0.0
B04575,C0323,D0078,2026-01-15 07:09:00,Noida Sector 18,Janakpuri,Delhi,Cab,UPI,3.0,9.5,132.0,1.72,High,Cloudy,Completed,Unknown,7.0
B04576,C0386,D0133,2026-01-13 04:04:00,Viman Nagar,Baner,Pune,Auto,UPI,2.11,4.5,78.99,1.04,Low,Clear,Completed,Unknown,2.7
B04577,C0062,D0030,2026-03-05 20:12:00,Kharadi,Viman Nagar,Pune,Bike,UPI,6.9,19.7,81.4,1.1,Medium,Clear,Completed,Unknown,8.8
B04578,C0184,D0131,2026-01-09 04:58:00,Bandra,Dadar,Mumbai,Auto,UPI,3.13,7.4,88.17,1.13,Low,Clear,Completed,Unknown,7.3
B04579,C0283,D0015,2026-02-04 02:54:00,Rohini,Hauz Khas,Delhi,Bike,UPI,18.07,73.1,148.42,1.42,High,Clear,Cancelled,Customer,7.9
B04580,C0040,D0074,2026-03-28 05:36:00,Hinjewadi,Viman Nagar,Pune,Auto,Wallet,12.31,25.8,170.79,1.24,Low,Rain,Completed,Unknown,2.6
B04581,C0170,D0058,2026-01-12 02:59:00,Dwarka,Janakpuri,Delhi,Cab,Wallet,16.34,39.8,318.76,1.12,Medium,Cloudy,Completed,Unknown,10.7
B04582,C0087,D0066,2026-03-22 01:32:00,Bandra,Andheri,Mumbai,Auto,Cash,9.69,36.4,147.21,1.59,High,Rain,Completed,Unknown,2.4
B04583,C0363,D0036,2026-01-14 20:08:00,Chembur,Malad,Mumbai,Auto,Cash,4.06,7.6,96.54,1.12,Low,Cloudy,Completed,Unknown,0.0
B04584,C0062,D0141,2026-03-04 21:24:00,Powai,Andheri,Mumbai,Auto,Wallet,9.87,32.5,148.83,1.44,High,Cloudy,Completed,Unknown,1.8
B04585,C0355,D0079,2026-02-02 19:03:00,Chembur,Powai,Mumbai,Cab,Card,4.59,10.0,154.26,1.44,Low,Clear,Cancelled,Driver,0.0
B04586,C0038,D0072,2026-03-09 22:46:00,Bandra,Malad,Mumbai,Auto,UPI,9.31,19.4,143.79,1.11,Low,Clear,Cancelled,Customer,0.0
B04587,C0239,D0142,2026-02-21 21:05:00,Powai,Dadar,Mumbai,Bike,Wallet,4.89,14.6,69.34,1.27,Medium,Rain,Cancelled,Driver,0.0
B04588,C0080,D0068,2026-01-15 00:33:00,Malad,Powai,Mumbai,Bike,UPI,4.86,12.4,69.16,1.31,Medium,Rain,Cancelled,Driver,2.3
B04589,C0380,D0092,2026-01-08 17:06:00,Rohini,Hauz Khas,Delhi,Bike,Cash,1.13,3.6,46.78,1.74,High,Clear,Cancelled,Customer,3.1
B04590,C0259,D0089,2026-02-25 18:02:00,HSR Layout,Whitefield,Bengaluru,Bike,UPI,13.19,47.9,119.14,1.83,High,Clear,Completed,Unknown,3.5
B04591,C0170,D0074,2026-01-10 03:50:00,Rohini,Pitampura,Delhi,Cab,UPI,3.43,7.0,138.02,1.01,Low,Clear,Completed,Unknown,1.1
B04592,C0323,D0132,2026-03-14 13:42:00,HSR Layout,Electronic City,Bengaluru,Bike,Cash,1.4,2.5,48.4,1.09,Low,Clear,Completed,Unknown,0.0
B04593,C0274,D0093,2026-02-10 19:45:00,Electronic City,Marathahalli,Bengaluru,Bike,UPI,5.94,18.2,75.64,1.85,High,Clear,Completed,Unknown,4.8
B04594,C0369,D0017,2026-02-03 23:02:00,Marathahalli,Whitefield,Bengaluru,Auto,Card,8.91,16.6,140.19,1.0,Low,Cloudy,Completed,Unknown,9.7
B04595,C0119,D0132,2026-02-05 15:41:00,Marathahalli,Electronic City,Bengaluru,Cab,Cash,2.84,4.6,129.76,1.09,Low,Clear,Completed,Unknown,3.0
B04596,C0022,D0074,2026-01-05 04:44:00,Colaba,Chembur,Mumbai,Cab,UPI,5.23,10.4,163.22,1.06,Low,Cloudy,Completed,Unknown,7.1
B04597,C0063,D0050,2026-02-13 12:04:00,Jayanagar,Indiranagar,Bengaluru,Bike,Cash,21.33,48.6,167.98,1.01,Medium,Clear,Completed,Unknown,3.9
B04598,C0007,D0074,2026-01-12 16:53:00,Baner,Wakad,Pune,Bike,Wallet,8.46,24.3,90.76,1.11,Medium,Cloudy,Completed,Unknown,2.3
B04599,C0038,D0130,2026-01-15 05:45:00,Madhapur,Ameerpet,Hyderabad,Bike,UPI,9.36,18.1,96.16,1.11,Low,Cloudy,Completed,Unknown,0.0
B04600,C0269,D0095,2026-02-22 07:02:00,Madhapur,Ameerpet,Hyderabad,Cab,Cash,3.4,10.5,137.6,1.5,Medium,Clear,Completed,Unknown,0.0
B04601,C0376,D0053,2026-02-05 21:41:00,Madhapur,Ameerpet,Hyderabad,Cab,UPI,14.96,33.5,299.44,1.33,Low,Rain,Completed,Unknown,7.7
B04602,C0071,D0050,2026-03-30 21:56:00,Madhapur,Kukatpally,Hyderabad,Auto,Cash,6.13,16.3,115.17,1.27,Medium,Rain,Cancelled,Customer,0.5
B04603,C0081,D0142,2026-02-24 02:50:00,Indiranagar,Koramangala,Bengaluru,Bike,Wallet,7.52,15.6,85.12,1.08,Low,Clear,Completed,Unknown,11.3
B04604,C0213,D0066,2026-02-13 00:57:00,Andheri,Chembur,Mumbai,Auto,UPI,2.79,5.3,85.11,1.0,Low,Clear,Completed,Unknown,9.2
B04605,C0255,D0026,2026-01-08 22:51:00,Kukatpally,Secunderabad,Hyderabad,Auto,UPI,1.24,2.7,71.16,1.13,Medium,Clear,Completed,Unknown,0.0
B04606,C0062,D0062,2026-02-11 13:50:00,Kothrud,Kharadi,Pune,Auto,UPI,7.73,26.1,129.57,1.44,High,Clear,Completed,Unknown,10.8
B04607,C0352,D0079,2026-01-15 13:36:00,Hauz Khas,Janakpuri,Delhi,Bike,UPI,19.32,31.4,155.92,1.1,Low,Clear,Completed,Unknown,4.2
B04608,C0222,D0092,2026-02-24 03:55:00,Whitefield,Indiranagar,Bengaluru,Bike,UPI,11.9,26.2,111.4,1.02,Medium,Clear,Completed,Unknown,0.0
B04609,C0092,D0100,2026-02-11 05:03:00,Marathahalli,HSR Layout,Bengaluru,Bike,UPI,6.66,11.8,79.96,1.07,Low,Clear,Completed,Unknown,0.0
B04610,C0074,D0074,2026-02-17 16:39:00,Ameerpet,Gachibowli,Hyderabad,Cab,UPI,5.64,21.7,168.96,1.44,High,Clear,Completed,Unknown,11.0
B04611,C0338,D0047,2026-03-02 10:55:00,Whitefield,Marathahalli,Bengaluru,Auto,UPI,3.47,6.8,91.23,1.14,Low,Cloudy,Completed,Unknown,2.2
B04612,C0072,D0131,2026-01-16 02:37:00,Gachibowli,Ameerpet,Hyderabad,Auto,UPI,2.78,11.2,85.02,1.34,High,Cloudy,Completed,Unknown,1.4
B04613,C0191,D0057,2026-01-06 01:03:00,Connaught Place,Rohini,Delhi,Bike,Wallet,11.48,19.0,108.88,1.02,Low,Clear,Completed,Unknown,0.0
B04614,C0274,D0099,2026-02-09 16:52:00,Wakad,Baner,Pune,Bike,UPI,6.87,16.1,81.22,1.02,Medium,Clear,Completed,Unknown,6.9
B04615,C0213,D0077,2026-01-14 17:10:00,Pitampura,Hauz Khas,Delhi,Auto,Card,26.22,62.7,295.98,1.5,Medium,Cloudy,Cancelled,Customer,0.2
B04616,C0286,D0120,2026-01-24 02:15:00,Lajpat Nagar,Noida Sector 18,Delhi,Auto,Cash,1.9,5.2,77.1,1.01,Medium,Clear,Completed,Unknown,3.3
B04617,C0039,D0008,2026-01-28 07:10:00,Dwarka,Janakpuri,Delhi,Cab,Wallet,16.4,63.1,319.6,1.79,High,Clear,Completed,Unknown,6.3
B04618,C0360,D0124,2026-01-14 22:22:00,Kothrud,Kharadi,Pune,Auto,UPI,1.59,4.2,74.31,1.08,Medium,Clear,Completed,Unknown,1.3
B04619,C0295,D0079,2026-02-08 19:18:00,Banjara Hills,Madhapur,Hyderabad,Bike,UPI,7.62,15.6,85.72,1.55,Low,Clear,Completed,Unknown,1.6
B04620,C0353,D0063,2026-01-07 14:22:00,Hinjewadi,Baner,Pune,Auto,UPI,8.08,14.9,132.72,1.27,Low,Rain,Completed,Unknown,1.0
B04621,C0286,D0139,2026-01-01 08:40:00,Whitefield,Marathahalli,Bengaluru,Cab,UPI,11.6,33.0,252.4,1.49,Medium,Clear,Incomplete,Unknown,2.2
B04622,C0203,D0073,2026-03-06 09:17:00,Chembur,Bandra,Mumbai,Bike,Card,8.46,20.7,90.76,1.45,Medium,Clear,Cancelled,Customer,1.7
B04623,C0212,D0094,2026-01-09 04:13:00,Indiranagar,HSR Layout,Bengaluru,Cab,Cash,1.61,5.7,112.54,1.37,High,Clear,Cancelled,Customer,10.9
B04624,C0037,D0121,2026-01-04 07:54:00,Jayanagar,Marathahalli,Bengaluru,Auto,Card,8.21,25.5,133.89,1.53,Medium,Cloudy,Completed,Unknown,0.0
B04625,C0106,D0096,2026-01-13 18:21:00,Banjara Hills,Secunderabad,Hyderabad,Auto,UPI,4.63,14.2,101.67,1.44,Medium,Cloudy,Completed,Unknown,1.3
B04626,C0261,D0056,2026-02-04 15:37:00,Baner,Hinjewadi,Pune,Cab,Cash,3.41,10.4,137.74,1.14,Medium,Clear,Completed,Unknown,0.0
B04627,C0005,D0102,2026-01-25 09:09:00,MG Road,Koramangala,Bengaluru,Cab,Card,1.65,3.5,113.1,1.53,Low,Clear,Completed,Unknown,4.2
B04628,C0170,D0041,2026-03-16 23:06:00,Karol Bagh,Rohini,Delhi,Bike,UPI,2.38,4.7,54.28,1.05,Low,Smog,Completed,Unknown,5.4
B04629,C0036,D0050,2026-02-14 14:22:00,Pitampura,Hauz Khas,Delhi,Cab,UPI,3.27,13.1,135.78,1.44,High,Cloudy,Completed,Unknown,3.0
B04630,C0371,D0136,2026-01-19 18:06:00,Borivali,Malad,Mumbai,Auto,UPI,4.75,17.1,102.75,1.76,High,Clear,Completed,Unknown,2.3
B04631,C0031,D0040,2026-03-23 05:33:00,Kharadi,Wakad,Pune,Auto,Cash,2.48,5.5,82.32,1.06,Low,Cloudy,Incomplete,Unknown,2.2
B04632,C0224,D0037,2026-01-31 01:54:00,Bandra,Borivali,Mumbai,Cab,Cash,6.71,11.0,183.94,1.14,Low,Cloudy,Cancelled,Driver,2.5
B04633,C0372,D0033,2026-03-19 18:36:00,Gachibowli,Kukatpally,Hyderabad,Auto,UPI,4.84,9.2,103.56,1.43,Low,Clear,Completed,Unknown,0.0
B04634,C0055,D0087,2026-03-05 17:32:00,Karol Bagh,Pitampura,Delhi,Cab,Cash,2.71,9.2,127.94,1.83,High,Clear,Completed,Unknown,4.0
B04635,C0148,D0085,2026-01-01 04:34:00,Banjara Hills,Madhapur,Hyderabad,Auto,UPI,3.3,13.2,89.7,1.43,High,Clear,Incomplete,Unknown,3.3
B04636,C0012,D0108,2026-02-17 05:36:00,Marathahalli,Jayanagar,Bengaluru,Auto,Cash,7.24,14.1,125.16,1.09,Low,Clear,Completed,Unknown,6.3
B04637,C0067,D0107,2026-02-14 22:10:00,Hinjewadi,Kharadi,Pune,Auto,Card,8.11,22.7,132.99,1.43,High,Clear,Completed,Unknown,7.6
B04638,C0016,D0001,2026-02-18 16:13:00,Kukatpally,Secunderabad,Hyderabad,Auto,UPI,1.36,3.1,72.24,1.03,Low,Cloudy,Completed,Unknown,0.0
B04639,C0255,D0086,2026-01-22 13:54:00,Koramangala,Jayanagar,Bengaluru,Cab,Cash,1.26,3.0,107.64,1.14,Medium,Clear,Completed,Unknown,0.0
B04640,C0162,D0031,2026-03-08 19:49:00,Secunderabad,Madhapur,Hyderabad,Auto,Wallet,6.95,17.0,122.55,1.53,Medium,Cloudy,Completed,Unknown,1.8
B04641,C0209,D0103,2026-02-04 06:33:00,Secunderabad,Gachibowli,Hyderabad,Bike,UPI,12.16,20.0,112.96,1.08,Low,Clear,Completed,Unknown,0.0
B04642,C0093,D0002,2026-01-18 20:16:00,Rohini,Janakpuri,Delhi,Cab,UPI,1.58,5.0,112.12,1.35,High,Cloudy,Completed,Unknown,10.8
B04643,C0380,D0130,2026-03-26 06:47:00,Madhapur,Banjara Hills,Hyderabad,Cab,UPI,3.57,6.1,139.98,1.03,Low,Clear,Cancelled,Customer,0.0
B04644,C0139,D0139,2026-01-17 21:32:00,Indiranagar,HSR Layout,Bengaluru,Bike,Wallet,2.6,10.0,55.6,1.39,High,Clear,Completed,Unknown,4.0
B04645,C0200,D0126,2026-03-26 00:09:00,HSR Layout,Whitefield,Bengaluru,Bike,Cash,6.57,24.3,79.42,1.44,High,Clear,Completed,Unknown,10.8
B04646,C0277,D0037,2026-01-30 21:29:00,Rohini,Lajpat Nagar,Delhi,Auto,UPI,5.03,18.5,105.27,1.34,High,Clear,Completed,Unknown,5.5
B04647,C0166,D0114,2026-02-21 05:55:00,Marathahalli,MG Road,Bengaluru,Bike,Wallet,13.28,31.8,119.68,1.12,Low,Clear,Cancelled,Customer,1.7
B04648,C0106,D0115,2026-02-28 14:48:00,Electronic City,MG Road,Bengaluru,Bike,Wallet,6.7,15.8,80.2,1.09,Medium,Cloudy,Completed,Unknown,1.7
B04649,C0031,D0015,2026-01-29 10:20:00,MG Road,Indiranagar,Bengaluru,Auto,UPI,3.58,9.1,92.22,1.1,Medium,Clear,Completed,Unknown,8.1
B04650,C0094,D0111,2026-03-18 16:08:00,Bandra,Malad,Mumbai,Bike,Card,11.87,34.8,111.22,1.02,Medium,Clear,Completed,Unknown,9.6
B04651,C0394,D0022,2026-03-26 21:00:00,Ameerpet,Gachibowli,Hyderabad,Auto,UPI,9.25,14.9,143.25,1.08,Low,Clear,Completed,Unknown,3.1
B04652,C0316,D0092,2026-02-10 11:12:00,Hinjewadi,Kharadi,Pune,Auto,Card,4.88,13.1,103.92,1.08,Medium,Clear,Completed,Unknown,0.7
B04653,C0163,D0129,2026-03-16 17:38:00,Gachibowli,Secunderabad,Hyderabad,Cab,UPI,13.58,27.0,280.12,1.48,Low,Clear,Completed,Unknown,5.6
B04654,C0129,D0121,2026-03-19 13:36:00,Secunderabad,Gachibowli,Hyderabad,Auto,UPI,10.77,25.0,156.93,1.1,Low,Cloudy,Completed,Unknown,0.0
B04655,C0099,D0056,2026-02-05 07:37:00,Baner,Viman Nagar,Pune,Auto,Card,13.4,21.4,180.6,1.49,Low,Clear,Incomplete,Unknown,10.3
B04656,C0031,D0019,2026-02-28 13:16:00,Koramangala,Whitefield,Bengaluru,Cab,Wallet,3.08,6.7,133.12,1.13,Medium,Cloudy,Incomplete,Unknown,3.2
B04657,C0060,D0121,2026-03-24 13:56:00,Madhapur,Banjara Hills,Hyderabad,Cab,Wallet,4.37,10.2,151.18,1.11,Low,Clear,Cancelled,Customer,0.5
B04658,C0336,D0049,2026-01-12 17:48:00,Secunderabad,Banjara Hills,Hyderabad,Auto,UPI,21.42,73.9,252.78,1.72,High,Clear,Completed,Unknown,7.0
B04659,C0121,D0093,2026-02-21 00:02:00,Gachibowli,Secunderabad,Hyderabad,Auto,Cash,20.41,36.5,243.69,1.08,Low,Cloudy,Completed,Unknown,0.8
B04660,C0206,D0017,2026-02-05 10:24:00,Indiranagar,Electronic City,Bengaluru,Cab,UPI,7.5,18.0,195.0,1.01,Medium,Clear,Cancelled,Customer,2.8
B04661,C0291,D0058,2026-01-26 10:32:00,Andheri,Dadar,Mumbai,Bike,UPI,10.11,29.9,100.66,1.26,Medium,Rain,Completed,Unknown,4.3
B04662,C0278,D0059,2026-03-23 23:33:00,Kothrud,Wakad,Pune,Cab,UPI,19.42,45.6,361.88,1.09,Low,Clear,Completed,Unknown,0.0
B04663,C0145,D0089,2026-02-21 20:10:00,Andheri,Dadar,Mumbai,Bike,UPI,16.45,26.6,138.7,1.11,Low,Clear,Completed,Unknown,0.0
B04664,C0212,D0100,2026-02-28 10:11:00,Gachibowli,Ameerpet,Hyderabad,Auto,UPI,2.71,6.4,84.39,1.11,Medium,Cloudy,Completed,Unknown,0.0
B04665,C0087,D0034,2026-02-06 14:56:00,Ameerpet,Kukatpally,Hyderabad,Cab,Wallet,8.35,19.7,206.9,1.0,Medium,Clear,Completed,Unknown,3.8
B04666,C0385,D0030,2026-03-26 02:48:00,Hinjewadi,Viman Nagar,Pune,Cab,Wallet,1.2,3.5,106.8,1.09,Medium,Cloudy,Completed,Unknown,8.0
B04667,C0021,D0108,2026-02-19 15:21:00,Hinjewadi,Kothrud,Pune,Auto,Card,3.95,7.0,95.55,1.08,Low,Clear,Completed,Unknown,9.3
B04668,C0366,D0125,2026-01-28 20:26:00,Secunderabad,Madhapur,Hyderabad,Cab,Wallet,1.06,4.1,104.84,1.4,High,Cloudy,Completed,Unknown,3.8
B04669,C0036,D0129,2026-02-04 15:12:00,Lajpat Nagar,Karol Bagh,Delhi,Bike,Cash,6.29,10.9,77.74,1.07,Low,Clear,Completed,Unknown,0.0
B04670,C0212,D0002,2026-01-29 12:36:00,Malad,Borivali,Mumbai,Cab,Card,16.43,47.9,320.02,1.01,Medium,Clear,Completed,Unknown,5.6
B04671,C0241,D0136,2026-02-09 12:18:00,HSR Layout,MG Road,Bengaluru,Bike,UPI,11.95,44.6,111.7,1.39,High,Cloudy,Completed,Unknown,3.4
B04672,C0212,D0060,2026-01-29 19:57:00,Dwarka,Saket,Delhi,Bike,Cash,3.2,11.7,59.2,1.81,High,Clear,Completed,Unknown,4.1
B04673,C0104,D0029,2026-01-27 13:40:00,Kharadi,Kothrud,Pune,Bike,UPI,7.45,17.0,84.7,1.11,Medium,Cloudy,Completed,Unknown,7.8
B04674,C0345,D0066,2026-02-03 04:56:00,Kukatpally,Banjara Hills,Hyderabad,Auto,Card,3.09,11.1,87.81,1.37,High,Clear,Cancelled,Customer,9.9
B04675,C0394,D0098,2026-01-15 01:57:00,MG Road,Electronic City,Bengaluru,Auto,Cash,4.76,9.5,102.84,1.31,Low,Rain,Completed,Unknown,3.2
B04676,C0146,D0130,2026-02-26 15:54:00,Hauz Khas,Noida Sector 18,Delhi,Auto,Card,3.98,12.3,95.82,1.14,Medium,Clear,Completed,Unknown,1.7
B04677,C0225,D0144,2026-03-13 11:58:00,Andheri,Borivali,Mumbai,Auto,UPI,18.73,45.5,228.57,1.13,Medium,Cloudy,Completed,Unknown,11.5
B04678,C0248,D0006,2026-02-20 20:52:00,Kharadi,Wakad,Pune,Cab,UPI,3.38,9.5,137.32,1.55,High,Rain,Cancelled,Customer,13.9
B04679,C0069,D0147,2026-02-09 22:06:00,Gachibowli,Kukatpally,Hyderabad,Bike,UPI,6.23,10.3,77.38,1.06,Low,Clear,Incomplete,Unknown,5.2
B04680,C0236,D0142,2026-02-14 21:46:00,Ameerpet,Madhapur,Hyderabad,Auto,UPI,1.55,3.3,73.95,1.01,Low,Clear,Completed,Unknown,5.9
B04681,C0037,D0039,2026-01-04 03:18:00,Wakad,Baner,Pune,Auto,Cash,10.94,18.9,158.46,1.14,Low,Smog,Cancelled,Driver,8.7
B04682,C0108,D0012,2026-01-17 06:21:00,Ameerpet,Secunderabad,Hyderabad,Bike,UPI,3.95,6.9,63.7,1.08,Low,Clear,Completed,Unknown,3.2
B04683,C0320,D0087,2026-03-15 19:29:00,Dwarka,Saket,Delhi,Auto,UPI,2.64,7.8,83.76,1.84,High,Cloudy,Completed,Unknown,7.9
B04684,C0087,D0001,2026-02-27 06:20:00,Baner,Hinjewadi,Pune,Bike,UPI,4.8,12.3,68.8,1.07,Medium,Clear,Completed,Unknown,2.8
B04685,C0131,D0125,2026-03-12 07:48:00,Viman Nagar,Wakad,Pune,Auto,UPI,8.22,22.5,133.98,1.48,Medium,Smog,Completed,Unknown,2.4
B04686,C0371,D0137,2026-03-05 21:03:00,Kharadi,Wakad,Pune,Bike,Cash,2.55,7.3,55.3,1.32,High,Clear,Completed,Unknown,8.0
B04687,C0339,D0090,2026-01-10 16:30:00,Secunderabad,Kukatpally,Hyderabad,Bike,UPI,19.73,63.7,158.38,1.36,High,Clear,Completed,Unknown,8.7
B04688,C0028,D0095,2026-01-26 09:58:00,Wakad,Hinjewadi,Pune,Cab,UPI,3.19,8.8,134.66,1.41,Medium,Clear,Completed,Unknown,3.7
B04689,C0390,D0074,2026-02-27 05:36:00,Banjara Hills,Secunderabad,Hyderabad,Auto,Wallet,15.0,27.8,195.0,1.12,Low,Clear,Completed,Unknown,4.3
B04690,C0138,D0140,2026-01-07 05:25:00,Rohini,Pitampura,Delhi,Bike,Wallet,3.08,8.0,58.48,1.07,Medium,Cloudy,Completed,Unknown,6.4
B04691,C0104,D0012,2026-02-05 19:30:00,Baner,Viman Nagar,Pune,Cab,Card,2.65,9.7,127.1,1.83,High,Cloudy,Cancelled,Customer,7.2
B04692,C0157,D0077,2026-02-07 17:32:00,Gachibowli,Ameerpet,Hyderabad,Cab,UPI,2.1,4.7,119.4,1.53,Medium,Smog,Completed,Unknown,2.5
B04693,C0114,D0137,2026-02-07 11:13:00,Noida Sector 18,Hauz Khas,Delhi,Bike,Wallet,6.92,16.3,81.52,1.15,Medium,Smog,Completed,Unknown,3.2
B04694,C0214,D0083,2026-03-12 22:40:00,Saket,Connaught Place,Delhi,Bike,Cash,4.8,11.3,68.8,1.02,Low,Clear,Completed,Unknown,0.6
B04695,C0204,D0107,2026-01-19 01:06:00,Andheri,Colaba,Mumbai,Cab,UPI,6.46,19.1,180.44,1.33,High,Smog,Completed,Unknown,1.3
B04696,C0123,D0084,2026-02-20 07:03:00,Baner,Wakad,Pune,Auto,Cash,8.06,19.2,132.54,1.71,Medium,Rain,Completed,Unknown,0.0
B04697,C0199,D0054,2026-02-26 19:34:00,Banjara Hills,Ameerpet,Hyderabad,Cab,Cash,4.36,11.4,151.04,1.52,Medium,Clear,Completed,Unknown,6.4
B04698,C0166,D0019,2026-02-23 10:51:00,Madhapur,Kukatpally,Hyderabad,Auto,UPI,1.79,5.1,76.11,1.03,Medium,Smog,Cancelled,Driver,10.0
B04699,C0081,D0005,2026-01-27 01:06:00,Kukatpally,Banjara Hills,Hyderabad,Bike,UPI,1.39,3.1,48.34,1.27,Medium,Rain,Completed,Unknown,6.3
B04700,C0031,D0044,2026-02-24 05:50:00,Madhapur,Gachibowli,Hyderabad,Bike,UPI,8.07,19.1,88.42,1.12,Low,Smog,Cancelled,Customer,3.5
B04701,C0224,D0102,2026-02-26 01:10:00,Secunderabad,Madhapur,Hyderabad,Cab,UPI,9.74,19.4,226.36,1.31,Low,Rain,Cancelled,Customer,0.0
B04702,C0064,D0132,2026-03-01 04:03:00,Janakpuri,Connaught Place,Delhi,Bike,Wallet,1.86,4.6,51.16,1.07,Medium,Clear,Completed,Unknown,2.3
B04703,C0358,D0129,2026-03-17 00:25:00,Hinjewadi,Viman Nagar,Pune,Bike,Cash,5.34,9.8,72.04,1.14,Low,Smog,Cancelled,Customer,0.0
B04704,C0111,D0031,2026-03-29 15:15:00,Baner,Hinjewadi,Pune,Cab,Card,1.61,3.8,112.54,1.09,Medium,Cloudy,Completed,Unknown,0.0
B04705,C0046,D0039,2026-03-11 09:22:00,Kharadi,Viman Nagar,Pune,Cab,UPI,2.61,9.7,126.54,1.82,High,Smog,Cancelled,Customer,7.9
B04706,C0067,D0013,2026-01-07 03:51:00,Viman Nagar,Baner,Pune,Cab,Cash,1.13,3.1,105.82,1.04,Medium,Cloudy,Completed,Unknown,15.5
B04707,C0144,D0120,2026-03-23 16:16:00,Janakpuri,Noida Sector 18,Delhi,Auto,UPI,2.64,5.8,83.76,1.31,Low,Rain,Incomplete,Unknown,6.7
B04708,C0118,D0027,2026-01-23 17:04:00,Marathahalli,Jayanagar,Bengaluru,Bike,Card,1.29,2.8,47.74,1.5,Medium,Cloudy,Completed,Unknown,1.1
B04709,C0104,D0095,2026-01-01 06:32:00,Dadar,Colaba,Mumbai,Bike,Cash,5.33,19.4,71.98,1.36,High,Cloudy,Completed,Unknown,4.5
B04710,C0002,D0072,2026-01-31 09:47:00,Karol Bagh,Hauz Khas,Delhi,Auto,Card,3.21,9.5,88.89,1.76,High,Smog,Cancelled,Driver,4.1
B04711,C0386,D0062,2026-02-25 21:42:00,Janakpuri,Karol Bagh,Delhi,Bike,Cash,2.25,3.8,53.5,1.23,Low,Rain,Completed,Unknown,6.5
B04712,C0372,D0036,2026-03-28 13:09:00,HSR Layout,Marathahalli,Bengaluru,Auto,Cash,13.05,26.2,177.45,1.01,Low,Clear,Completed,Unknown,0.0
B04713,C0371,D0072,2026-03-29 04:53:00,Hauz Khas,Janakpuri,Delhi,Cab,UPI,7.74,17.8,198.36,1.24,Low,Rain,Completed,Unknown,4.9
B04714,C0071,D0114,2026-02-14 13:01:00,Powai,Bandra,Mumbai,Cab,Wallet,1.89,3.9,116.46,1.02,Low,Cloudy,Incomplete,Unknown,3.3
B04715,C0297,D0085,2026-03-05 09:13:00,Kothrud,Hinjewadi,Pune,Auto,UPI,6.77,18.7,120.93,1.77,High,Clear,Completed,Unknown,2.0
B04716,C0255,D0078,2026-01-31 08:18:00,Viman Nagar,Kothrud,Pune,Bike,UPI,1.64,5.0,49.84,1.44,Medium,Cloudy,Completed,Unknown,7.0
B04717,C0384,D0041,2026-01-18 18:52:00,Saket,Dwarka,Delhi,Auto,UPI,4.04,15.7,96.36,1.83,High,Smog,Completed,Unknown,2.1
B04718,C0291,D0017,2026-01-07 06:51:00,Rohini,Saket,Delhi,Cab,Cash,10.39,19.1,235.46,1.23,Low,Rain,Completed,Unknown,6.3
B04719,C0232,D0069,2026-03-01 17:42:00,Banjara Hills,Ameerpet,Hyderabad,Auto,Wallet,4.09,14.1,96.81,1.92,High,Rain,Cancelled,Driver,14.5
B04720,C0106,D0074,2026-01-18 09:39:00,Dwarka,Saket,Delhi,Auto,Cash,13.96,30.0,185.64,1.48,Low,Clear,Completed,Unknown,3.2
B04721,C0386,D0148,2026-03-20 01:49:00,Ameerpet,Banjara Hills,Hyderabad,Auto,UPI,2.67,7.3,84.03,1.15,Medium,Clear,Cancelled,Customer,4.2
B04722,C0195,D0051,2026-01-15 13:23:00,Hauz Khas,Janakpuri,Delhi,Auto,Wallet,1.61,3.8,74.49,1.03,Low,Clear,Incomplete,Unknown,4.6
B04723,C0250,D0033,2026-02-23 20:00:00,Kharadi,Baner,Pune,Bike,UPI,2.75,5.2,56.5,1.01,Low,Cloudy,Completed,Unknown,2.5
B04724,C0068,D0009,2026-01-05 18:28:00,Dadar,Borivali,Mumbai,Cab,UPI,1.14,2.4,105.96,1.43,Low,Cloudy,Cancelled,Customer,0.0
B04725,C0303,D0022,2026-02-02 19:58:00,Andheri,Colaba,Mumbai,Auto,Cash,8.56,32.5,137.04,1.78,High,Clear,Cancelled,Driver,5.1
B04726,C0380,D0012,2026-03-09 01:13:00,Electronic City,MG Road,Bengaluru,Cab,Card,1.4,3.0,109.6,1.07,Low,Smog,Completed,Unknown,4.5
B04727,C0350,D0095,2026-01-31 18:33:00,Madhapur,Secunderabad,Hyderabad,Auto,Card,1.1,3.8,69.9,1.92,High,Rain,Cancelled,Customer,6.8
B04728,C0371,D0039,2026-02-16 10:41:00,Baner,Kharadi,Pune,Bike,UPI,8.66,28.5,91.96,1.32,High,Clear,Completed,Unknown,8.3
B04729,C0261,D0006,2026-01-22 09:03:00,Dadar,Colaba,Mumbai,Auto,Cash,4.18,15.1,97.62,1.7,High,Clear,Completed,Unknown,5.4
B04730,C0075,D0136,2026-01-22 18:04:00,Janakpuri,Noida Sector 18,Delhi,Auto,UPI,4.93,16.4,104.37,2.05,High,Rain,Cancelled,Driver,4.3
B04731,C0248,D0114,2026-02-06 23:21:00,Hinjewadi,Kothrud,Pune,Auto,UPI,8.38,15.3,135.42,1.11,Low,Cloudy,Incomplete,Unknown,5.2
B04732,C0003,D0037,2026-03-13 13:25:00,Madhapur,Gachibowli,Hyderabad,Bike,Card,8.54,16.9,91.24,1.06,Low,Clear,Cancelled,Customer,2.9
B04733,C0180,D0015,2026-03-17 13:15:00,Borivali,Andheri,Mumbai,Auto,UPI,7.76,21.7,129.84,1.32,High,Clear,Completed,Unknown,8.2
B04734,C0232,D0126,2026-01-22 18:51:00,Janakpuri,Dwarka,Delhi,Bike,Cash,9.29,36.1,95.74,1.83,High,Clear,Cancelled,Customer,9.5
B04735,C0013,D0049,2026-03-12 18:31:00,Indiranagar,Jayanagar,Bengaluru,Bike,Wallet,2.53,6.7,55.18,1.45,Medium,Cloudy,Completed,Unknown,7.0
B04736,C0209,D0040,2026-01-06 10:52:00,Viman Nagar,Baner,Pune,Bike,Card,1.79,3.3,50.74,1.13,Low,Clear,Completed,Unknown,0.0
B04737,C0376,D0063,2026-01-29 08:14:00,Karol Bagh,Lajpat Nagar,Delhi,Auto,UPI,3.74,8.4,93.66,1.44,Medium,Cloudy,Completed,Unknown,3.0
B04738,C0281,D0049,2026-03-05 18:03:00,MG Road,Koramangala,Bengaluru,Auto,UPI,6.55,13.3,118.95,1.53,Low,Cloudy,Cancelled,Customer,10.9
B04739,C0008,D0127,2026-03-30 06:22:00,Janakpuri,Pitampura,Delhi,Bike,Card,1.72,3.4,50.32,1.02,Low,Cloudy,Completed,Unknown,6.0
B04740,C0246,D0062,2026-01-09 12:30:00,Ameerpet,Secunderabad,Hyderabad,Auto,UPI,5.13,11.1,106.17,1.29,Low,Rain,Completed,Unknown,12.5
B04741,C0370,D0008,2026-01-21 19:07:00,Ameerpet,Gachibowli,Hyderabad,Auto,Card,3.98,15.0,95.82,1.8,High,Clear,Completed,Unknown,9.2
B04742,C0291,D0125,2026-02-27 01:40:00,Madhapur,Kukatpally,Hyderabad,Cab,UPI,22.83,80.1,409.62,1.4,High,Cloudy,Completed,Unknown,0.8
B04743,C0012,D0056,2026-03-23 11:58:00,Pitampura,Karol Bagh,Delhi,Bike,Wallet,16.01,31.9,136.06,1.09,Low,Cloudy,Completed,Unknown,8.5
B04744,C0209,D0017,2026-03-14 21:45:00,HSR Layout,Jayanagar,Bengaluru,Bike,Card,7.6,23.3,85.6,1.08,Medium,Clear,Cancelled,Customer,5.0
B04745,C0167,D0125,2026-01-02 14:46:00,Dwarka,Karol Bagh,Delhi,Bike,UPI,3.85,7.4,63.1,1.3,Low,Rain,Completed,Unknown,3.3
B04746,C0066,D0137,2026-01-08 14:09:00,Wakad,Kharadi,Pune,Auto,Card,3.32,6.0,89.88,1.09,Low,Clear,Cancelled,Driver,5.6
B04747,C0037,D0095,2026-03-09 10:58:00,Colaba,Borivali,Mumbai,Cab,Cash,31.13,57.3,525.82,1.04,Low,Clear,Completed,Unknown,0.0
B04748,C0233,D0090,2026-02-26 17:19:00,Koramangala,Marathahalli,Bengaluru,Bike,Cash,1.17,2.7,47.02,1.43,Medium,Cloudy,Completed,Unknown,0.0
B04749,C0227,D0144,2026-01-24 16:12:00,Kharadi,Viman Nagar,Pune,Auto,Card,4.44,7.6,99.96,1.07,Low,Clear,Completed,Unknown,0.7
B04750,C0364,D0031,2026-02-07 23:52:00,Marathahalli,HSR Layout,Bengaluru,Cab,UPI,3.27,7.8,135.78,1.02,Low,Cloudy,Completed,Unknown,2.4
B04751,C0248,D0060,2026-01-15 09:31:00,Karol Bagh,Connaught Place,Delhi,Auto,UPI,9.7,26.9,147.3,1.53,Medium,Clear,Cancelled,Driver,0.2
B04752,C0040,D0080,2026-01-21 11:17:00,Pitampura,Connaught Place,Delhi,Auto,Wallet,1.35,2.5,72.15,1.01,Low,Cloudy,Completed,Unknown,0.0
B04753,C0049,D0037,2026-01-28 10:43:00,Secunderabad,Kukatpally,Hyderabad,Auto,Card,1.08,2.1,69.72,1.13,Low,Smog,Cancelled,Driver,2.6
B04754,C0158,D0018,2026-01-10 12:17:00,Colaba,Dadar,Mumbai,Auto,Card,4.49,12.6,100.41,1.14,Medium,Clear,Incomplete,Unknown,5.3
B04755,C0391,D0058,2026-01-14 23:03:00,Viman Nagar,Kothrud,Pune,Cab,Card,1.94,3.1,117.16,1.12,Low,Clear,Completed,Unknown,5.4
B04756,C0217,D0039,2026-01-13 17:56:00,Andheri,Borivali,Mumbai,Bike,Card,4.22,11.9,65.32,1.54,Medium,Clear,Completed,Unknown,5.2
B04757,C0267,D0053,2026-03-18 17:14:00,MG Road,Whitefield,Bengaluru,Cab,Wallet,2.31,5.1,122.34,1.49,Medium,Smog,Cancelled,Customer,3.6
B04758,C0043,D0115,2026-01-27 16:11:00,Wakad,Viman Nagar,Pune,Bike,Card,28.44,68.0,210.64,1.09,Low,Clear,Cancelled,Customer,0.0
B04759,C0171,D0014,2026-01-19 12:12:00,Connaught Place,Noida Sector 18,Delhi,Auto,UPI,8.4,26.2,135.6,1.42,High,Cloudy,Cancelled,Customer,3.3
B04760,C0318,D0115,2026-02-20 21:59:00,Marathahalli,Whitefield,Bengaluru,Bike,UPI,18.63,33.4,151.78,1.0,Low,Clear,Incomplete,Unknown,2.7
B04761,C0255,D0125,2026-01-17 00:49:00,Viman Nagar,Hinjewadi,Pune,Bike,Card,2.83,5.9,56.98,1.08,Low,Clear,Completed,Unknown,1.4
B04762,C0315,D0093,2026-02-19 04:33:00,Malad,Dadar,Mumbai,Bike,Wallet,5.47,12.2,72.82,1.13,Low,Clear,Cancelled,Customer,7.3
B04763,C0054,D0023,2026-01-27 12:52:00,Chembur,Bandra,Mumbai,Auto,Card,2.92,6.8,86.28,1.03,Low,Cloudy,Completed,Unknown,12.7
B04764,C0037,D0076,2026-02-20 18:02:00,Powai,Borivali,Mumbai,Auto,Cash,3.72,14.3,93.48,1.75,High,Cloudy,Completed,Unknown,3.9
B04765,C0013,D0039,2026-01-22 10:10:00,Colaba,Dadar,Mumbai,Auto,UPI,2.14,5.0,79.26,1.12,Low,Smog,Completed,Unknown,8.9
B04766,C0100,D0004,2026-01-03 11:49:00,Kukatpally,Ameerpet,Hyderabad,Auto,Cash,1.56,3.7,74.04,1.11,Low,Clear,Completed,Unknown,3.8
B04767,C0274,D0130,2026-02-26 11:25:00,Janakpuri,Dwarka,Delhi,Bike,UPI,1.2,3.4,47.2,1.6,High,Rain,Completed,Unknown,6.8
B04768,C0287,D0107,2026-03-22 11:57:00,Hinjewadi,Baner,Pune,Bike,Cash,2.99,5.3,57.94,1.15,Low,Cloudy,Incomplete,Unknown,3.7
B04769,C0043,D0041,2026-02-10 21:38:00,Malad,Bandra,Mumbai,Bike,Wallet,6.22,17.9,77.32,1.03,Medium,Clear,Completed,Unknown,0.0
B04770,C0214,D0051,2026-03-22 11:49:00,Andheri,Borivali,Mumbai,Bike,Cash,7.41,14.1,84.46,1.02,Low,Clear,Completed,Unknown,7.5
B04771,C0262,D0066,2026-02-17 13:46:00,Ameerpet,Gachibowli,Hyderabad,Bike,UPI,9.73,36.0,98.38,1.43,High,Cloudy,Completed,Unknown,3.7
B04772,C0066,D0060,2026-03-11 17:06:00,Whitefield,Jayanagar,Bengaluru,Auto,UPI,4.73,15.9,102.57,1.8,High,Clear,Cancelled,Customer,3.3
B04773,C0224,D0113,2026-01-11 10:51:00,Rohini,Dwarka,Delhi,Cab,UPI,16.35,38.7,318.9,1.01,Medium,Clear,Completed,Unknown,0.0
B04774,C0285,D0033,2026-02-14 21:18:00,Madhapur,Kukatpally,Hyderabad,Auto,Wallet,3.31,12.0,89.79,1.44,High,Cloudy,Completed,Unknown,2.1
B04775,C0182,D0023,2026-03-24 16:35:00,Karol Bagh,Hauz Khas,Delhi,Auto,Cash,7.3,23.0,125.7,1.43,High,Cloudy,Completed,Unknown,9.0
B04776,C0173,D0114,2026-03-17 15:15:00,Madhapur,Ameerpet,Hyderabad,Cab,Card,1.57,3.7,111.98,1.15,Medium,Clear,Completed,Unknown,3.4
B04777,C0145,D0066,2026-03-01 04:17:00,Bandra,Dadar,Mumbai,Cab,UPI,7.93,22.5,201.02,1.12,Medium,Clear,Cancelled,Driver,3.0
B04778,C0201,D0124,2026-03-12 00:12:00,Andheri,Chembur,Mumbai,Auto,Cash,6.22,13.5,115.98,1.33,Low,Rain,Incomplete,Unknown,0.2
B04779,C0061,D0010,2026-01-21 14:15:00,Secunderabad,Banjara Hills,Hyderabad,Bike,Card,2.65,6.6,55.9,1.1,Medium,Clear,Cancelled,Driver,5.4
B04780,C0049,D0031,2026-03-16 19:40:00,Connaught Place,Janakpuri,Delhi,Cab,Card,16.23,57.1,317.22,1.81,High,Clear,Completed,Unknown,4.1
B04781,C0039,D0101,2026-02-20 02:57:00,Kothrud,Kharadi,Pune,Auto,UPI,2.32,7.3,80.88,1.35,High,Clear,Completed,Unknown,13.4
B04782,C0307,D0133,2026-01-25 18:36:00,Hinjewadi,Baner,Pune,Cab,UPI,3.08,5.6,133.12,1.44,Low,Cloudy,Completed,Unknown,2.4
B04783,C0307,D0120,2026-01-25 20:34:00,Kharadi,Wakad,Pune,Auto,UPI,6.76,17.8,120.84,1.34,Medium,Rain,Completed,Unknown,4.7
B04784,C0009,D0023,2026-02-20 22:51:00,Borivali,Andheri,Mumbai,Bike,Cash,10.76,25.6,104.56,1.04,Medium,Cloudy,Cancelled,Customer,4.7
B04785,C0355,D0098,2026-01-14 13:00:00,Powai,Chembur,Mumbai,Auto,UPI,13.73,34.1,183.57,1.08,Medium,Clear,Cancelled,Driver,4.0
B04786,C0372,D0035,2026-02-26 23:50:00,Koramangala,HSR Layout,Bengaluru,Bike,Wallet,2.79,5.9,56.74,1.08,Medium,Cloudy,Completed,Unknown,0.0
B04787,C0212,D0007,2026-03-24 06:21:00,Kothrud,Kharadi,Pune,Auto,Wallet,22.83,54.3,265.47,1.1,Low,Clear,Completed,Unknown,1.8
B04788,C0400,D0114,2026-01-12 13:44:00,Colaba,Dadar,Mumbai,Cab,UPI,7.36,12.6,193.04,1.07,Low,Cloudy,Incomplete,Unknown,0.0
B04789,C0316,D0089,2026-01-21 02:51:00,Janakpuri,Rohini,Delhi,Auto,Cash,6.08,13.2,114.72,1.23,Low,Rain,Completed,Unknown,4.5
B04790,C0124,D0105,2026-01-02 05:49:00,Dwarka,Karol Bagh,Delhi,Bike,UPI,7.75,23.8,86.5,1.05,Medium,Clear,Completed,Unknown,1.4
B04791,C0315,D0063,2026-02-06 03:11:00,Madhapur,Kukatpally,Hyderabad,Auto,UPI,14.57,45.1,191.13,1.11,Medium,Clear,Completed,Unknown,2.8
B04792,C0192,D0074,2026-03-11 14:29:00,Kothrud,Hinjewadi,Pune,Bike,Cash,2.91,6.4,57.46,1.32,Low,Rain,Cancelled,Driver,4.7
B04793,C0220,D0137,2026-02-06 20:42:00,Kharadi,Hinjewadi,Pune,Auto,Cash,2.48,8.4,82.32,1.44,High,Cloudy,Cancelled,Customer,2.8
B04794,C0352,D0140,2026-01-22 10:23:00,Colaba,Chembur,Mumbai,Cab,UPI,4.13,9.5,147.82,1.11,Medium,Cloudy,Cancelled,Customer,3.6
B04795,C0118,D0056,2026-01-16 05:47:00,Saket,Dwarka,Delhi,Cab,UPI,2.76,6.6,128.64,1.09,Low,Clear,Completed,Unknown,6.1
B04796,C0114,D0074,2026-03-28 03:50:00,Madhapur,Banjara Hills,Hyderabad,Bike,UPI,2.86,6.7,57.16,1.0,Low,Clear,Cancelled,Customer,5.5
B04797,C0278,D0030,2026-02-22 23:58:00,Whitefield,Marathahalli,Bengaluru,Bike,Wallet,1.45,3.3,48.7,1.13,Medium,Cloudy,Completed,Unknown,9.8
B04798,C0177,D0128,2026-01-01 15:32:00,Madhapur,Ameerpet,Hyderabad,Bike,Cash,3.42,7.8,60.52,1.02,Low,Clear,Completed,Unknown,1.4
B04799,C0220,D0132,2026-02-10 12:06:00,Bandra,Andheri,Mumbai,Bike,Wallet,2.7,10.6,56.2,1.44,High,Clear,Completed,Unknown,6.3
B04800,C0323,D0063,2026-03-30 13:25:00,MG Road,Whitefield,Bengaluru,Bike,UPI,6.58,17.8,79.48,1.13,Medium,Clear,Completed,Unknown,0.0
B04801,C0181,D0093,2026-01-20 07:35:00,Electronic City,Indiranagar,Bengaluru,Bike,Card,8.45,31.6,90.7,1.81,High,Smog,Cancelled,Customer,6.3
B04802,C0299,D0044,2026-02-07 04:19:00,Janakpuri,Lajpat Nagar,Delhi,Bike,UPI,21.09,77.2,166.54,1.63,High,Rain,Cancelled,Driver,15.3
B04803,C0271,D0076,2026-01-10 18:34:00,MG Road,Marathahalli,Bengaluru,Auto,Card,3.24,9.6,89.16,1.4,Medium,Clear,Completed,Unknown,0.0
B04804,C0111,D0072,2026-02-07 08:54:00,Lajpat Nagar,Rohini,Delhi,Cab,UPI,5.09,10.8,161.26,1.53,Medium,Smog,Cancelled,Customer,5.6
B04805,C0215,D0007,2026-01-25 05:17:00,Janakpuri,Hauz Khas,Delhi,Bike,Card,5.95,12.6,75.7,1.03,Low,Clear,Completed,Unknown,1.5
B04806,C0394,D0076,2026-03-05 14:04:00,Indiranagar,Marathahalli,Bengaluru,Bike,Card,2.03,3.3,52.18,1.08,Low,Clear,Completed,Unknown,3.8
B04807,C0304,D0085,2026-02-12 04:49:00,Baner,Hinjewadi,Pune,Cab,UPI,1.62,3.1,112.68,1.07,Low,Clear,Completed,Unknown,1.2
B04808,C0134,D0034,2026-03-16 07:08:00,Gachibowli,Ameerpet,Hyderabad,Cab,Card,8.16,24.7,204.24,1.83,High,Clear,Completed,Unknown,8.8
B04809,C0335,D0003,2026-02-07 21:53:00,Whitefield,HSR Layout,Bengaluru,Auto,Cash,20.24,47.3,242.16,1.07,Medium,Clear,Completed,Unknown,5.2
B04810,C0051,D0014,2026-03-06 17:36:00,Kothrud,Viman Nagar,Pune,Auto,Wallet,4.2,15.4,97.8,1.8,High,Clear,Cancelled,Customer,3.4
B04811,C0033,D0002,2026-03-12 18:05:00,Marathahalli,MG Road,Bengaluru,Bike,Cash,1.72,3.9,50.32,1.52,Low,Smog,Incomplete,Unknown,5.1
B04812,C0307,D0068,2026-01-12 15:27:00,Powai,Chembur,Mumbai,Auto,UPI,10.45,26.7,154.05,1.12,Medium,Clear,Completed,Unknown,1.9
B04813,C0071,D0079,2026-01-04 06:26:00,Chembur,Borivali,Mumbai,Auto,Wallet,12.32,35.3,170.88,1.41,High,Smog,Completed,Unknown,1.3
B04814,C0012,D0126,2026-01-07 16:24:00,Banjara Hills,Kukatpally,Hyderabad,Auto,Cash,6.49,14.4,118.41,1.06,Low,Clear,Completed,Unknown,9.7
B04815,C0297,D0150,2026-03-08 04:31:00,Indiranagar,Whitefield,Bengaluru,Cab,Card,9.42,19.9,221.88,1.01,Medium,Smog,Cancelled,Customer,1.9
B04816,C0302,D0130,2026-03-22 03:27:00,Banjara Hills,Kukatpally,Hyderabad,Bike,Card,15.2,27.9,131.2,1.08,Low,Cloudy,Cancelled,Driver,2.2
B04817,C0217,D0117,2026-01-20 19:21:00,Indiranagar,Whitefield,Bengaluru,Cab,Cash,5.94,17.2,173.16,1.81,High,Clear,Incomplete,Unknown,2.7
B04818,C0005,D0083,2026-03-01 11:30:00,Lajpat Nagar,Connaught Place,Delhi,Bike,Card,5.19,14.7,71.14,1.09,Medium,Clear,Completed,Unknown,0.0
B04819,C0104,D0128,2026-03-23 06:49:00,Electronic City,Indiranagar,Bengaluru,Cab,Cash,7.76,17.4,198.64,1.21,Low,Rain,Completed,Unknown,0.0
B04820,C0050,D0001,2026-02-23 12:05:00,Ameerpet,Madhapur,Hyderabad,Bike,Wallet,1.49,5.1,48.94,1.33,High,Clear,Cancelled,Customer,3.3
B04821,C0364,D0034,2026-02-19 12:52:00,Banjara Hills,Madhapur,Hyderabad,Bike,Wallet,9.09,20.5,94.54,1.15,Medium,Cloudy,Completed,Unknown,8.7
B04822,C0274,D0078,2026-03-17 22:55:00,HSR Layout,Jayanagar,Bengaluru,Cab,Wallet,3.39,7.4,137.46,1.04,Low,Clear,Completed,Unknown,0.0
B04823,C0176,D0093,2026-02-22 14:47:00,Whitefield,Koramangala,Bengaluru,Auto,UPI,14.58,42.6,191.22,1.04,Medium,Clear,Completed,Unknown,6.1
B04824,C0136,D0024,2026-03-29 02:58:00,Whitefield,Jayanagar,Bengaluru,Auto,UPI,7.75,22.4,129.75,1.14,Medium,Clear,Completed,Unknown,4.1
B04825,C0105,D0115,2026-01-15 14:04:00,Gachibowli,Banjara Hills,Hyderabad,Auto,UPI,5.68,13.0,111.12,1.04,Low,Clear,Cancelled,Driver,0.3
B04826,C0145,D0021,2026-03-28 08:09:00,HSR Layout,Electronic City,Bengaluru,Bike,Cash,7.42,25.2,84.52,1.75,High,Clear,Cancelled,Driver,5.3
B04827,C0337,D0136,2026-03-24 13:43:00,Gachibowli,Madhapur,Hyderabad,Cab,Card,5.14,19.8,161.96,1.33,High,Cloudy,Cancelled,Customer,7.3
B04828,C0245,D0072,2026-02-14 18:05:00,Karol Bagh,Hauz Khas,Delhi,Auto,UPI,3.51,10.4,91.59,1.84,High,Clear,Completed,Unknown,14.1
B04829,C0232,D0140,2026-02-24 14:27:00,Hauz Khas,Rohini,Delhi,Bike,Wallet,1.28,3.2,47.68,1.04,Medium,Clear,Cancelled,Driver,4.6
B04830,C0376,D0126,2026-03-23 13:48:00,Koramangala,Whitefield,Bengaluru,Cab,UPI,5.52,9.3,167.28,1.0,Low,Clear,Cancelled,Customer,9.0
B04831,C0047,D0049,2026-02-20 10:33:00,Kharadi,Hinjewadi,Pune,Bike,UPI,28.17,57.9,209.02,1.01,Low,Clear,Completed,Unknown,3.3
B04832,C0016,D0119,2026-01-10 09:25:00,Viman Nagar,Kothrud,Pune,Bike,UPI,6.24,15.4,77.44,1.42,Medium,Clear,Cancelled,Customer,10.2
B04833,C0238,D0003,2026-01-02 13:00:00,HSR Layout,Indiranagar,Bengaluru,Bike,Wallet,2.89,5.8,57.34,1.12,Low,Clear,Completed,Unknown,0.0
B04834,C0169,D0130,2026-01-07 05:31:00,Bandra,Colaba,Mumbai,Auto,Card,4.65,8.2,101.85,1.12,Low,Cloudy,Incomplete,Unknown,4.1
B04835,C0103,D0033,2026-03-25 16:55:00,Electronic City,Koramangala,Bengaluru,Bike,Card,1.17,2.4,47.02,1.0,Low,Clear,Completed,Unknown,6.2
B04836,C0209,D0058,2026-03-05 21:06:00,Ameerpet,Secunderabad,Hyderabad,Cab,UPI,19.59,42.1,364.26,1.31,Low,Rain,Incomplete,Unknown,7.0
B04837,C0278,D0133,2026-02-26 05:19:00,Electronic City,MG Road,Bengaluru,Bike,Card,1.73,3.5,50.38,1.05,Low,Clear,Completed,Unknown,4.3
B04838,C0384,D0119,2026-02-23 08:03:00,Kukatpally,Ameerpet,Hyderabad,Bike,Cash,4.22,13.9,65.32,1.75,High,Cloudy,Cancelled,Customer,15.0
B04839,C0139,D0026,2026-01-20 12:55:00,Ameerpet,Gachibowli,Hyderabad,Bike,Cash,7.92,17.9,87.52,1.07,Low,Smog,Cancelled,Driver,2.5
B04840,C0048,D0041,2026-03-27 15:35:00,Dadar,Malad,Mumbai,Bike,Cash,6.81,11.9,80.86,1.25,Low,Rain,Completed,Unknown,0.0
B04841,C0380,D0116,2026-01-17 15:02:00,Whitefield,Jayanagar,Bengaluru,Cab,Card,4.64,8.2,154.96,1.04,Low,Clear,Completed,Unknown,2.1
B04842,C0135,D0093,2026-01-14 21:19:00,Baner,Kharadi,Pune,Cab,Card,5.72,11.4,170.08,1.05,Low,Smog,Completed,Unknown,7.8
B04843,C0373,D0084,2026-02-06 11:48:00,Lajpat Nagar,Dwarka,Delhi,Bike,UPI,5.89,10.9,75.34,1.09,Low,Clear,Completed,Unknown,2.0
B04844,C0002,D0093,2026-01-30 01:05:00,Gachibowli,Kukatpally,Hyderabad,Auto,Cash,1.58,2.8,74.22,1.08,Low,Clear,Completed,Unknown,1.5
B04845,C0367,D0050,2026-02-12 07:57:00,Banjara Hills,Madhapur,Hyderabad,Auto,UPI,4.22,9.7,97.98,1.41,Medium,Clear,Completed,Unknown,0.0
B04846,C0038,D0121,2026-01-29 01:38:00,Saket,Dwarka,Delhi,Bike,UPI,3.19,5.3,59.14,1.08,Low,Clear,Completed,Unknown,3.5
B04847,C0279,D0139,2026-01-26 13:23:00,Madhapur,Banjara Hills,Hyderabad,Auto,UPI,2.44,8.9,81.96,1.34,High,Clear,Completed,Unknown,4.1
B04848,C0148,D0126,2026-03-09 09:16:00,Chembur,Dadar,Mumbai,Bike,Cash,2.77,7.8,56.62,1.46,Medium,Clear,Incomplete,Unknown,0.2
B04849,C0044,D0132,2026-02-02 00:37:00,Banjara Hills,Gachibowli,Hyderabad,Auto,Card,6.7,13.7,120.3,1.15,Low,Clear,Completed,Unknown,2.2
B04850,C0220,D0008,2026-02-05 19:34:00,Baner,Hinjewadi,Pune,Cab,UPI,2.52,8.8,125.28,1.8,High,Clear,Incomplete,Unknown,11.0
B04851,C0047,D0099,2026-01-20 10:15:00,Saket,Pitampura,Delhi,Auto,Card,2.06,5.4,78.54,1.09,Medium,Clear,Completed,Unknown,8.8
B04852,C0135,D0092,2026-01-21 18:14:00,Baner,Kothrud,Pune,Bike,UPI,17.74,38.4,146.44,1.53,Medium,Smog,Cancelled,Driver,3.4
B04853,C0265,D0107,2026-01-19 06:53:00,Gachibowli,Secunderabad,Hyderabad,Bike,Card,4.33,7.2,65.98,1.09,Low,Clear,Incomplete,Unknown,6.6
B04854,C0391,D0111,2026-03-22 18:08:00,Jayanagar,Marathahalli,Bengaluru,Cab,Card,2.81,5.2,129.34,1.5,Low,Clear,Completed,Unknown,6.1
B04855,C0386,D0049,2026-03-22 10:54:00,Andheri,Bandra,Mumbai,Bike,UPI,12.56,26.9,115.36,1.1,Low,Clear,Incomplete,Unknown,2.2
B04856,C0274,D0013,2026-02-21 18:20:00,Baner,Kothrud,Pune,Cab,Cash,4.02,10.6,146.28,1.48,Medium,Clear,Completed,Unknown,4.1
B04857,C0351,D0107,2026-01-18 09:25:00,MG Road,HSR Layout,Bengaluru,Bike,UPI,6.47,16.7,78.82,1.55,Medium,Clear,Completed,Unknown,10.6
B04858,C0258,D0099,2026-03-03 19:42:00,Powai,Bandra,Mumbai,Auto,UPI,2.65,6.7,83.85,1.45,Medium,Clear,Completed,Unknown,5.8
B04859,C0074,D0093,2026-02-07 18:33:00,Connaught Place,Pitampura,Delhi,Bike,Card,6.22,24.9,77.32,1.71,High,Clear,Completed,Unknown,9.8
B04860,C0079,D0079,2026-03-11 08:35:00,Madhapur,Ameerpet,Hyderabad,Auto,UPI,3.78,10.3,94.02,1.8,High,Cloudy,Completed,Unknown,0.2
B04861,C0059,D0033,2026-01-04 04:50:00,Koramangala,MG Road,Bengaluru,Bike,UPI,7.91,13.7,87.46,1.09,Low,Clear,Completed,Unknown,0.7
B04862,C0024,D0032,2026-01-20 16:13:00,Pitampura,Karol Bagh,Delhi,Bike,UPI,4.57,7.7,67.42,1.35,Low,Rain,Cancelled,Driver,0.0
B04863,C0335,D0010,2026-01-18 14:15:00,Jayanagar,HSR Layout,Bengaluru,Bike,UPI,1.74,3.9,50.44,1.07,Low,Cloudy,Cancelled,Customer,1.8
B04864,C0284,D0125,2026-03-11 17:07:00,Chembur,Borivali,Mumbai,Bike,Cash,6.2,18.5,77.2,1.41,Medium,Clear,Completed,Unknown,0.0
B04865,C0365,D0072,2026-02-02 01:21:00,Indiranagar,Marathahalli,Bengaluru,Bike,Card,3.58,7.3,61.48,1.09,Low,Clear,Completed,Unknown,0.0
B04866,C0226,D0039,2026-02-23 07:58:00,Kharadi,Viman Nagar,Pune,Cab,UPI,6.06,16.6,174.84,1.48,Medium,Clear,Completed,Unknown,8.2
B04867,C0180,D0053,2026-03-06 04:45:00,Bandra,Malad,Mumbai,Cab,Card,5.04,15.7,160.56,1.23,Medium,Rain,Cancelled,Customer,4.0
B04868,C0337,D0041,2026-01-02 20:23:00,Colaba,Malad,Mumbai,Cab,UPI,6.5,21.2,181.0,1.37,High,Clear,Completed,Unknown,1.3
B04869,C0185,D0003,2026-02-09 13:44:00,Noida Sector 18,Pitampura,Delhi,Cab,UPI,10.16,38.2,232.24,1.52,High,Rain,Completed,Unknown,9.6
B04870,C0331,D0111,2026-02-21 19:54:00,Janakpuri,Saket,Delhi,Auto,Cash,5.15,12.0,106.35,1.41,Medium,Clear,Incomplete,Unknown,9.2
B04871,C0199,D0094,2026-02-05 02:15:00,Hauz Khas,Pitampura,Delhi,Bike,Card,2.04,7.4,52.24,1.41,High,Smog,Completed,Unknown,9.8
B04872,C0273,D0115,2026-01-11 22:17:00,Whitefield,Koramangala,Bengaluru,Auto,Card,4.39,14.4,99.51,1.42,High,Clear,Completed,Unknown,4.6
B04873,C0276,D0095,2026-01-28 12:50:00,Kukatpally,Madhapur,Hyderabad,Auto,Card,3.38,6.6,90.42,1.28,Low,Rain,Cancelled,Customer,0.0
B04874,C0021,D0012,2026-01-27 20:16:00,Electronic City,Indiranagar,Bengaluru,Cab,UPI,25.42,44.1,445.88,1.1,Low,Cloudy,Completed,Unknown,7.2
B04875,C0063,D0114,2026-01-13 07:23:00,Kothrud,Kharadi,Pune,Auto,Card,2.73,7.4,84.57,1.71,Medium,Rain,Cancelled,Driver,2.8
B04876,C0358,D0084,2026-02-08 20:02:00,Saket,Connaught Place,Delhi,Bike,UPI,1.24,2.7,47.44,1.04,Low,Clear,Completed,Unknown,4.3
B04877,C0364,D0133,2026-02-14 00:33:00,Hinjewadi,Kothrud,Pune,Auto,UPI,1.54,3.5,73.86,1.07,Medium,Cloudy,Completed,Unknown,4.1
B04878,C0098,D0053,2026-03-17 12:14:00,Andheri,Borivali,Mumbai,Auto,UPI,15.28,25.5,197.52,1.07,Low,Clear,Completed,Unknown,8.2
B04879,C0105,D0007,2026-01-20 15:02:00,Baner,Hinjewadi,Pune,Bike,UPI,1.91,6.1,51.46,1.42,High,Smog,Completed,Unknown,2.5
B04880,C0208,D0076,2026-02-05 04:02:00,Kukatpally,Banjara Hills,Hyderabad,Cab,Wallet,12.59,49.7,266.26,1.43,High,Cloudy,Completed,Unknown,0.5
B04881,C0302,D0039,2026-03-12 22:19:00,Colaba,Powai,Mumbai,Auto,UPI,13.74,38.9,183.66,1.02,Medium,Clear,Completed,Unknown,7.7
B04882,C0381,D0001,2026-01-12 23:01:00,Wakad,Baner,Pune,Bike,Wallet,4.99,11.3,69.94,1.08,Low,Clear,Incomplete,Unknown,4.3
B04883,C0090,D0095,2026-03-12 20:10:00,HSR Layout,Electronic City,Bengaluru,Auto,UPI,5.87,12.2,112.83,1.33,Low,Rain,Completed,Unknown,2.5
B04884,C0235,D0096,2026-01-20 15:05:00,MG Road,Marathahalli,Bengaluru,Auto,Wallet,3.12,11.8,88.08,1.52,High,Rain,Completed,Unknown,3.9
B04885,C0094,D0056,2026-03-01 01:57:00,MG Road,Koramangala,Bengaluru,Cab,UPI,8.44,15.2,208.16,1.15,Low,Cloudy,Completed,Unknown,3.5
B04886,C0340,D0062,2026-02-28 23:41:00,Marathahalli,Koramangala,Bengaluru,Cab,Cash,1.13,3.6,105.82,1.4,High,Clear,Cancelled,Customer,12.6
B04887,C0276,D0027,2026-02-06 06:36:00,Electronic City,Marathahalli,Bengaluru,Cab,Cash,5.59,18.5,168.26,1.31,High,Clear,Cancelled,Customer,5.3
B04888,C0158,D0027,2026-01-22 07:39:00,Janakpuri,Hauz Khas,Delhi,Cab,Wallet,7.99,30.4,201.86,1.81,High,Cloudy,Completed,Unknown,9.9
B04889,C0355,D0128,2026-01-01 01:09:00,Dadar,Borivali,Mumbai,Auto,Card,11.59,40.7,164.31,1.37,High,Clear,Cancelled,Customer,3.6
B04890,C0006,D0103,2026-03-05 02:24:00,Electronic City,Indiranagar,Bengaluru,Auto,UPI,8.47,25.8,136.23,1.13,Medium,Clear,Completed,Unknown,6.0
B04891,C0036,D0134,2026-01-16 00:56:00,HSR Layout,MG Road,Bengaluru,Auto,Cash,2.82,10.3,85.38,1.37,High,Cloudy,Cancelled,Driver,2.9
B04892,C0273,D0092,2026-03-31 17:59:00,Powai,Malad,Mumbai,Bike,Card,10.46,23.6,102.76,1.45,Low,Cloudy,Completed,Unknown,0.0
B04893,C0061,D0092,2026-03-01 04:43:00,Dadar,Chembur,Mumbai,Cab,Card,15.24,35.2,303.36,1.29,Low,Rain,Completed,Unknown,3.8
B04894,C0034,D0147,2026-03-05 16:18:00,Andheri,Malad,Mumbai,Bike,Cash,1.45,3.1,48.7,1.03,Low,Clear,Completed,Unknown,0.0
B04895,C0328,D0095,2026-01-10 00:00:00,Colaba,Chembur,Mumbai,Auto,UPI,7.72,23.8,129.48,1.08,Medium,Clear,Completed,Unknown,1.9
B04896,C0092,D0029,2026-01-07 18:14:00,Chembur,Colaba,Mumbai,Auto,UPI,2.56,6.0,83.04,1.51,Medium,Clear,Incomplete,Unknown,2.3
B04897,C0225,D0077,2026-01-05 01:10:00,Jayanagar,HSR Layout,Bengaluru,Cab,Card,2.28,8.1,121.92,1.38,High,Clear,Completed,Unknown,1.5
B04898,C0274,D0056,2026-02-01 18:32:00,Bandra,Chembur,Mumbai,Cab,Cash,14.63,48.3,294.82,1.74,High,Cloudy,Completed,Unknown,7.2
B04899,C0119,D0133,2026-03-08 09:34:00,Malad,Bandra,Mumbai,Bike,Cash,10.54,30.9,103.24,1.72,High,Cloudy,Completed,Unknown,2.7
B04900,C0320,D0120,2026-03-27 14:40:00,Kukatpally,Madhapur,Hyderabad,Auto,Card,1.33,2.9,71.97,1.09,Low,Clear,Completed,Unknown,0.7
B04901,C0053,D0142,2026-03-20 19:35:00,Saket,Hauz Khas,Delhi,Bike,UPI,2.87,10.2,57.22,1.73,High,Clear,Cancelled,Customer,6.6
B04902,C0384,D0127,2026-02-06 13:07:00,Koramangala,HSR Layout,Bengaluru,Bike,UPI,9.01,17.5,94.06,1.32,Low,Rain,Completed,Unknown,1.2
B04903,C0105,D0023,2026-01-26 16:06:00,Marathahalli,Indiranagar,Bengaluru,Auto,Card,9.39,19.3,144.51,1.29,Low,Rain,Completed,Unknown,3.7
B04904,C0353,D0049,2026-01-31 10:37:00,Chembur,Colaba,Mumbai,Auto,Cash,2.88,8.2,85.92,1.13,Medium,Clear,Completed,Unknown,10.1
B04905,C0338,D0012,2026-02-21 12:10:00,Hinjewadi,Wakad,Pune,Cab,Wallet,7.7,17.8,197.8,1.02,Low,Cloudy,Completed,Unknown,7.1
B04906,C0323,D0035,2026-03-18 07:20:00,Viman Nagar,Wakad,Pune,Bike,UPI,7.34,24.4,84.04,1.79,High,Clear,Cancelled,Customer,2.5
B04907,C0024,D0056,2026-01-12 02:00:00,Malad,Powai,Mumbai,Auto,UPI,17.15,38.5,214.35,1.08,Low,Clear,Cancelled,Driver,1.8
B04908,C0356,D0004,2026-01-07 14:13:00,Pitampura,Janakpuri,Delhi,Bike,Wallet,1.02,2.9,46.12,1.15,Medium,Clear,Completed,Unknown,8.2
B04909,C0297,D0063,2026-01-20 10:05:00,Koramangala,Jayanagar,Bengaluru,Bike,UPI,2.66,7.1,55.96,1.14,Medium,Cloudy,Completed,Unknown,0.0
B04910,C0104,D0033,2026-03-24 13:16:00,Koramangala,Jayanagar,Bengaluru,Bike,Cash,9.16,28.9,94.96,1.65,High,Rain,Cancelled,Customer,6.7
B04911,C0026,D0029,2026-01-14 20:39:00,Viman Nagar,Kharadi,Pune,Auto,Wallet,6.61,12.3,119.49,1.1,Low,Clear,Completed,Unknown,4.2
B04912,C0289,D0128,2026-03-21 02:24:00,Electronic City,HSR Layout,Bengaluru,Auto,UPI,4.69,8.5,102.21,1.01,Low,Clear,Incomplete,Unknown,3.6
B04913,C0193,D0087,2026-03-13 22:20:00,Kothrud,Viman Nagar,Pune,Cab,UPI,14.68,35.1,295.52,1.29,Medium,Rain,Completed,Unknown,7.1
B04914,C0389,D0143,2026-03-22 13:56:00,Kharadi,Viman Nagar,Pune,Cab,UPI,3.68,9.5,141.52,1.11,Medium,Clear,Completed,Unknown,0.7
B04915,C0358,D0134,2026-01-28 09:40:00,Wakad,Viman Nagar,Pune,Bike,UPI,19.07,53.5,154.42,1.48,Medium,Clear,Completed,Unknown,5.0
B04916,C0069,D0121,2026-01-06 05:48:00,Hauz Khas,Noida Sector 18,Delhi,Cab,UPI,9.48,25.7,222.72,1.03,Medium,Clear,Incomplete,Unknown,3.1
B04917,C0389,D0100,2026-01-26 01:38:00,Madhapur,Gachibowli,Hyderabad,Bike,Card,2.89,5.9,57.34,1.08,Low,Clear,Completed,Unknown,0.8
B04918,C0062,D0095,2026-01-14 21:42:00,Ameerpet,Secunderabad,Hyderabad,Bike,Cash,1.02,3.0,46.12,1.06,Medium,Cloudy,Completed,Unknown,2.2
B04919,C0258,D0039,2026-01-22 17:24:00,Kharadi,Viman Nagar,Pune,Bike,UPI,4.86,12.4,69.16,1.62,Medium,Rain,Completed,Unknown,8.3
B04920,C0257,D0124,2026-03-27 01:03:00,Ameerpet,Kukatpally,Hyderabad,Auto,UPI,17.62,35.5,218.58,1.32,Low,Rain,Cancelled,Driver,1.8
B04921,C0026,D0129,2026-02-02 02:35:00,Koramangala,Jayanagar,Bengaluru,Cab,UPI,3.17,5.9,134.38,1.1,Low,Clear,Completed,Unknown,0.0
B04922,C0262,D0108,2026-02-16 02:35:00,Kukatpally,Ameerpet,Hyderabad,Cab,Card,17.13,35.0,329.82,1.01,Low,Clear,Completed,Unknown,4.9
B04923,C0097,D0120,2026-03-31 16:42:00,Viman Nagar,Kothrud,Pune,Cab,Card,1.6,5.2,112.4,1.51,High,Rain,Cancelled,Driver,4.3
B04924,C0288,D0137,2026-01-03 02:44:00,MG Road,Koramangala,Bengaluru,Auto,Wallet,19.25,67.3,233.25,1.38,High,Clear,Completed,Unknown,8.3
B04925,C0146,D0026,2026-02-10 19:49:00,Bandra,Borivali,Mumbai,Cab,UPI,6.87,25.4,186.18,1.75,High,Clear,Completed,Unknown,6.3
B04926,C0184,D0074,2026-03-29 08:25:00,Electronic City,Marathahalli,Bengaluru,Bike,Wallet,3.14,11.5,58.84,1.8,High,Smog,Completed,Unknown,8.7
B04927,C0220,D0064,2026-02-23 04:20:00,Malad,Colaba,Mumbai,Bike,UPI,10.28,20.0,101.68,1.01,Low,Clear,Completed,Unknown,4.8
B04928,C0240,D0090,2026-03-03 20:41:00,Hinjewadi,Kharadi,Pune,Auto,Card,1.04,3.3,69.36,1.33,High,Clear,Completed,Unknown,3.1
B04929,C0156,D0142,2026-02-16 02:13:00,Saket,Hauz Khas,Delhi,Cab,Cash,16.51,26.6,321.14,1.0,Low,Cloudy,Completed,Unknown,6.4
B04930,C0173,D0132,2026-02-21 03:16:00,Malad,Chembur,Mumbai,Cab,Card,10.01,18.5,230.14,1.23,Low,Rain,Completed,Unknown,9.6
B04931,C0371,D0107,2026-01-29 01:27:00,Chembur,Malad,Mumbai,Bike,UPI,9.89,23.3,99.34,1.03,Low,Cloudy,Completed,Unknown,3.5
B04932,C0191,D0131,2026-01-20 06:21:00,Gachibowli,Ameerpet,Hyderabad,Auto,Cash,1.95,5.4,77.55,1.01,Medium,Cloudy,Completed,Unknown,3.8
B04933,C0146,D0062,2026-01-05 00:19:00,Indiranagar,MG Road,Bengaluru,Auto,Cash,1.62,6.1,74.58,1.36,High,Clear,Completed,Unknown,13.7
B04934,C0211,D0097,2026-02-17 05:28:00,Gachibowli,Banjara Hills,Hyderabad,Bike,Card,3.07,7.0,58.42,1.02,Medium,Cloudy,Completed,Unknown,0.0
B04935,C0099,D0121,2026-02-20 04:12:00,Madhapur,Kukatpally,Hyderabad,Auto,Card,15.03,30.5,195.27,1.12,Low,Clear,Completed,Unknown,1.5
B04936,C0085,D0034,2026-03-19 09:05:00,MG Road,Indiranagar,Bengaluru,Bike,UPI,1.83,5.5,50.98,1.52,Medium,Clear,Completed,Unknown,0.0
B04937,C0193,D0014,2026-01-23 08:05:00,Pitampura,Saket,Delhi,Bike,UPI,10.28,25.6,101.68,1.45,Medium,Clear,Completed,Unknown,2.0
B04938,C0258,D0112,2026-01-31 03:30:00,Madhapur,Ameerpet,Hyderabad,Bike,UPI,2.77,8.5,56.62,1.05,Medium,Smog,Completed,Unknown,10.5
B04939,C0053,D0103,2026-01-13 18:12:00,Kukatpally,Madhapur,Hyderabad,Auto,Card,9.06,22.6,141.54,1.41,Medium,Clear,Completed,Unknown,1.6
B04940,C0163,D0087,2026-01-24 09:39:00,Wakad,Baner,Pune,Bike,UPI,2.0,6.9,52.0,1.91,High,Rain,Cancelled,Customer,10.6
B04941,C0296,D0076,2026-02-06 06:22:00,Ameerpet,Secunderabad,Hyderabad,Bike,Cash,4.21,9.0,65.26,1.06,Low,Clear,Completed,Unknown,0.0
B04942,C0240,D0063,2026-03-18 21:51:00,Wakad,Baner,Pune,Auto,UPI,4.04,6.7,96.36,1.15,Low,Cloudy,Completed,Unknown,0.5
B04943,C0370,D0093,2026-03-19 01:30:00,Kothrud,Baner,Pune,Bike,UPI,14.18,40.5,125.08,1.52,High,Rain,Cancelled,Customer,3.2
B04944,C0078,D0122,2026-01-08 13:54:00,Electronic City,Indiranagar,Bengaluru,Cab,UPI,10.79,22.1,241.06,1.06,Low,Clear,Cancelled,Customer,1.0
B04945,C0311,D0073,2026-01-26 14:45:00,Pitampura,Noida Sector 18,Delhi,Auto,Cash,20.79,44.1,247.11,1.02,Medium,Clear,Completed,Unknown,0.0
B04946,C0206,D0041,2026-01-06 00:47:00,Dwarka,Saket,Delhi,Auto,UPI,3.87,6.2,94.83,1.1,Low,Clear,Completed,Unknown,1.6
B04947,C0372,D0027,2026-03-10 20:50:00,Ameerpet,Madhapur,Hyderabad,Cab,UPI,9.81,17.1,227.34,1.14,Low,Smog,Cancelled,Customer,0.0
B04948,C0184,D0005,2026-03-30 11:26:00,Colaba,Borivali,Mumbai,Bike,Cash,4.28,9.0,65.68,1.11,Low,Clear,Completed,Unknown,10.7
B04949,C0371,D0050,2026-03-28 03:39:00,Gachibowli,Madhapur,Hyderabad,Auto,Cash,1.27,2.5,71.43,1.1,Low,Cloudy,Completed,Unknown,4.9
B04950,C0335,D0045,2026-03-21 18:25:00,Colaba,Chembur,Mumbai,Cab,UPI,10.12,35.2,231.68,1.71,High,Clear,Cancelled,Customer,0.1
B04951,C0104,D0114,2026-02-12 09:40:00,Viman Nagar,Hinjewadi,Pune,Auto,UPI,4.74,9.9,102.66,1.63,Low,Rain,Completed,Unknown,8.8
B04952,C0183,D0027,2026-02-09 13:32:00,Hinjewadi,Kothrud,Pune,Auto,Cash,13.35,31.1,180.15,1.01,Medium,Cloudy,Completed,Unknown,0.0
B04953,C0173,D0056,2026-01-14 04:12:00,Powai,Bandra,Mumbai,Auto,Card,11.04,32.8,159.36,1.42,High,Clear,Completed,Unknown,10.3
B04954,C0334,D0108,2026-02-12 23:19:00,Malad,Borivali,Mumbai,Bike,UPI,7.08,11.4,82.48,1.14,Low,Clear,Completed,Unknown,7.9
B04955,C0281,D0121,2026-02-09 01:13:00,Wakad,Viman Nagar,Pune,Bike,UPI,3.59,8.1,61.54,1.13,Medium,Clear,Cancelled,Customer,1.0
B04956,C0161,D0037,2026-01-30 07:58:00,Gachibowli,Madhapur,Hyderabad,Auto,UPI,1.45,4.5,73.05,1.73,High,Clear,Completed,Unknown,9.7
B04957,C0170,D0015,2026-03-19 14:49:00,Gachibowli,Banjara Hills,Hyderabad,Auto,Cash,1.41,4.0,72.69,1.32,Medium,Rain,Completed,Unknown,5.9
B04958,C0202,D0067,2026-01-16 21:11:00,Madhapur,Gachibowli,Hyderabad,Bike,Card,6.47,12.1,78.82,1.04,Low,Clear,Completed,Unknown,0.0
B04959,C0131,D0026,2026-02-03 16:16:00,Dadar,Malad,Mumbai,Cab,Card,4.28,8.0,149.92,1.05,Low,Clear,Completed,Unknown,4.1
B04960,C0279,D0079,2026-01-17 10:57:00,Hinjewadi,Wakad,Pune,Bike,Cash,2.22,4.0,53.32,1.15,Low,Clear,Completed,Unknown,0.0
B04961,C0317,D0052,2026-01-24 04:25:00,Saket,Lajpat Nagar,Delhi,Cab,Cash,5.5,13.8,167.0,1.04,Medium,Clear,Cancelled,Customer,6.8
B04962,C0052,D0075,2026-02-13 22:15:00,HSR Layout,Jayanagar,Bengaluru,Bike,Card,1.34,2.2,48.04,1.0,Low,Cloudy,Cancelled,Customer,2.3
B04963,C0191,D0055,2026-03-01 18:38:00,Hinjewadi,Kothrud,Pune,Auto,UPI,1.2,4.4,70.8,1.79,High,Clear,Cancelled,Customer,9.8
B04964,C0026,D0076,2026-03-13 21:36:00,Kharadi,Kothrud,Pune,Cab,Cash,1.94,4.1,117.16,1.07,Low,Clear,Cancelled,Customer,0.0
B04965,C0149,D0049,2026-02-27 12:07:00,Kothrud,Hinjewadi,Pune,Cab,UPI,3.48,10.2,138.72,1.39,High,Clear,Completed,Unknown,3.1
B04966,C0123,D0121,2026-02-28 18:37:00,Gachibowli,Secunderabad,Hyderabad,Cab,Cash,3.13,6.8,133.82,1.6,Medium,Rain,Cancelled,Customer,2.0
B04967,C0040,D0129,2026-02-11 19:40:00,Kothrud,Wakad,Pune,Bike,Wallet,10.1,34.0,100.6,1.72,High,Clear,Completed,Unknown,1.7
B04968,C0157,D0124,2026-01-24 18:05:00,Dwarka,Noida Sector 18,Delhi,Cab,UPI,5.65,20.3,169.1,1.78,High,Clear,Completed,Unknown,1.7
B04969,C0083,D0078,2026-02-27 16:09:00,Pitampura,Hauz Khas,Delhi,Auto,Cash,1.86,4.3,76.74,1.05,Medium,Cloudy,Cancelled,Customer,7.5
B04970,C0230,D0100,2026-02-13 04:47:00,Lajpat Nagar,Karol Bagh,Delhi,Cab,UPI,2.16,4.7,120.24,1.1,Low,Clear,Completed,Unknown,2.0
B04971,C0393,D0008,2026-01-02 08:09:00,Jayanagar,MG Road,Bengaluru,Cab,UPI,9.0,23.0,216.0,1.53,Medium,Smog,Completed,Unknown,1.3
B04972,C0002,D0067,2026-02-03 01:45:00,Madhapur,Banjara Hills,Hyderabad,Auto,Card,4.95,11.8,104.55,1.0,Medium,Cloudy,Completed,Unknown,0.0
B04973,C0021,D0051,2026-02-26 10:05:00,Kothrud,Kharadi,Pune,Bike,Cash,9.44,17.2,96.64,1.07,Low,Clear,Completed,Unknown,0.0
B04974,C0352,D0046,2026-03-05 19:40:00,Marathahalli,Electronic City,Bengaluru,Cab,Card,1.4,3.9,109.6,1.77,High,Clear,Cancelled,Customer,4.7
B04975,C0248,D0109,2026-02-27 22:56:00,Wakad,Viman Nagar,Pune,Bike,Card,2.93,6.4,57.58,1.26,Low,Rain,Cancelled,Customer,4.5
B04976,C0201,D0124,2026-03-22 02:35:00,Lajpat Nagar,Saket,Delhi,Auto,UPI,6.52,25.1,118.68,1.31,High,Cloudy,Completed,Unknown,1.4
B04977,C0128,D0139,2026-01-08 21:27:00,Secunderabad,Ameerpet,Hyderabad,Bike,Card,8.41,15.6,90.46,1.03,Low,Cloudy,Completed,Unknown,7.3
B04978,C0226,D0104,2026-02-22 01:27:00,Janakpuri,Lajpat Nagar,Delhi,Bike,Cash,4.46,10.5,66.76,1.1,Low,Clear,Completed,Unknown,0.0
B04979,C0039,D0041,2026-01-09 23:28:00,Indiranagar,HSR Layout,Bengaluru,Bike,UPI,7.86,14.2,87.16,1.0,Low,Cloudy,Completed,Unknown,5.5
B04980,C0080,D0069,2026-03-26 11:18:00,Malad,Chembur,Mumbai,Cab,UPI,10.11,17.0,231.54,1.27,Low,Rain,Completed,Unknown,11.5
B04981,C0077,D0042,2026-01-19 21:07:00,Pitampura,Lajpat Nagar,Delhi,Auto,Wallet,11.84,24.3,166.56,1.11,Low,Cloudy,Completed,Unknown,3.1
B04982,C0050,D0111,2026-01-24 22:41:00,Dadar,Chembur,Mumbai,Cab,Wallet,5.1,11.9,161.4,1.14,Medium,Smog,Cancelled,Customer,6.6
B04983,C0220,D0014,2026-03-02 22:32:00,Jayanagar,Indiranagar,Bengaluru,Bike,Card,23.29,64.7,179.74,1.0,Medium,Cloudy,Completed,Unknown,4.6
B04984,C0301,D0117,2026-03-02 06:34:00,Secunderabad,Kukatpally,Hyderabad,Auto,Cash,5.74,10.0,111.66,1.12,Low,Cloudy,Completed,Unknown,4.1
B04985,C0232,D0125,2026-01-13 09:50:00,Malad,Bandra,Mumbai,Bike,Card,6.62,27.0,79.72,1.73,High,Clear,Completed,Unknown,3.4
B04986,C0144,D0095,2026-03-08 19:19:00,Saket,Noida Sector 18,Delhi,Bike,UPI,2.13,5.0,52.78,1.5,Medium,Clear,Completed,Unknown,0.0
B04987,C0334,D0023,2026-02-14 16:28:00,Janakpuri,Hauz Khas,Delhi,Cab,Wallet,13.67,39.7,281.38,1.08,Medium,Clear,Completed,Unknown,4.7
B04988,C0375,D0014,2026-02-24 01:44:00,Andheri,Colaba,Mumbai,Auto,Card,2.01,3.8,78.09,1.08,Low,Smog,Cancelled,Customer,0.0
B04989,C0283,D0118,2026-03-04 23:24:00,Kothrud,Kharadi,Pune,Auto,UPI,11.68,24.7,165.12,1.05,Low,Cloudy,Cancelled,Customer,4.3
B04990,C0226,D0033,2026-01-11 13:00:00,Dadar,Bandra,Mumbai,Bike,Wallet,5.18,17.5,71.08,1.4,High,Cloudy,Completed,Unknown,8.0
B04991,C0296,D0094,2026-03-05 07:39:00,Indiranagar,MG Road,Bengaluru,Cab,Cash,10.79,29.6,241.06,1.41,Medium,Clear,Completed,Unknown,10.3
B04992,C0391,D0115,2026-02-01 08:41:00,Borivali,Bandra,Mumbai,Bike,Card,8.28,19.2,89.68,1.47,Low,Clear,Completed,Unknown,0.8
B04993,C0384,D0119,2026-03-23 08:46:00,Whitefield,Koramangala,Bengaluru,Auto,Cash,1.39,5.1,72.51,1.83,High,Cloudy,Completed,Unknown,7.6
B04994,C0203,D0128,2026-02-28 21:45:00,Viman Nagar,Baner,Pune,Bike,Cash,3.47,6.8,60.82,1.09,Low,Cloudy,Completed,Unknown,4.8
B04995,C0320,D0049,2026-01-01 10:50:00,Noida Sector 18,Dwarka,Delhi,Auto,UPI,6.21,11.5,115.89,1.13,Low,Smog,Completed,Unknown,14.3
B04996,C0141,D0027,2026-02-15 05:31:00,Koramangala,Jayanagar,Bengaluru,Bike,UPI,1.52,3.6,49.12,1.13,Low,Smog,Completed,Unknown,1.2
B04997,C0271,D0052,2026-03-14 14:48:00,Banjara Hills,Kukatpally,Hyderabad,Cab,UPI,2.77,9.6,128.78,1.38,High,Clear,Cancelled,Driver,4.3
B04998,C0266,D0078,2026-02-24 03:31:00,Gachibowli,Kukatpally,Hyderabad,Bike,Cash,7.9,15.0,87.4,1.09,Low,Smog,Completed,Unknown,3.7
B04999,C0227,D0119,2026-03-22 18:25:00,Koramangala,Jayanagar,Bengaluru,Auto,Card,1.7,4.8,75.3,1.51,Medium,Clear,Completed,Unknown,4.7
B05000,C0082,D0150,2026-01-27 03:25:00,Baner,Kothrud,Pune,Bike,Cash,7.38,17.7,84.28,1.1,Medium,Clear,Completed,Unknown,3.0
B05001,C0174,D0123,2026-02-02 20:16:00,Kukatpally,Ameerpet,Hyderabad,Auto,Card,3.03,4.9,87.27,1.06,Low,Clear,Completed,Unknown,1.0
B05002,C0356,D0109,2026-01-27 13:19:00,Electronic City,Indiranagar,Bengaluru,Bike,UPI,1.46,4.4,48.76,1.1,Medium,Clear,Completed,Unknown,1.0
B05003,C0085,D0093,2026-02-11 06:50:00,Dwarka,Rohini,Delhi,Auto,UPI,5.18,11.1,106.62,1.05,Medium,Clear,Completed,Unknown,0.6
B05004,C0043,D0009,2026-01-01 23:35:00,Electronic City,HSR Layout,Bengaluru,Bike,UPI,5.07,14.0,70.42,1.35,High,Clear,Completed,Unknown,4.5
B05005,C0238,D0124,2026-01-24 09:08:00,Marathahalli,Indiranagar,Bengaluru,Cab,Wallet,1.33,4.1,108.62,1.65,Medium,Rain,Incomplete,Unknown,3.5
B05006,C0093,D0128,2026-03-21 22:36:00,Marathahalli,HSR Layout,Bengaluru,Auto,UPI,2.82,7.1,85.38,1.13,Medium,Cloudy,Completed,Unknown,5.5
B05007,C0390,D0074,2026-03-05 08:25:00,Rohini,Hauz Khas,Delhi,Bike,Wallet,12.52,28.2,115.12,1.46,Medium,Clear,Completed,Unknown,5.7
B05008,C0398,D0079,2026-03-23 03:36:00,Marathahalli,MG Road,Bengaluru,Cab,Card,19.92,68.8,368.88,1.5,High,Rain,Completed,Unknown,8.0
B05009,C0379,D0129,2026-02-20 21:56:00,Hauz Khas,Karol Bagh,Delhi,Auto,Wallet,9.36,22.2,144.24,1.11,Low,Clear,Cancelled,Driver,0.0
B05010,C0066,D0119,2026-01-28 01:39:00,Colaba,Borivali,Mumbai,Cab,Card,10.13,17.9,231.82,1.01,Low,Cloudy,Cancelled,Driver,3.4
B05011,C0212,D0015,2026-01-11 19:42:00,Saket,Pitampura,Delhi,Cab,UPI,2.84,5.2,129.76,1.43,Low,Clear,Completed,Unknown,0.0
B05012,C0180,D0128,2026-01-15 17:57:00,Gachibowli,Banjara Hills,Hyderabad,Bike,UPI,1.99,5.3,51.94,1.65,Medium,Rain,Incomplete,Unknown,0.0
B05013,C0087,D0077,2026-02-19 12:51:00,Marathahalli,Jayanagar,Bengaluru,Bike,Cash,1.91,7.7,51.46,1.58,High,Rain,Completed,Unknown,1.9
B05014,C0003,D0058,2026-02-04 01:27:00,Banjara Hills,Madhapur,Hyderabad,Cab,UPI,4.48,7.9,152.72,1.12,Low,Smog,Cancelled,Customer,3.7
B05015,C0049,D0009,2026-03-21 06:44:00,Marathahalli,Koramangala,Bengaluru,Auto,Cash,5.52,12.8,109.68,1.01,Medium,Clear,Cancelled,Customer,6.9
B05016,C0162,D0116,2026-03-23 19:54:00,Powai,Bandra,Mumbai,Bike,Card,22.25,84.5,173.5,1.76,High,Cloudy,Completed,Unknown,2.7
B05017,C0150,D0025,2026-03-24 09:14:00,Baner,Kothrud,Pune,Auto,UPI,5.68,13.7,111.12,1.52,Medium,Cloudy,Completed,Unknown,0.0
B05018,C0293,D0063,2026-01-22 19:45:00,Lajpat Nagar,Karol Bagh,Delhi,Cab,UPI,3.06,8.5,132.84,1.48,Medium,Cloudy,Completed,Unknown,0.5
B05019,C0258,D0109,2026-01-19 11:10:00,Madhapur,Gachibowli,Hyderabad,Cab,Card,4.9,11.1,158.6,1.24,Low,Rain,Completed,Unknown,0.0
B05020,C0354,D0005,2026-02-11 11:44:00,Noida Sector 18,Dwarka,Delhi,Cab,UPI,9.64,26.3,224.96,1.01,Medium,Clear,Cancelled,Customer,3.4
B05021,C0165,D0109,2026-02-13 22:13:00,Ameerpet,Banjara Hills,Hyderabad,Auto,UPI,4.65,7.9,101.85,1.13,Low,Cloudy,Completed,Unknown,1.0
B05022,C0347,D0078,2026-02-25 03:11:00,Baner,Kharadi,Pune,Bike,Wallet,28.59,67.7,211.54,1.04,Low,Cloudy,Completed,Unknown,5.0
B05023,C0335,D0053,2026-02-08 20:06:00,Rohini,Saket,Delhi,Bike,Cash,1.96,6.5,51.76,1.6,High,Rain,Cancelled,Driver,11.0
B05024,C0064,D0142,2026-02-14 02:48:00,Lajpat Nagar,Hauz Khas,Delhi,Cab,UPI,5.07,9.1,160.98,1.08,Low,Clear,Completed,Unknown,0.0
B05025,C0081,D0022,2026-01-07 10:39:00,Borivali,Colaba,Mumbai,Bike,Card,7.19,16.6,83.14,1.12,Medium,Smog,Completed,Unknown,5.2
B05026,C0258,D0064,2026-03-25 10:30:00,Powai,Chembur,Mumbai,Auto,Card,24.69,41.0,282.21,1.22,Low,Rain,Incomplete,Unknown,4.7
B05027,C0158,D0059,2026-03-06 19:52:00,Jayanagar,MG Road,Bengaluru,Cab,UPI,14.04,56.0,286.56,1.8,High,Cloudy,Completed,Unknown,4.6
B05028,C0224,D0063,2026-03-13 05:55:00,Kukatpally,Gachibowli,Hyderabad,Bike,UPI,3.62,10.2,61.72,1.15,Medium,Cloudy,Completed,Unknown,0.3
B05029,C0185,D0090,2026-01-26 11:57:00,Karol Bagh,Saket,Delhi,Cab,UPI,15.03,55.2,300.42,1.31,High,Cloudy,Completed,Unknown,2.0
B05030,C0161,D0142,2026-03-28 02:55:00,Indiranagar,MG Road,Bengaluru,Bike,Cash,2.93,8.2,57.58,1.12,Medium,Clear,Cancelled,Customer,0.0
B05031,C0026,D0029,2026-02-05 20:46:00,Baner,Wakad,Pune,Bike,Cash,10.91,25.4,105.46,1.12,Medium,Cloudy,Cancelled,Customer,4.8
B05032,C0008,D0144,2026-01-05 20:17:00,Electronic City,Indiranagar,Bengaluru,Auto,Wallet,5.61,16.4,110.49,1.25,Medium,Rain,Completed,Unknown,4.6
B05033,C0298,D0031,2026-03-30 11:53:00,Ameerpet,Gachibowli,Hyderabad,Bike,Cash,2.39,7.4,54.34,1.07,Medium,Smog,Completed,Unknown,7.1
B05034,C0306,D0019,2026-03-10 16:33:00,Indiranagar,Koramangala,Bengaluru,Auto,Cash,2.85,5.4,85.65,1.04,Low,Clear,Cancelled,Driver,0.2
B05035,C0271,D0117,2026-02-03 15:21:00,Karol Bagh,Rohini,Delhi,Cab,Cash,3.3,8.2,136.2,1.04,Medium,Clear,Completed,Unknown,1.0
B05036,C0230,D0072,2026-03-05 17:37:00,Bandra,Chembur,Mumbai,Cab,UPI,20.75,61.7,380.5,1.84,High,Clear,Completed,Unknown,5.9
B05037,C0179,D0099,2026-01-04 18:27:00,Wakad,Viman Nagar,Pune,Bike,UPI,1.82,6.1,50.92,1.76,High,Clear,Completed,Unknown,10.2
B05038,C0375,D0095,2026-01-01 03:53:00,Dadar,Andheri,Mumbai,Cab,UPI,3.13,9.0,133.82,1.15,Medium,Clear,Completed,Unknown,0.0
B05039,C0315,D0126,2026-03-21 13:16:00,Banjara Hills,Gachibowli,Hyderabad,Cab,UPI,11.24,25.3,247.36,1.21,Low,Rain,Cancelled,Customer,9.8
B05040,C0393,D0016,2026-03-25 19:40:00,HSR Layout,Marathahalli,Bengaluru,Bike,UPI,1.07,3.9,46.42,1.71,High,Clear,Completed,Unknown,1.5
B05041,C0255,D0016,2026-01-11 19:06:00,Kukatpally,Gachibowli,Hyderabad,Cab,Card,1.46,5.2,110.44,1.82,High,Clear,Incomplete,Unknown,3.6
B05042,C0166,D0111,2026-01-23 15:04:00,Banjara Hills,Madhapur,Hyderabad,Auto,UPI,4.33,7.6,98.97,1.01,Low,Cloudy,Cancelled,Customer,1.9
B05043,C0212,D0056,2026-01-24 15:00:00,Gachibowli,Secunderabad,Hyderabad,Auto,UPI,5.48,13.1,109.32,1.04,Low,Clear,Completed,Unknown,3.8
B05044,C0246,D0049,2026-03-24 17:52:00,Noida Sector 18,Saket,Delhi,Bike,Card,15.55,39.8,133.3,1.47,Medium,Clear,Cancelled,Customer,3.1
B05045,C0092,D0105,2026-03-13 01:36:00,Lajpat Nagar,Connaught Place,Delhi,Bike,UPI,3.32,8.5,59.92,1.08,Medium,Clear,Completed,Unknown,2.7
B05046,C0353,D0017,2026-03-24 18:09:00,Powai,Bandra,Mumbai,Bike,Wallet,4.31,9.1,65.86,1.41,Medium,Cloudy,Cancelled,Customer,7.9
B05047,C0289,D0052,2026-03-13 12:49:00,Baner,Kothrud,Pune,Cab,Wallet,4.43,11.8,152.02,1.28,Medium,Rain,Completed,Unknown,3.5
B05048,C0119,D0141,2026-02-27 11:01:00,Dadar,Borivali,Mumbai,Auto,Card,3.49,9.1,91.41,1.29,Medium,Rain,Completed,Unknown,0.2
B05049,C0328,D0102,2026-02-20 03:15:00,Electronic City,Marathahalli,Bengaluru,Auto,Cash,4.73,11.4,102.57,1.07,Medium,Cloudy,Completed,Unknown,1.0
B05050,C0146,D0040,2026-02-02 15:07:00,Connaught Place,Rohini,Delhi,Bike,UPI,3.12,9.8,58.72,1.32,High,Cloudy,Completed,Unknown,5.5
B05051,C0372,D0051,2026-03-23 15:11:00,Gachibowli,Ameerpet,Hyderabad,Bike,UPI,3.23,6.9,59.38,1.12,Low,Clear,Incomplete,Unknown,2.0
B05052,C0179,D0086,2026-01-20 02:03:00,Banjara Hills,Ameerpet,Hyderabad,Bike,Cash,3.11,6.7,58.66,1.0,Medium,Cloudy,Completed,Unknown,4.1
B05053,C0281,D0034,2026-02-01 23:08:00,Secunderabad,Kukatpally,Hyderabad,Auto,Card,11.67,19.5,165.03,1.23,Low,Rain,Completed,Unknown,5.8
B05054,C0240,D0122,2026-01-18 17:48:00,Kothrud,Hinjewadi,Pune,Auto,Card,10.1,38.4,150.9,2.0,High,Rain,Completed,Unknown,3.8
B05055,C0273,D0126,2026-01-19 09:33:00,Secunderabad,Ameerpet,Hyderabad,Bike,Cash,3.6,9.7,61.6,1.49,Medium,Cloudy,Incomplete,Unknown,7.0
B05056,C0240,D0096,2026-01-04 18:14:00,Hinjewadi,Wakad,Pune,Bike,Wallet,1.74,6.0,50.44,1.83,High,Cloudy,Completed,Unknown,5.1
B05057,C0358,D0067,2026-02-16 16:13:00,Kukatpally,Banjara Hills,Hyderabad,Bike,UPI,4.19,8.6,65.14,1.1,Low,Clear,Completed,Unknown,0.0
B05058,C0119,D0091,2026-01-20 08:45:00,Baner,Kothrud,Pune,Auto,Cash,10.99,28.4,158.91,1.47,Medium,Clear,Completed,Unknown,0.3
B05059,C0248,D0015,2026-01-14 09:05:00,Andheri,Malad,Mumbai,Cab,Wallet,4.32,11.9,150.48,1.54,Medium,Cloudy,Completed,Unknown,5.4
B05060,C0036,D0142,2026-02-02 04:49:00,Kharadi,Kothrud,Pune,Auto,UPI,4.8,11.9,103.2,1.06,Medium,Clear,Completed,Unknown,0.0
B05061,C0005,D0085,2026-03-24 20:38:00,Baner,Wakad,Pune,Cab,Cash,1.63,4.8,112.82,1.1,Medium,Clear,Completed,Unknown,0.0
B05062,C0398,D0137,2026-03-13 12:52:00,Koramangala,Jayanagar,Bengaluru,Auto,Card,13.58,31.3,182.22,1.06,Low,Clear,Completed,Unknown,5.9
B05063,C0390,D0058,2026-01-16 21:44:00,Hinjewadi,Kothrud,Pune,Bike,Card,3.05,6.1,58.3,1.11,Low,Clear,Completed,Unknown,7.0
B05064,C0206,D0012,2026-02-11 08:18:00,Andheri,Powai,Mumbai,Cab,UPI,3.42,10.0,137.88,1.5,Medium,Clear,Cancelled,Customer,4.6
B05065,C0369,D0052,2026-02-01 19:28:00,Janakpuri,Lajpat Nagar,Delhi,Bike,UPI,3.78,8.7,62.68,1.55,Low,Clear,Cancelled,Driver,4.8
B05066,C0124,D0111,2026-01-08 21:01:00,Gachibowli,Banjara Hills,Hyderabad,Auto,UPI,12.62,27.4,173.58,1.03,Medium,Clear,Cancelled,Customer,3.6
B05067,C0198,D0060,2026-03-20 07:23:00,Malad,Powai,Mumbai,Cab,UPI,9.55,22.4,223.7,1.41,Low,Cloudy,Completed,Unknown,0.0
B05068,C0364,D0072,2026-02-13 06:41:00,Electronic City,Whitefield,Bengaluru,Cab,Card,23.92,64.6,424.88,1.32,Medium,Rain,Cancelled,Driver,12.7
B05069,C0191,D0102,2026-01-17 19:06:00,Malad,Bandra,Mumbai,Auto,UPI,2.39,7.1,81.51,1.47,Medium,Cloudy,Cancelled,Driver,0.0
B05070,C0202,D0124,2026-01-12 05:06:00,Whitefield,MG Road,Bengaluru,Auto,UPI,2.17,4.7,79.53,1.04,Low,Clear,Cancelled,Customer,2.1
B05071,C0031,D0092,2026-02-15 07:47:00,Chembur,Colaba,Mumbai,Bike,Card,2.47,6.2,54.82,1.45,Medium,Clear,Completed,Unknown,1.4
B05072,C0073,D0004,2026-03-20 07:21:00,Noida Sector 18,Janakpuri,Delhi,Bike,UPI,16.59,55.4,139.54,2.02,High,Rain,Completed,Unknown,16.1
B05073,C0304,D0071,2026-01-16 00:46:00,Dwarka,Connaught Place,Delhi,Bike,Card,5.6,16.1,73.6,1.36,High,Clear,Completed,Unknown,0.6
B05074,C0240,D0078,2026-03-06 18:55:00,Electronic City,Koramangala,Bengaluru,Bike,Card,3.98,13.5,63.88,1.72,High,Smog,Completed,Unknown,9.6
B05075,C0109,D0029,2026-01-11 10:01:00,Indiranagar,Electronic City,Bengaluru,Auto,UPI,5.05,11.7,105.45,1.09,Medium,Clear,Completed,Unknown,4.0
B05076,C0215,D0027,2026-02-07 18:46:00,Dadar,Chembur,Mumbai,Cab,Card,9.6,36.5,224.4,1.82,High,Clear,Completed,Unknown,6.8
B05077,C0071,D0097,2026-03-06 18:03:00,Dadar,Powai,Mumbai,Cab,UPI,1.5,4.2,111.0,1.76,High,Clear,Completed,Unknown,3.4
B05078,C0195,D0131,2026-03-26 14:19:00,Colaba,Andheri,Mumbai,Auto,Cash,1.62,6.0,74.58,1.3,High,Smog,Cancelled,Customer,3.6
B05079,C0202,D0086,2026-02-06 09:42:00,MG Road,Electronic City,Bengaluru,Bike,UPI,7.99,21.9,87.94,1.4,Medium,Clear,Incomplete,Unknown,4.9
B05080,C0081,D0080,2026-02-24 09:33:00,Gachibowli,Ameerpet,Hyderabad,Cab,UPI,9.83,23.3,227.62,1.75,Low,Rain,Completed,Unknown,3.2
B05081,C0043,D0023,2026-01-07 02:51:00,Madhapur,Gachibowli,Hyderabad,Bike,Card,2.45,5.7,54.7,1.09,Low,Cloudy,Completed,Unknown,6.6
B05082,C0212,D0052,2026-01-20 08:17:00,Colaba,Chembur,Mumbai,Cab,Cash,1.16,3.0,106.24,1.47,Medium,Clear,Completed,Unknown,13.3
B05083,C0012,D0018,2026-02-17 11:22:00,Dwarka,Noida Sector 18,Delhi,Bike,UPI,14.32,32.9,125.92,1.07,Medium,Clear,Incomplete,Unknown,0.0
B05084,C0170,D0019,2026-02-02 05:42:00,Electronic City,MG Road,Bengaluru,Auto,Wallet,6.77,25.3,120.93,1.6,High,Rain,Completed,Unknown,6.4
B05085,C0372,D0097,2026-02-16 01:32:00,Koramangala,Electronic City,Bengaluru,Auto,Cash,20.64,62.9,245.76,1.45,High,Cloudy,Cancelled,Customer,1.2
B05086,C0334,D0001,2026-03-30 16:26:00,Koramangala,Electronic City,Bengaluru,Bike,UPI,1.51,3.2,49.06,1.1,Low,Clear,Completed,Unknown,2.3
B05087,C0148,D0120,2026-03-03 00:25:00,Malad,Borivali,Mumbai,Auto,Card,6.91,16.8,122.19,1.09,Medium,Clear,Cancelled,Driver,1.7
B05088,C0152,D0127,2026-01-22 08:08:00,Borivali,Andheri,Mumbai,Cab,Card,2.45,6.9,124.3,1.54,Medium,Clear,Completed,Unknown,3.2
B05089,C0102,D0100,2026-02-02 22:02:00,Hinjewadi,Wakad,Pune,Auto,UPI,3.23,7.1,89.07,1.13,Low,Clear,Completed,Unknown,3.8
B05090,C0400,D0095,2026-02-05 15:59:00,MG Road,Whitefield,Bengaluru,Cab,UPI,3.74,6.3,142.36,1.06,Low,Clear,Completed,Unknown,3.8
B05091,C0311,D0030,2026-01-19 08:05:00,Baner,Hinjewadi,Pune,Auto,Card,4.19,9.1,97.71,1.41,Medium,Clear,Cancelled,Customer,5.1
B05092,C0120,D0036,2026-02-07 06:12:00,Powai,Malad,Mumbai,Auto,UPI,5.57,16.2,110.13,1.04,Medium,Cloudy,Completed,Unknown,5.5
B05093,C0377,D0089,2026-02-02 08:29:00,Whitefield,HSR Layout,Bengaluru,Auto,UPI,1.58,4.4,74.22,1.47,Medium,Cloudy,Incomplete,Unknown,3.3
B05094,C0366,D0125,2026-03-09 13:13:00,Saket,Rohini,Delhi,Cab,UPI,11.84,28.4,255.76,1.0,Low,Clear,Completed,Unknown,0.4
B05095,C0090,D0107,2026-02-18 13:27:00,Malad,Bandra,Mumbai,Bike,Card,4.2,9.3,65.2,1.13,Low,Cloudy,Completed,Unknown,10.7
B05096,C0139,D0023,2026-01-28 06:40:00,Viman Nagar,Hinjewadi,Pune,Auto,Cash,7.43,13.8,126.87,1.01,Low,Clear,Cancelled,Customer,3.2
B05097,C0291,D0099,2026-01-30 12:26:00,Janakpuri,Noida Sector 18,Delhi,Bike,UPI,10.21,29.3,101.26,1.11,Medium,Clear,Completed,Unknown,5.5
B05098,C0226,D0087,2026-01-05 20:40:00,Noida Sector 18,Lajpat Nagar,Delhi,Cab,Wallet,5.74,11.6,170.36,1.03,Low,Clear,Cancelled,Customer,6.0
B05099,C0172,D0146,2026-01-11 17:06:00,Hinjewadi,Kothrud,Pune,Bike,Card,14.23,30.7,125.38,1.68,Medium,Rain,Completed,Unknown,4.5
B05100,C0164,D0005,2026-03-01 07:50:00,Baner,Kothrud,Pune,Bike,Wallet,8.44,16.2,90.64,1.48,Low,Clear,Completed,Unknown,6.2
B05101,C0173,D0147,2026-01-09 10:54:00,Indiranagar,Marathahalli,Bengaluru,Auto,UPI,1.25,2.5,71.25,1.13,Low,Cloudy,Cancelled,Driver,0.0
B05102,C0228,D0074,2026-02-28 05:37:00,Pitampura,Dwarka,Delhi,Auto,UPI,6.71,10.9,120.39,1.1,Low,Clear,Completed,Unknown,4.0
B05103,C0007,D0004,2026-01-26 02:12:00,Electronic City,HSR Layout,Bengaluru,Auto,UPI,25.51,64.0,289.59,1.02,Medium,Clear,Completed,Unknown,6.8
B05104,C0393,D0079,2026-02-13 17:38:00,Madhapur,Banjara Hills,Hyderabad,Bike,Wallet,1.91,5.0,51.46,1.53,Medium,Clear,Completed,Unknown,1.3
B05105,C0309,D0033,2026-03-10 10:25:00,Viman Nagar,Kharadi,Pune,Auto,UPI,8.84,20.9,139.56,1.28,Low,Rain,Completed,Unknown,2.3
B05106,C0018,D0123,2026-01-03 03:17:00,Dadar,Powai,Mumbai,Bike,Cash,8.58,14.6,91.48,1.07,Low,Cloudy,Completed,Unknown,10.4
B05107,C0192,D0095,2026-03-09 04:02:00,Connaught Place,Pitampura,Delhi,Bike,Card,5.46,16.7,72.76,1.32,High,Clear,Completed,Unknown,4.2
B05108,C0213,D0051,2026-01-30 05:38:00,Wakad,Baner,Pune,Cab,Card,7.17,21.9,190.38,1.39,High,Cloudy,Cancelled,Driver,3.4
B05109,C0291,D0122,2026-03-20 18:41:00,Rohini,Janakpuri,Delhi,Cab,Wallet,1.68,4.8,113.52,1.46,Medium,Clear,Cancelled,Driver,0.0
B05110,C0105,D0041,2026-02-01 20:27:00,Hinjewadi,Viman Nagar,Pune,Cab,UPI,1.64,3.8,112.96,1.09,Medium,Clear,Completed,Unknown,0.7
B05111,C0113,D0034,2026-03-09 21:24:00,Kothrud,Viman Nagar,Pune,Bike,Wallet,2.66,4.9,55.96,1.09,Low,Clear,Completed,Unknown,0.1
B05112,C0263,D0108,2026-03-27 01:12:00,Electronic City,HSR Layout,Bengaluru,Auto,UPI,2.3,5.1,80.7,1.07,Medium,Clear,Completed,Unknown,6.0
B05113,C0320,D0053,2026-03-22 01:55:00,Pitampura,Lajpat Nagar,Delhi,Bike,UPI,2.7,5.3,56.2,1.26,Low,Rain,Completed,Unknown,5.8
B05114,C0095,D0031,2026-03-15 21:33:00,Indiranagar,MG Road,Bengaluru,Auto,UPI,4.47,8.6,100.23,1.05,Low,Cloudy,Completed,Unknown,3.4
B05115,C0160,D0131,2026-02-12 06:00:00,Electronic City,Whitefield,Bengaluru,Auto,UPI,1.19,2.6,70.71,1.12,Low,Clear,Completed,Unknown,0.1
B05116,C0175,D0124,2026-02-06 05:55:00,Dwarka,Rohini,Delhi,Cab,Card,1.87,3.4,116.18,1.05,Low,Clear,Completed,Unknown,5.9
B05117,C0104,D0131,2026-01-20 01:45:00,Viman Nagar,Kothrud,Pune,Bike,Card,10.52,29.2,103.12,1.39,High,Cloudy,Completed,Unknown,1.8
B05118,C0050,D0036,2026-01-27 10:46:00,Noida Sector 18,Karol Bagh,Delhi,Auto,UPI,2.27,3.9,80.43,1.05,Low,Clear,Completed,Unknown,0.0
B05119,C0380,D0003,2026-01-25 13:22:00,Kukatpally,Madhapur,Hyderabad,Auto,Card,1.56,3.3,74.04,1.04,Low,Clear,Completed,Unknown,4.5
B05120,C0192,D0001,2026-02-02 16:41:00,Kothrud,Hinjewadi,Pune,Auto,Card,5.11,13.8,105.99,1.15,Medium,Cloudy,Completed,Unknown,4.4
B05121,C0392,D0024,2026-02-22 15:34:00,Indiranagar,HSR Layout,Bengaluru,Bike,Card,1.18,2.4,47.08,1.01,Low,Clear,Cancelled,Customer,0.0
B05122,C0140,D0050,2026-03-30 21:23:00,Hinjewadi,Baner,Pune,Bike,Cash,7.48,19.1,84.88,1.03,Medium,Clear,Incomplete,Unknown,0.0
B05123,C0092,D0136,2026-01-31 02:32:00,Rohini,Saket,Delhi,Bike,UPI,4.79,10.8,68.74,1.08,Low,Clear,Completed,Unknown,2.3
B05124,C0184,D0031,2026-03-04 16:19:00,Kothrud,Viman Nagar,Pune,Auto,Cash,4.04,15.9,96.36,1.36,High,Clear,Incomplete,Unknown,6.3
B05125,C0228,D0026,2026-02-22 21:13:00,Andheri,Borivali,Mumbai,Cab,Wallet,4.34,7.4,150.76,1.05,Low,Cloudy,Completed,Unknown,2.9
B05126,C0307,D0132,2026-01-25 18:00:00,Secunderabad,Banjara Hills,Hyderabad,Bike,Card,2.22,5.7,53.32,1.49,Medium,Clear,Cancelled,Driver,6.3
B05127,C0177,D0144,2026-03-10 08:50:00,Ameerpet,Madhapur,Hyderabad,Auto,UPI,3.59,8.5,92.31,1.51,Medium,Cloudy,Incomplete,Unknown,0.0
B05128,C0010,D0143,2026-01-24 09:52:00,Andheri,Bandra,Mumbai,Cab,Wallet,3.07,7.0,132.98,1.64,Low,Rain,Completed,Unknown,0.0
B05129,C0061,D0126,2026-01-24 10:14:00,Gachibowli,Kukatpally,Hyderabad,Auto,UPI,2.25,4.6,80.25,1.09,Low,Clear,Completed,Unknown,5.0
B05130,C0169,D0033,2026-01-09 05:58:00,Malad,Colaba,Mumbai,Cab,Cash,11.8,22.9,255.2,1.29,Low,Rain,Cancelled,Driver,1.3
B05131,C0354,D0121,2026-02-14 06:30:00,Viman Nagar,Hinjewadi,Pune,Bike,UPI,12.31,34.2,113.86,1.57,High,Rain,Completed,Unknown,7.6
B05132,C0166,D0030,2026-03-07 10:48:00,Madhapur,Kukatpally,Hyderabad,Bike,Cash,8.71,17.5,92.26,1.12,Low,Cloudy,Completed,Unknown,5.9
B05133,C0329,D0150,2026-03-23 13:48:00,Wakad,Kharadi,Pune,Cab,Wallet,4.47,9.3,152.58,1.1,Low,Clear,Completed,Unknown,4.7
B05134,C0105,D0041,2026-03-22 13:24:00,Jayanagar,Indiranagar,Bengaluru,Bike,Cash,1.26,4.2,47.56,1.32,High,Cloudy,Cancelled,Customer,0.2
B05135,C0075,D0050,2026-02-06 23:57:00,Dwarka,Janakpuri,Delhi,Cab,Card,1.79,3.3,115.06,1.05,Low,Clear,Cancelled,Driver,3.2
B05136,C0237,D0034,2026-03-26 13:33:00,Malad,Borivali,Mumbai,Bike,UPI,14.32,50.2,125.92,1.32,High,Cloudy,Cancelled,Customer,7.0
B05137,C0349,D0095,2026-03-14 07:12:00,Viman Nagar,Hinjewadi,Pune,Auto,Cash,6.99,26.5,122.91,1.8,High,Cloudy,Cancelled,Customer,3.6
B05138,C0384,D0124,2026-02-10 02:25:00,Colaba,Bandra,Mumbai,Auto,Card,9.71,19.3,147.39,1.13,Low,Smog,Completed,Unknown,5.8
B05139,C0146,D0060,2026-01-19 19:51:00,Kothrud,Baner,Pune,Cab,UPI,4.28,13.7,149.92,1.81,High,Clear,Completed,Unknown,3.3
B05140,C0311,D0064,2026-01-23 11:14:00,Malad,Chembur,Mumbai,Bike,Cash,1.5,2.6,49.0,1.09,Low,Clear,Cancelled,Customer,8.0
B05141,C0011,D0140,2026-03-11 05:15:00,MG Road,Jayanagar,Bengaluru,Auto,UPI,1.49,5.8,73.41,1.44,High,Clear,Completed,Unknown,4.9
B05142,C0104,D0076,2026-01-14 07:43:00,Kukatpally,Banjara Hills,Hyderabad,Cab,UPI,5.69,13.0,169.66,1.45,Medium,Clear,Completed,Unknown,0.6
B05143,C0177,D0130,2026-02-06 11:57:00,Secunderabad,Gachibowli,Hyderabad,Cab,Card,1.2,2.4,106.8,1.14,Low,Cloudy,Cancelled,Driver,1.3
B05144,C0289,D0051,2026-01-17 01:35:00,Gachibowli,Ameerpet,Hyderabad,Bike,Cash,7.17,15.8,83.02,1.09,Low,Clear,Completed,Unknown,4.4
B05145,C0381,D0067,2026-03-28 10:39:00,Kukatpally,Secunderabad,Hyderabad,Auto,Cash,9.99,23.0,149.91,1.13,Low,Clear,Completed,Unknown,5.2
B05146,C0207,D0015,2026-02-02 08:46:00,Whitefield,Marathahalli,Bengaluru,Cab,Wallet,9.46,24.3,222.44,1.71,Medium,Rain,Completed,Unknown,4.8
B05147,C0009,D0077,2026-03-16 14:56:00,Lajpat Nagar,Pitampura,Delhi,Auto,UPI,4.29,10.1,98.61,1.01,Low,Cloudy,Completed,Unknown,0.0
B05148,C0369,D0038,2026-03-16 18:20:00,Powai,Borivali,Mumbai,Bike,Cash,4.44,10.4,66.64,1.49,Medium,Smog,Completed,Unknown,6.5
B05149,C0109,D0100,2026-02-25 15:07:00,Hauz Khas,Rohini,Delhi,Auto,UPI,2.88,6.6,85.92,1.06,Low,Clear,Completed,Unknown,0.0
B05150,C0043,D0008,2026-03-29 17:00:00,Marathahalli,Whitefield,Bengaluru,Bike,Card,1.85,5.0,51.1,1.51,Medium,Clear,Completed,Unknown,8.0
B05151,C0238,D0076,2026-03-08 08:56:00,Andheri,Chembur,Mumbai,Auto,Cash,3.7,10.9,93.3,1.44,Medium,Cloudy,Completed,Unknown,2.6
B05152,C0284,D0005,2026-02-12 08:03:00,Colaba,Borivali,Mumbai,Bike,Card,11.76,33.5,110.56,1.49,Medium,Clear,Completed,Unknown,13.5
B05153,C0343,D0063,2026-01-22 13:37:00,Andheri,Dadar,Mumbai,Bike,Cash,5.03,12.0,70.18,1.0,Low,Clear,Completed,Unknown,1.7
B05154,C0113,D0116,2026-02-26 19:58:00,Dwarka,Rohini,Delhi,Bike,Card,15.27,33.4,131.62,1.7,Medium,Rain,Cancelled,Driver,0.1
B05155,C0197,D0100,2026-01-23 00:50:00,Viman Nagar,Wakad,Pune,Auto,Wallet,2.75,8.2,84.75,1.31,High,Clear,Cancelled,Customer,1.8
B05156,C0230,D0123,2026-03-07 23:44:00,Hinjewadi,Viman Nagar,Pune,Auto,Cash,2.01,4.4,78.09,1.08,Medium,Clear,Cancelled,Driver,5.6
B05157,C0180,D0039,2026-02-25 15:18:00,Karol Bagh,Noida Sector 18,Delhi,Auto,UPI,4.26,15.0,98.34,1.36,High,Smog,Completed,Unknown,8.7
B05158,C0392,D0074,2026-01-20 16:26:00,Connaught Place,Rohini,Delhi,Auto,UPI,15.63,33.0,200.67,1.08,Medium,Cloudy,Completed,Unknown,6.2
B05159,C0207,D0150,2026-03-19 18:25:00,Electronic City,MG Road,Bengaluru,Cab,UPI,4.57,13.3,153.98,1.47,Medium,Clear,Completed,Unknown,2.8
B05160,C0245,D0074,2026-03-22 07:16:00,Kothrud,Viman Nagar,Pune,Cab,Card,12.37,31.7,263.18,1.45,Medium,Smog,Completed,Unknown,3.4
B05161,C0113,D0007,2026-01-29 01:37:00,Indiranagar,Whitefield,Bengaluru,Cab,Card,1.73,5.9,114.22,1.43,High,Cloudy,Cancelled,Driver,8.1
B05162,C0119,D0051,2026-02-12 22:54:00,MG Road,HSR Layout,Bengaluru,Auto,UPI,6.26,19.5,116.34,1.01,Medium,Clear,Completed,Unknown,0.9
B05163,C0083,D0033,2026-01-14 00:24:00,Bandra,Dadar,Mumbai,Auto,UPI,1.86,7.2,76.74,1.43,High,Clear,Completed,Unknown,2.6
B05164,C0265,D0130,2026-03-13 02:15:00,Connaught Place,Saket,Delhi,Bike,Cash,6.54,19.1,79.24,1.01,Medium,Clear,Completed,Unknown,3.5
B05165,C0115,D0136,2026-02-04 20:05:00,Lajpat Nagar,Saket,Delhi,Bike,Cash,4.49,9.8,66.94,1.13,Medium,Cloudy,Cancelled,Customer,7.2
B05166,C0213,D0037,2026-01-09 22:34:00,Hinjewadi,Kothrud,Pune,Cab,Card,11.44,25.0,250.16,1.1,Medium,Clear,Completed,Unknown,5.0
B05167,C0047,D0063,2026-02-11 22:06:00,Banjara Hills,Kukatpally,Hyderabad,Auto,UPI,3.41,8.3,90.69,1.33,Medium,Rain,Completed,Unknown,0.0
B05168,C0002,D0085,2026-03-06 03:19:00,Dadar,Malad,Mumbai,Bike,Card,12.6,27.2,115.6,1.1,Low,Clear,Cancelled,Driver,5.5
B05169,C0134,D0126,2026-02-12 02:27:00,Andheri,Chembur,Mumbai,Auto,Cash,19.85,62.1,238.65,1.36,High,Clear,Completed,Unknown,11.9
B05170,C0332,D0144,2026-01-01 23:43:00,Chembur,Powai,Mumbai,Cab,UPI,3.87,14.0,144.18,1.4,High,Smog,Completed,Unknown,8.8
B05171,C0081,D0042,2026-03-27 08:47:00,Banjara Hills,Gachibowli,Hyderabad,Auto,UPI,5.96,23.3,113.64,1.77,High,Clear,Cancelled,Customer,3.0
B05172,C0039,D0031,2026-01-27 08:07:00,Hauz Khas,Rohini,Delhi,Bike,UPI,12.38,38.1,114.28,1.81,High,Clear,Incomplete,Unknown,7.7
B05173,C0225,D0083,2026-01-07 13:01:00,Janakpuri,Saket,Delhi,Cab,Cash,3.24,7.3,135.36,1.04,Medium,Clear,Completed,Unknown,4.6
B05174,C0102,D0112,2026-03-19 17:16:00,Malad,Borivali,Mumbai,Bike,Card,16.76,44.4,140.56,1.69,Medium,Rain,Completed,Unknown,4.0
B05175,C0206,D0114,2026-03-22 22:04:00,Andheri,Borivali,Mumbai,Bike,UPI,10.14,16.9,100.84,1.02,Low,Clear,Incomplete,Unknown,3.2
B05176,C0131,D0107,2026-02-09 02:33:00,Viman Nagar,Kothrud,Pune,Cab,UPI,3.14,8.0,133.96,1.2,Medium,Rain,Incomplete,Unknown,7.0
B05177,C0063,D0023,2026-03-24 16:51:00,Borivali,Bandra,Mumbai,Cab,UPI,5.9,12.6,172.6,1.22,Medium,Rain,Cancelled,Driver,0.0
B05178,C0158,D0074,2026-02-02 03:12:00,Pitampura,Janakpuri,Delhi,Cab,Cash,36.3,79.4,598.2,1.07,Medium,Clear,Completed,Unknown,5.7
B05179,C0218,D0130,2026-01-05 10:39:00,Kharadi,Hinjewadi,Pune,Cab,UPI,12.65,30.1,267.1,1.07,Medium,Clear,Completed,Unknown,6.5
B05180,C0308,D0093,2026-02-15 02:59:00,Baner,Kothrud,Pune,Bike,Card,1.48,3.5,48.88,1.1,Low,Cloudy,Completed,Unknown,7.9
B05181,C0299,D0125,2026-01-11 05:22:00,Kharadi,Wakad,Pune,Auto,Card,8.33,18.6,134.97,1.1,Low,Smog,Completed,Unknown,0.0
B05182,C0090,D0137,2026-02-21 02:00:00,Viman Nagar,Wakad,Pune,Bike,UPI,11.58,26.8,109.48,1.08,Low,Cloudy,Completed,Unknown,1.9
B05183,C0013,D0037,2026-01-14 13:57:00,Baner,Wakad,Pune,Auto,UPI,11.66,18.9,164.94,1.04,Low,Smog,Cancelled,Customer,0.1
B05184,C0284,D0039,2026-01-19 12:05:00,Pitampura,Saket,Delhi,Bike,UPI,5.75,13.6,74.5,1.01,Low,Clear,Completed,Unknown,6.3
B05185,C0340,D0128,2026-03-07 23:45:00,Kothrud,Hinjewadi,Pune,Auto,UPI,6.51,20.1,118.59,1.41,High,Cloudy,Completed,Unknown,1.9
B05186,C0240,D0017,2026-01-14 21:27:00,Powai,Malad,Mumbai,Cab,Card,1.32,3.8,108.48,1.4,High,Cloudy,Completed,Unknown,7.9
B05187,C0121,D0032,2026-01-16 07:49:00,Karol Bagh,Saket,Delhi,Cab,UPI,3.37,8.0,137.18,1.45,Low,Clear,Cancelled,Customer,2.1
B05188,C0134,D0090,2026-02-17 13:25:00,Baner,Kothrud,Pune,Cab,UPI,5.66,13.1,169.24,1.03,Low,Clear,Completed,Unknown,0.0
B05189,C0317,D0105,2026-03-26 22:27:00,Dwarka,Rohini,Delhi,Cab,UPI,6.63,15.9,182.82,1.1,Low,Cloudy,Cancelled,Customer,9.2
B05190,C0090,D0017,2026-01-30 03:11:00,Secunderabad,Banjara Hills,Hyderabad,Bike,UPI,4.17,9.8,65.02,1.02,Low,Smog,Completed,Unknown,8.0
B05191,C0291,D0095,2026-02-19 11:37:00,Dwarka,Janakpuri,Delhi,Bike,Cash,21.87,51.5,171.22,1.14,Low,Clear,Completed,Unknown,0.0
B05192,C0273,D0062,2026-03-23 07:00:00,Kukatpally,Banjara Hills,Hyderabad,Auto,UPI,10.59,21.5,155.31,1.41,Low,Cloudy,Completed,Unknown,7.4
B05193,C0115,D0114,2026-03-16 18:03:00,Gachibowli,Secunderabad,Hyderabad,Bike,UPI,25.1,58.2,190.6,1.42,Medium,Cloudy,Completed,Unknown,2.6
B05194,C0224,D0125,2026-02-08 01:09:00,Janakpuri,Dwarka,Delhi,Auto,UPI,3.48,6.6,91.32,1.33,Low,Rain,Completed,Unknown,0.2
B05195,C0334,D0044,2026-01-13 06:18:00,Hinjewadi,Baner,Pune,Bike,Cash,10.71,26.3,104.26,1.09,Medium,Clear,Cancelled,Customer,4.1
B05196,C0216,D0084,2026-02-24 20:57:00,Colaba,Powai,Mumbai,Bike,Card,4.59,15.4,67.54,1.37,High,Smog,Completed,Unknown,4.9
B05197,C0122,D0095,2026-01-26 13:49:00,Whitefield,HSR Layout,Bengaluru,Auto,UPI,6.97,11.8,122.73,1.1,Low,Cloudy,Completed,Unknown,4.8
B05198,C0171,D0126,2026-02-08 00:21:00,Wakad,Kothrud,Pune,Bike,Card,4.76,10.9,68.56,1.04,Medium,Cloudy,Completed,Unknown,3.6
B05199,C0255,D0015,2026-03-12 04:19:00,Karol Bagh,Hauz Khas,Delhi,Auto,Card,10.18,36.5,151.62,1.38,High,Clear,Cancelled,Driver,6.4
B05200,C0008,D0051,2026-02-06 04:06:00,Banjara Hills,Madhapur,Hyderabad,Bike,UPI,5.82,15.5,74.92,1.09,Medium,Clear,Completed,Unknown,9.2
B05201,C0046,D0066,2026-02-17 17:01:00,Powai,Bandra,Mumbai,Cab,UPI,1.41,2.6,109.74,1.43,Low,Cloudy,Completed,Unknown,4.0
B05202,C0220,D0132,2026-01-24 12:24:00,Colaba,Malad,Mumbai,Auto,Cash,9.76,24.4,147.84,1.26,Medium,Rain,Cancelled,Driver,4.4
B05203,C0004,D0005,2026-03-12 04:36:00,Electronic City,Koramangala,Bengaluru,Bike,Card,4.37,7.1,66.22,1.07,Low,Cloudy,Completed,Unknown,6.4
B05204,C0289,D0132,2026-01-14 11:35:00,Wakad,Viman Nagar,Pune,Auto,UPI,15.39,46.6,198.51,1.25,Medium,Rain,Cancelled,Driver,3.9
B05205,C0080,D0144,2026-01-15 21:51:00,Pitampura,Janakpuri,Delhi,Auto,Wallet,8.92,26.0,140.28,1.08,Medium,Clear,Completed,Unknown,8.9
B05206,C0071,D0142,2026-02-11 09:31:00,Gachibowli,Kukatpally,Hyderabad,Cab,UPI,2.04,6.4,118.56,1.82,High,Cloudy,Completed,Unknown,3.2
B05207,C0276,D0028,2026-03-28 07:24:00,Kharadi,Baner,Pune,Cab,UPI,1.42,3.4,109.88,1.68,Low,Rain,Completed,Unknown,2.1
B05208,C0259,D0001,2026-01-19 11:27:00,Bandra,Chembur,Mumbai,Bike,Card,4.54,9.5,67.24,1.27,Low,Rain,Completed,Unknown,5.3
B05209,C0154,D0124,2026-03-28 22:52:00,Pitampura,Dwarka,Delhi,Bike,Wallet,6.3,13.5,77.8,1.03,Low,Clear,Incomplete,Unknown,5.2
B05210,C0192,D0016,2026-03-13 12:18:00,Pitampura,Noida Sector 18,Delhi,Bike,UPI,1.61,3.0,49.66,1.03,Low,Cloudy,Completed,Unknown,0.0
B05211,C0376,D0090,2026-03-04 19:20:00,Banjara Hills,Madhapur,Hyderabad,Auto,Card,3.24,6.8,89.16,1.48,Low,Clear,Cancelled,Driver,2.3
B05212,C0031,D0051,2026-01-16 02:16:00,Indiranagar,MG Road,Bengaluru,Bike,Wallet,2.47,4.9,54.82,1.14,Low,Clear,Completed,Unknown,5.0
B05213,C0124,D0069,2026-01-29 20:53:00,Banjara Hills,Madhapur,Hyderabad,Bike,Card,13.74,34.9,122.44,1.03,Medium,Cloudy,Completed,Unknown,10.8
B05214,C0059,D0008,2026-03-31 18:46:00,Electronic City,Jayanagar,Bengaluru,Cab,UPI,1.44,5.0,110.16,1.75,High,Cloudy,Incomplete,Unknown,8.0
B05215,C0100,D0045,2026-03-25 22:31:00,Marathahalli,Indiranagar,Bengaluru,Auto,Cash,2.18,6.5,79.62,1.06,Medium,Clear,Completed,Unknown,0.0
B05216,C0136,D0112,2026-03-31 05:58:00,Pitampura,Lajpat Nagar,Delhi,Bike,Cash,4.61,11.9,67.66,1.07,Medium,Cloudy,Completed,Unknown,11.6
B05217,C0363,D0049,2026-02-12 00:20:00,Secunderabad,Gachibowli,Hyderabad,Cab,Card,6.65,13.0,183.1,1.02,Low,Clear,Completed,Unknown,11.0
B05218,C0009,D0036,2026-01-16 08:08:00,Hauz Khas,Karol Bagh,Delhi,Bike,UPI,2.0,6.0,52.0,1.76,High,Clear,Completed,Unknown,5.4
B05219,C0002,D0021,2026-01-02 17:39:00,Janakpuri,Noida Sector 18,Delhi,Cab,Cash,3.68,13.4,141.52,1.82,High,Cloudy,Completed,Unknown,11.2
B05220,C0150,D0109,2026-02-14 02:18:00,Dadar,Chembur,Mumbai,Auto,Cash,13.96,29.9,185.64,1.14,Low,Clear,Completed,Unknown,1.3
B05221,C0228,D0127,2026-03-13 10:20:00,Chembur,Colaba,Mumbai,Auto,Cash,4.38,9.4,99.42,1.02,Low,Cloudy,Completed,Unknown,3.8
B05222,C0284,D0004,2026-01-14 00:13:00,Hauz Khas,Saket,Delhi,Auto,Cash,1.6,3.5,74.4,1.22,Medium,Rain,Cancelled,Customer,14.6
B05223,C0121,D0086,2026-01-03 09:55:00,Andheri,Borivali,Mumbai,Auto,Wallet,11.77,44.5,165.93,1.84,High,Cloudy,Completed,Unknown,0.5
B05224,C0162,D0125,2026-01-23 06:37:00,Hauz Khas,Noida Sector 18,Delhi,Auto,UPI,7.28,12.1,125.52,1.04,Low,Clear,Cancelled,Customer,0.0
B05225,C0066,D0040,2026-02-21 22:13:00,Colaba,Malad,Mumbai,Auto,UPI,2.68,7.9,84.12,1.38,High,Clear,Cancelled,Customer,4.5
B05226,C0127,D0053,2026-01-01 20:38:00,Jayanagar,Marathahalli,Bengaluru,Auto,Card,7.03,18.3,123.27,1.07,Medium,Clear,Cancelled,Customer,6.6
B05227,C0253,D0127,2026-03-24 18:04:00,Powai,Dadar,Mumbai,Auto,Cash,5.79,13.1,112.11,1.61,Low,Rain,Cancelled,Customer,7.8
B05228,C0209,D0068,2026-01-04 01:01:00,Marathahalli,Indiranagar,Bengaluru,Cab,Wallet,1.68,3.5,113.52,1.01,Low,Cloudy,Incomplete,Unknown,5.3
B05229,C0271,D0060,2026-03-09 08:31:00,Baner,Kothrud,Pune,Cab,UPI,6.69,26.1,183.66,1.84,High,Clear,Completed,Unknown,1.7
B05230,C0036,D0050,2026-03-08 15:24:00,Viman Nagar,Kharadi,Pune,Auto,Cash,3.78,6.2,94.02,1.12,Low,Clear,Completed,Unknown,1.3
B05231,C0285,D0131,2026-01-25 16:20:00,Janakpuri,Dwarka,Delhi,Auto,UPI,7.16,16.6,124.44,1.1,Low,Smog,Completed,Unknown,0.7
B05232,C0071,D0029,2026-02-24 07:33:00,HSR Layout,Marathahalli,Bengaluru,Auto,UPI,7.22,16.6,124.98,1.44,Medium,Clear,Completed,Unknown,5.4
B05233,C0176,D0026,2026-01-12 08:13:00,Wakad,Viman Nagar,Pune,Cab,Cash,6.0,14.2,174.0,1.55,Low,Cloudy,Completed,Unknown,0.0
B05234,C0131,D0027,2026-01-31 21:26:00,Dadar,Malad,Mumbai,Bike,UPI,8.45,19.8,90.7,1.1,Medium,Cloudy,Cancelled,Driver,0.0
B05235,C0389,D0026,2026-02-20 06:23:00,Karol Bagh,Dwarka,Delhi,Cab,Card,6.26,10.3,177.64,1.01,Low,Clear,Completed,Unknown,1.6
B05236,C0231,D0050,2026-01-24 05:20:00,Viman Nagar,Kharadi,Pune,Auto,UPI,1.51,3.0,73.59,1.27,Low,Rain,Completed,Unknown,0.9
B05237,C0067,D0086,2026-03-22 01:08:00,MG Road,Electronic City,Bengaluru,Cab,Cash,5.75,12.8,170.5,1.11,Low,Cloudy,Cancelled,Customer,2.9
B05238,C0101,D0005,2026-02-17 13:30:00,Dadar,Borivali,Mumbai,Bike,UPI,1.15,3.0,46.9,1.0,Medium,Clear,Cancelled,Driver,8.1
B05239,C0068,D0147,2026-01-25 20:00:00,Banjara Hills,Gachibowli,Hyderabad,Cab,UPI,1.63,6.5,112.82,1.44,High,Clear,Completed,Unknown,6.6
B05240,C0308,D0095,2026-02-23 10:19:00,Electronic City,Whitefield,Bengaluru,Bike,UPI,1.82,4.7,50.92,1.08,Medium,Clear,Completed,Unknown,1.2
B05241,C0188,D0064,2026-02-10 04:14:00,Pitampura,Noida Sector 18,Delhi,Bike,Card,2.33,4.1,53.98,1.09,Low,Clear,Completed,Unknown,5.9
B05242,C0276,D0056,2026-01-13 02:33:00,Borivali,Malad,Mumbai,Bike,Card,7.71,13.5,86.26,1.07,Low,Clear,Cancelled,Customer,2.8
B05243,C0134,D0051,2026-01-04 10:49:00,Secunderabad,Ameerpet,Hyderabad,Auto,UPI,13.89,31.6,185.01,1.14,Medium,Smog,Cancelled,Customer,5.0
B05244,C0010,D0107,2026-01-26 14:00:00,Chembur,Bandra,Mumbai,Auto,UPI,4.25,14.2,98.25,1.44,High,Clear,Completed,Unknown,11.8
B05245,C0142,D0015,2026-01-19 10:06:00,Electronic City,Whitefield,Bengaluru,Bike,Cash,3.69,8.1,62.14,1.01,Medium,Clear,Incomplete,Unknown,2.5
B05246,C0100,D0096,2026-02-01 12:05:00,Pitampura,Rohini,Delhi,Bike,Card,1.47,4.3,48.82,1.44,High,Smog,Cancelled,Customer,3.4
B05247,C0023,D0130,2026-01-08 08:40:00,Indiranagar,MG Road,Bengaluru,Bike,UPI,3.85,12.6,63.1,1.82,High,Cloudy,Completed,Unknown,2.5
B05248,C0345,D0058,2026-03-28 02:21:00,Noida Sector 18,Karol Bagh,Delhi,Cab,Card,12.8,37.7,269.2,1.07,Medium,Clear,Completed,Unknown,8.2
B05249,C0245,D0052,2026-03-30 07:11:00,Hauz Khas,Lajpat Nagar,Delhi,Auto,UPI,3.12,12.2,88.08,1.71,High,Clear,Completed,Unknown,6.2
B05250,C0214,D0072,2026-01-02 22:22:00,Banjara Hills,Secunderabad,Hyderabad,Bike,UPI,12.7,28.3,116.2,1.04,Low,Cloudy,Incomplete,Unknown,0.0
B05251,C0068,D0108,2026-02-06 15:14:00,Electronic City,Koramangala,Bengaluru,Auto,Card,5.02,12.6,105.18,1.11,Medium,Clear,Completed,Unknown,0.9
B05252,C0397,D0090,2026-02-25 07:34:00,HSR Layout,Electronic City,Bengaluru,Cab,Cash,9.48,36.1,222.72,1.82,High,Clear,Completed,Unknown,5.4
B05253,C0255,D0006,2026-03-05 17:23:00,Kukatpally,Gachibowli,Hyderabad,Cab,UPI,9.46,33.9,222.44,1.85,High,Cloudy,Incomplete,Unknown,10.5
B05254,C0092,D0051,2026-01-16 19:50:00,Viman Nagar,Wakad,Pune,Cab,Wallet,31.09,94.4,525.26,1.48,Medium,Cloudy,Completed,Unknown,4.5
B05255,C0372,D0004,2026-01-04 16:33:00,HSR Layout,Jayanagar,Bengaluru,Bike,UPI,11.94,27.5,111.64,1.02,Low,Clear,Cancelled,Driver,7.4
B05256,C0347,D0023,2026-02-23 17:56:00,Chembur,Dadar,Mumbai,Auto,UPI,14.01,29.5,186.09,1.5,Medium,Clear,Completed,Unknown,10.3
B05257,C0024,D0133,2026-02-11 08:35:00,Hauz Khas,Lajpat Nagar,Delhi,Bike,Cash,7.3,19.7,83.8,1.44,Medium,Smog,Completed,Unknown,5.8
B05258,C0173,D0098,2026-02-21 13:07:00,HSR Layout,Koramangala,Bengaluru,Cab,Cash,5.16,17.1,162.24,1.39,High,Clear,Completed,Unknown,0.6
B05259,C0358,D0096,2026-03-31 08:58:00,Andheri,Chembur,Mumbai,Cab,Cash,2.63,5.8,126.82,1.44,Medium,Cloudy,Completed,Unknown,1.2
B05260,C0125,D0090,2026-03-27 06:20:00,Indiranagar,Marathahalli,Bengaluru,Auto,Card,2.17,5.6,79.53,1.11,Medium,Cloudy,Completed,Unknown,0.0
B05261,C0306,D0128,2026-02-12 04:43:00,HSR Layout,Indiranagar,Bengaluru,Cab,Card,1.12,1.8,105.68,1.04,Low,Clear,Completed,Unknown,7.4
B05262,C0236,D0126,2026-03-14 17:50:00,Noida Sector 18,Connaught Place,Delhi,Cab,Cash,7.06,20.2,188.84,1.51,Medium,Clear,Cancelled,Customer,4.6
B05263,C0163,D0067,2026-03-08 02:05:00,Baner,Hinjewadi,Pune,Cab,Cash,2.09,8.2,119.26,1.42,High,Cloudy,Cancelled,Customer,3.1
B05264,C0076,D0006,2026-01-21 14:46:00,Bandra,Dadar,Mumbai,Auto,Wallet,2.5,5.9,82.5,1.02,Medium,Clear,Completed,Unknown,1.8
B05265,C0329,D0119,2026-01-31 15:28:00,Ameerpet,Gachibowli,Hyderabad,Auto,UPI,2.14,4.6,79.26,1.0,Low,Cloudy,Incomplete,Unknown,6.4
B05266,C0238,D0100,2026-01-16 23:49:00,Colaba,Powai,Mumbai,Auto,UPI,4.55,16.3,100.95,1.57,High,Rain,Cancelled,Customer,3.1
B05267,C0382,D0142,2026-01-09 16:47:00,Koramangala,MG Road,Bengaluru,Bike,UPI,9.96,23.6,99.76,1.03,Low,Smog,Cancelled,Customer,0.0
B05268,C0118,D0121,2026-02-16 06:45:00,Marathahalli,HSR Layout,Bengaluru,Auto,UPI,5.85,14.0,112.65,1.23,Medium,Rain,Completed,Unknown,2.3
B05269,C0400,D0092,2026-03-30 04:52:00,Hauz Khas,Connaught Place,Delhi,Auto,UPI,13.22,40.6,178.98,1.32,High,Clear,Completed,Unknown,3.6
B05270,C0130,D0126,2026-01-22 07:25:00,Gachibowli,Kukatpally,Hyderabad,Auto,Cash,3.51,13.1,91.59,1.78,High,Cloudy,Cancelled,Customer,8.4
B05271,C0228,D0121,2026-03-09 07:08:00,Gachibowli,Secunderabad,Hyderabad,Auto,UPI,13.57,42.5,182.13,1.75,High,Clear,Completed,Unknown,1.3
B05272,C0032,D0067,2026-03-06 14:49:00,Noida Sector 18,Rohini,Delhi,Bike,Card,14.68,45.4,128.08,1.04,Medium,Clear,Completed,Unknown,1.9
B05273,C0094,D0056,2026-01-01 11:05:00,Koramangala,Jayanagar,Bengaluru,Cab,Cash,23.55,42.3,419.7,1.08,Low,Clear,Cancelled,Customer,2.9
B05274,C0371,D0130,2026-01-16 20:20:00,Saket,Pitampura,Delhi,Cab,Card,9.85,30.2,227.9,1.03,Medium,Smog,Cancelled,Driver,4.1
B05275,C0209,D0015,2026-02-03 04:31:00,Baner,Wakad,Pune,Cab,Wallet,4.75,11.3,156.5,1.11,Low,Clear,Completed,Unknown,4.5
B05276,C0130,D0121,2026-02-25 13:59:00,Secunderabad,Kukatpally,Hyderabad,Cab,Card,4.46,13.6,152.44,1.27,Medium,Rain,Cancelled,Customer,0.0
B05277,C0329,D0041,2026-02-22 23:58:00,Koramangala,Indiranagar,Bengaluru,Cab,UPI,3.45,7.7,138.3,1.09,Low,Clear,Incomplete,Unknown,0.0
B05278,C0386,D0028,2026-03-28 11:38:00,HSR Layout,Indiranagar,Bengaluru,Auto,UPI,3.26,6.5,89.34,1.08,Low,Cloudy,Completed,Unknown,3.9
B05279,C0150,D0116,2026-01-25 09:19:00,Malad,Andheri,Mumbai,Cab,UPI,11.5,35.7,251.0,1.72,High,Clear,Completed,Unknown,3.0
B05280,C0052,D0003,2026-01-17 19:41:00,Gachibowli,Madhapur,Hyderabad,Bike,Card,26.06,41.8,196.36,1.74,Low,Rain,Cancelled,Customer,8.4
B05281,C0095,D0133,2026-03-16 06:04:00,Noida Sector 18,Hauz Khas,Delhi,Bike,UPI,2.26,4.1,53.56,1.12,Low,Clear,Completed,Unknown,0.8
B05282,C0336,D0072,2026-02-16 03:49:00,Kothrud,Hinjewadi,Pune,Auto,UPI,4.78,14.1,103.02,1.33,High,Clear,Completed,Unknown,9.5
B05283,C0130,D0012,2026-01-30 14:09:00,MG Road,Koramangala,Bengaluru,Auto,UPI,10.68,40.2,156.12,1.57,High,Rain,Completed,Unknown,3.5
B05284,C0059,D0096,2026-03-18 20:56:00,Gachibowli,Madhapur,Hyderabad,Bike,UPI,6.64,15.8,79.84,1.06,Medium,Clear,Cancelled,Driver,0.0
B05285,C0043,D0074,2026-01-13 22:09:00,Madhapur,Banjara Hills,Hyderabad,Cab,Cash,5.85,16.3,171.9,1.06,Medium,Cloudy,Completed,Unknown,0.9
B05286,C0386,D0033,2026-02-10 17:12:00,Bandra,Dadar,Mumbai,Auto,Card,2.82,6.7,85.38,1.43,Medium,Clear,Completed,Unknown,1.3
B05287,C0215,D0119,2026-01-04 12:18:00,Kothrud,Baner,Pune,Bike,Card,4.43,7.6,66.58,1.04,Low,Clear,Completed,Unknown,3.1
B05288,C0229,D0124,2026-02-08 10:27:00,Kharadi,Baner,Pune,Cab,UPI,5.0,15.5,160.0,1.08,Medium,Clear,Cancelled,Customer,6.3
B05289,C0359,D0137,2026-01-04 09:23:00,Connaught Place,Hauz Khas,Delhi,Cab,UPI,2.94,5.4,131.16,1.43,Low,Clear,Completed,Unknown,6.4
B05290,C0115,D0005,2026-01-14 04:09:00,Wakad,Hinjewadi,Pune,Bike,Cash,9.19,19.5,95.14,1.05,Medium,Smog,Completed,Unknown,5.1
B05291,C0098,D0033,2026-03-24 03:28:00,Malad,Powai,Mumbai,Bike,UPI,10.56,35.6,103.36,1.41,High,Clear,Cancelled,Customer,2.7
B05292,C0247,D0078,2026-02-08 11:33:00,Kothrud,Kharadi,Pune,Bike,Cash,10.69,32.1,104.14,1.09,Medium,Clear,Cancelled,Customer,1.5
B05293,C0256,D0003,2026-03-11 05:08:00,Noida Sector 18,Lajpat Nagar,Delhi,Bike,Cash,15.86,31.5,135.16,1.04,Low,Cloudy,Completed,Unknown,2.6
B05294,C0006,D0049,2026-01-16 14:43:00,Bandra,Colaba,Mumbai,Bike,Wallet,3.35,9.2,60.1,1.41,High,Cloudy,Completed,Unknown,12.4
B05295,C0225,D0112,2026-03-01 04:42:00,Bandra,Dadar,Mumbai,Cab,Cash,2.29,4.5,122.06,1.06,Low,Clear,Completed,Unknown,12.7
B05296,C0085,D0143,2026-01-12 07:59:00,HSR Layout,Indiranagar,Bengaluru,Auto,Card,3.96,12.9,95.64,1.79,High,Clear,Completed,Unknown,0.4
B05297,C0376,D0044,2026-03-03 10:25:00,Kothrud,Baner,Pune,Auto,UPI,6.05,15.4,114.45,1.03,Medium,Cloudy,Cancelled,Customer,4.6
B05298,C0390,D0015,2026-02-04 17:27:00,MG Road,Marathahalli,Bengaluru,Cab,UPI,4.26,13.6,149.64,1.78,High,Clear,Completed,Unknown,8.9
B05299,C0367,D0007,2026-01-13 01:05:00,MG Road,Whitefield,Bengaluru,Bike,UPI,15.56,47.1,133.36,1.24,Medium,Rain,Completed,Unknown,0.0
B05300,C0079,D0114,2026-02-01 22:31:00,Colaba,Dadar,Mumbai,Auto,Cash,3.91,6.8,95.19,1.03,Low,Cloudy,Incomplete,Unknown,0.0
B05301,C0131,D0096,2026-01-22 13:49:00,Powai,Borivali,Mumbai,Cab,Cash,5.56,12.2,167.84,1.07,Low,Clear,Completed,Unknown,0.8
B05302,C0301,D0018,2026-03-28 01:44:00,Indiranagar,Jayanagar,Bengaluru,Auto,Card,1.15,2.7,70.35,1.11,Low,Cloudy,Cancelled,Driver,2.8
B05303,C0334,D0018,2026-01-12 12:30:00,Gachibowli,Banjara Hills,Hyderabad,Bike,UPI,5.85,10.1,75.1,1.14,Low,Cloudy,Completed,Unknown,3.9
B05304,C0246,D0064,2026-02-20 02:48:00,Wakad,Kothrud,Pune,Auto,Card,1.34,3.8,72.06,1.11,Medium,Cloudy,Completed,Unknown,5.2
B05305,C0390,D0055,2026-02-28 09:29:00,Malad,Chembur,Mumbai,Cab,Card,10.61,41.4,238.54,1.92,High,Rain,Cancelled,Customer,10.5
B05306,C0397,D0030,2026-03-29 04:49:00,Marathahalli,MG Road,Bengaluru,Cab,Card,3.02,6.0,132.28,1.12,Low,Clear,Completed,Unknown,9.4
B05307,C0163,D0120,2026-01-20 15:25:00,Dwarka,Rohini,Delhi,Cab,UPI,1.2,2.3,106.8,1.07,Low,Cloudy,Cancelled,Customer,2.3
B05308,C0215,D0079,2026-03-27 13:22:00,Gachibowli,Banjara Hills,Hyderabad,Cab,Card,9.43,17.3,222.02,1.03,Low,Cloudy,Completed,Unknown,0.1
B05309,C0230,D0094,2026-01-05 08:09:00,Indiranagar,Jayanagar,Bengaluru,Cab,UPI,8.43,24.5,208.02,1.74,High,Cloudy,Cancelled,Customer,1.9
B05310,C0031,D0122,2026-03-26 15:04:00,Ameerpet,Kukatpally,Hyderabad,Cab,Wallet,2.82,6.5,129.48,1.02,Low,Clear,Completed,Unknown,0.0
B05311,C0075,D0093,2026-03-26 03:36:00,HSR Layout,MG Road,Bengaluru,Auto,Cash,1.1,2.8,69.9,1.21,Medium,Rain,Completed,Unknown,5.4
B05312,C0184,D0093,2026-01-10 11:33:00,Whitefield,MG Road,Bengaluru,Auto,Wallet,1.96,4.6,77.64,1.07,Medium,Clear,Completed,Unknown,3.3
B05313,C0104,D0016,2026-02-13 13:30:00,Hauz Khas,Karol Bagh,Delhi,Auto,Card,8.97,25.1,140.73,1.09,Medium,Clear,Cancelled,Customer,0.0
B05314,C0376,D0066,2026-03-29 09:33:00,Dwarka,Connaught Place,Delhi,Bike,Wallet,3.34,9.6,60.04,1.82,High,Clear,Cancelled,Customer,9.4
B05315,C0253,D0078,2026-01-07 22:23:00,Ameerpet,Secunderabad,Hyderabad,Bike,UPI,16.91,61.6,141.46,1.35,High,Clear,Cancelled,Customer,5.9
B05316,C0375,D0079,2026-03-18 03:38:00,Ameerpet,Gachibowli,Hyderabad,Bike,UPI,1.61,3.4,49.66,1.26,Low,Rain,Completed,Unknown,1.7
B05317,C0043,D0133,2026-03-27 01:58:00,Ameerpet,Kukatpally,Hyderabad,Auto,UPI,1.74,5.5,75.66,1.44,High,Cloudy,Completed,Unknown,5.8
B05318,C0212,D0073,2026-02-15 23:09:00,Baner,Wakad,Pune,Bike,Wallet,5.79,13.7,74.74,1.1,Low,Cloudy,Completed,Unknown,0.0
B05319,C0336,D0089,2026-01-01 16:49:00,Viman Nagar,Kothrud,Pune,Bike,UPI,4.96,9.0,69.76,1.09,Low,Clear,Cancelled,Customer,5.9
B05320,C0130,D0107,2026-02-11 18:00:00,Kukatpally,Ameerpet,Hyderabad,Bike,UPI,5.38,11.4,72.28,1.65,Medium,Rain,Completed,Unknown,3.8
B05321,C0356,D0028,2026-01-24 18:13:00,Baner,Kharadi,Pune,Cab,UPI,6.29,18.7,178.06,1.54,Medium,Clear,Cancelled,Customer,4.6
B05322,C0007,D0092,2026-03-30 11:22:00,Lajpat Nagar,Janakpuri,Delhi,Bike,UPI,2.03,5.2,52.18,1.12,Medium,Cloudy,Completed,Unknown,0.7
B05323,C0011,D0112,2026-01-25 12:06:00,Bandra,Dadar,Mumbai,Auto,UPI,5.23,9.1,107.07,1.22,Low,Rain,Completed,Unknown,5.3
B05324,C0147,D0078,2026-03-04 21:08:00,Indiranagar,Marathahalli,Bengaluru,Cab,UPI,4.95,10.0,159.3,1.26,Low,Rain,Cancelled,Customer,7.3
B05325,C0342,D0006,2026-01-08 15:58:00,Noida Sector 18,Janakpuri,Delhi,Auto,UPI,7.34,13.7,126.06,1.12,Low,Cloudy,Cancelled,Driver,3.7
B05326,C0103,D0139,2026-01-24 20:35:00,Connaught Place,Pitampura,Delhi,Bike,UPI,25.8,46.0,194.8,1.09,Low,Cloudy,Completed,Unknown,2.2
B05327,C0281,D0031,2026-02-03 19:49:00,Hauz Khas,Karol Bagh,Delhi,Auto,Card,6.65,13.9,119.85,1.4,Medium,Clear,Completed,Unknown,2.1
B05328,C0326,D0026,2026-02-04 06:49:00,Kharadi,Baner,Pune,Auto,Cash,9.18,24.5,142.62,1.08,Medium,Clear,Completed,Unknown,4.3
B05329,C0003,D0036,2026-01-05 03:18:00,Andheri,Powai,Mumbai,Bike,UPI,2.92,5.2,57.52,1.11,Low,Clear,Incomplete,Unknown,0.5
B05330,C0145,D0039,2026-03-11 12:38:00,Saket,Hauz Khas,Delhi,Bike,Cash,1.71,3.6,50.26,1.08,Low,Clear,Completed,Unknown,7.1
B05331,C0217,D0136,2026-01-25 22:41:00,Banjara Hills,Secunderabad,Hyderabad,Bike,Card,8.01,18.2,88.06,1.1,Low,Clear,Completed,Unknown,4.6
B05332,C0236,D0095,2026-01-02 06:52:00,Hinjewadi,Viman Nagar,Pune,Auto,Card,5.42,12.9,108.78,1.05,Medium,Clear,Completed,Unknown,0.1
B05333,C0356,D0125,2026-03-30 23:41:00,Powai,Chembur,Mumbai,Bike,Card,21.92,39.7,171.52,1.14,Low,Cloudy,Cancelled,Customer,2.0
B05334,C0363,D0066,2026-01-12 03:27:00,Kothrud,Wakad,Pune,Cab,Cash,17.99,71.9,341.86,1.45,High,Clear,Cancelled,Driver,6.8
B05335,C0255,D0071,2026-03-12 01:30:00,Gachibowli,Secunderabad,Hyderabad,Bike,UPI,3.07,5.5,58.42,1.09,Low,Cloudy,Cancelled,Customer,0.0
B05336,C0391,D0068,2026-02-21 03:27:00,Powai,Malad,Mumbai,Auto,UPI,4.17,9.4,97.53,1.14,Medium,Clear,Completed,Unknown,3.7
B05337,C0345,D0094,2026-01-10 13:39:00,HSR Layout,Jayanagar,Bengaluru,Auto,UPI,2.88,7.9,85.92,1.21,Medium,Rain,Completed,Unknown,17.1
B05338,C0382,D0085,2026-01-24 01:54:00,Baner,Hinjewadi,Pune,Cab,Wallet,5.59,16.3,168.26,1.35,Medium,Rain,Completed,Unknown,0.0
B05339,C0006,D0104,2026-03-31 03:51:00,Marathahalli,HSR Layout,Bengaluru,Bike,UPI,4.41,9.2,66.46,1.07,Medium,Clear,Completed,Unknown,0.0
B05340,C0008,D0122,2026-01-24 14:32:00,Rohini,Saket,Delhi,Auto,Cash,4.93,13.8,104.37,1.03,Medium,Cloudy,Completed,Unknown,2.8
B05341,C0035,D0003,2026-01-27 10:34:00,Electronic City,MG Road,Bengaluru,Auto,Cash,3.23,7.1,89.07,1.01,Medium,Clear,Completed,Unknown,1.6
B05342,C0364,D0019,2026-03-07 19:59:00,Dadar,Bandra,Mumbai,Auto,UPI,3.22,12.6,88.98,1.73,High,Clear,Completed,Unknown,5.6
B05343,C0383,D0073,2026-03-28 06:56:00,Borivali,Andheri,Mumbai,Cab,Wallet,6.79,14.8,185.06,1.04,Low,Smog,Completed,Unknown,0.0
B05344,C0173,D0068,2026-02-27 01:35:00,Powai,Dadar,Mumbai,Cab,UPI,2.04,3.5,118.56,1.08,Low,Clear,Completed,Unknown,1.7
B05345,C0173,D0006,2026-01-07 11:19:00,Electronic City,Whitefield,Bengaluru,Bike,UPI,3.82,6.8,62.92,1.14,Low,Clear,Cancelled,Driver,5.8
B05346,C0114,D0053,2026-03-09 06:38:00,Electronic City,Whitefield,Bengaluru,Auto,Cash,15.52,44.0,199.68,1.03,Medium,Cloudy,Cancelled,Customer,5.9
B05347,C0341,D0099,2026-01-05 23:59:00,Powai,Chembur,Mumbai,Auto,Cash,4.94,10.1,104.46,1.11,Low,Clear,Completed,Unknown,7.5
B05348,C0367,D0090,2026-01-17 07:08:00,Lajpat Nagar,Hauz Khas,Delhi,Auto,UPI,1.07,3.8,69.63,2.05,High,Rain,Cancelled,Customer,1.3
B05349,C0169,D0023,2026-01-07 18:46:00,Lajpat Nagar,Rohini,Delhi,Cab,UPI,20.95,70.9,383.3,1.76,High,Cloudy,Incomplete,Unknown,8.6
B05350,C0291,D0112,2026-02-03 07:14:00,Kukatpally,Madhapur,Hyderabad,Bike,Card,4.68,13.0,68.08,1.73,High,Clear,Completed,Unknown,5.2
B05351,C0306,D0041,2026-03-22 03:11:00,HSR Layout,Koramangala,Bengaluru,Auto,UPI,4.18,9.4,97.62,1.05,Medium,Clear,Completed,Unknown,6.8
B05352,C0177,D0033,2026-02-02 19:39:00,Pitampura,Saket,Delhi,Cab,Cash,1.9,4.5,116.6,1.47,Low,Cloudy,Completed,Unknown,1.6
B05353,C0277,D0134,2026-03-09 10:05:00,Jayanagar,Marathahalli,Bengaluru,Auto,UPI,4.73,14.3,102.57,1.15,Medium,Clear,Completed,Unknown,3.2
B05354,C0262,D0100,2026-01-15 22:20:00,Chembur,Andheri,Mumbai,Auto,Cash,9.37,21.5,144.33,1.02,Low,Cloudy,Completed,Unknown,0.0
B05355,C0155,D0030,2026-02-08 10:20:00,Indiranagar,Marathahalli,Bengaluru,Cab,UPI,5.66,13.2,169.24,1.0,Low,Clear,Completed,Unknown,1.9
B05356,C0062,D0131,2026-03-17 21:17:00,Kothrud,Kharadi,Pune,Bike,Card,4.22,10.4,65.32,1.35,Medium,Rain,Completed,Unknown,0.2
B05357,C0226,D0003,2026-02-09 11:28:00,Powai,Bandra,Mumbai,Auto,Cash,8.58,18.0,137.22,1.07,Low,Clear,Completed,Unknown,1.4
B05358,C0161,D0041,2026-01-10 11:41:00,Hauz Khas,Connaught Place,Delhi,Bike,Wallet,1.69,2.8,50.14,1.07,Low,Clear,Completed,Unknown,2.4
B05359,C0005,D0001,2026-02-03 05:58:00,Kharadi,Hinjewadi,Pune,Bike,Cash,2.93,5.6,57.58,1.12,Low,Clear,Incomplete,Unknown,5.8
B05360,C0369,D0072,2026-02-05 12:38:00,Kothrud,Hinjewadi,Pune,Bike,Cash,3.44,13.5,60.64,1.44,High,Clear,Completed,Unknown,0.3
B05361,C0046,D0025,2026-03-11 12:28:00,Koramangala,Electronic City,Bengaluru,Cab,Cash,6.85,15.3,185.9,1.02,Low,Cloudy,Completed,Unknown,0.0
B05362,C0011,D0128,2026-03-15 02:02:00,Janakpuri,Connaught Place,Delhi,Bike,Card,7.73,13.5,86.38,1.03,Low,Clear,Completed,Unknown,2.1
B05363,C0079,D0004,2026-01-31 21:43:00,Banjara Hills,Madhapur,Hyderabad,Cab,UPI,2.37,7.4,123.18,1.38,High,Clear,Cancelled,Customer,12.9
B05364,C0399,D0058,2026-02-26 16:52:00,Whitefield,Indiranagar,Bengaluru,Auto,Card,1.49,2.8,73.41,1.07,Low,Clear,Cancelled,Customer,11.2
B05365,C0090,D0049,2026-03-05 15:54:00,Electronic City,Koramangala,Bengaluru,Auto,Cash,11.67,37.9,165.03,1.41,High,Clear,Incomplete,Unknown,2.8
B05366,C0101,D0147,2026-03-03 18:53:00,Wakad,Viman Nagar,Pune,Bike,UPI,4.89,13.9,69.34,1.5,Medium,Cloudy,Cancelled,Driver,6.3
B05367,C0326,D0007,2026-02-14 10:34:00,Rohini,Connaught Place,Delhi,Auto,UPI,4.86,9.0,103.74,1.28,Low,Rain,Completed,Unknown,0.0
B05368,C0303,D0134,2026-03-22 10:07:00,Viman Nagar,Baner,Pune,Auto,Cash,3.16,7.0,88.44,1.03,Low,Clear,Cancelled,Customer,5.9
B05369,C0043,D0131,2026-01-29 22:28:00,Electronic City,HSR Layout,Bengaluru,Auto,UPI,3.7,6.4,93.3,1.02,Low,Cloudy,Completed,Unknown,0.0
B05370,C0214,D0073,2026-02-26 09:54:00,Gachibowli,Banjara Hills,Hyderabad,Auto,Card,3.98,12.1,95.82,1.83,High,Clear,Completed,Unknown,6.0
B05371,C0367,D0107,2026-02-23 17:03:00,Whitefield,Marathahalli,Bengaluru,Cab,Cash,7.02,26.7,188.28,1.81,High,Clear,Completed,Unknown,5.4
B05372,C0163,D0071,2026-01-23 20:32:00,Kharadi,Wakad,Pune,Cab,Cash,2.29,7.1,122.06,1.44,High,Cloudy,Completed,Unknown,5.6
B05373,C0186,D0076,2026-02-05 10:05:00,Lajpat Nagar,Karol Bagh,Delhi,Cab,Card,2.66,8.0,127.24,1.38,High,Clear,Incomplete,Unknown,1.6
B05374,C0283,D0102,2026-01-08 10:16:00,Kharadi,Kothrud,Pune,Auto,UPI,1.23,2.8,71.07,1.07,Low,Cloudy,Completed,Unknown,2.9
B05375,C0071,D0093,2026-03-04 06:49:00,Hinjewadi,Viman Nagar,Pune,Cab,Cash,14.48,33.1,292.72,1.06,Low,Clear,Completed,Unknown,1.0
B05376,C0185,D0007,2026-01-18 05:33:00,Marathahalli,Koramangala,Bengaluru,Bike,Cash,19.06,51.2,154.36,1.29,Medium,Rain,Completed,Unknown,0.0
B05377,C0097,D0114,2026-01-05 18:12:00,Marathahalli,Indiranagar,Bengaluru,Auto,Card,8.52,24.8,136.68,1.46,Medium,Clear,Completed,Unknown,6.6
B05378,C0078,D0071,2026-03-11 11:14:00,MG Road,Indiranagar,Bengaluru,Bike,UPI,4.31,9.0,65.86,1.11,Low,Cloudy,Completed,Unknown,1.3
B05379,C0386,D0144,2026-03-22 04:16:00,Indiranagar,Jayanagar,Bengaluru,Cab,UPI,4.6,10.5,154.4,1.03,Low,Clear,Completed,Unknown,5.0
B05380,C0313,D0039,2026-03-23 01:35:00,Viman Nagar,Kothrud,Pune,Auto,Card,10.65,24.0,155.85,1.15,Medium,Cloudy,Completed,Unknown,6.8
B05381,C0136,D0031,2026-03-08 07:05:00,Banjara Hills,Kukatpally,Hyderabad,Cab,Cash,1.89,5.3,116.46,1.45,Medium,Clear,Completed,Unknown,5.6
B05382,C0175,D0019,2026-01-03 10:41:00,Gachibowli,Madhapur,Hyderabad,Bike,Cash,6.04,15.3,76.24,1.01,Medium,Smog,Completed,Unknown,10.5
B05383,C0063,D0119,2026-01-28 18:04:00,Borivali,Chembur,Mumbai,Auto,Cash,3.6,7.9,92.4,1.42,Low,Cloudy,Cancelled,Driver,12.4
B05384,C0084,D0121,2026-01-23 19:34:00,Gachibowli,Madhapur,Hyderabad,Cab,Card,15.11,34.2,301.54,1.48,Medium,Cloudy,Completed,Unknown,0.0
B05385,C0315,D0071,2026-03-01 02:43:00,Banjara Hills,Madhapur,Hyderabad,Bike,Card,40.45,94.7,282.7,1.07,Medium,Clear,Cancelled,Customer,1.8
B05386,C0175,D0120,2026-01-21 23:13:00,Kothrud,Baner,Pune,Cab,UPI,1.92,5.2,116.88,1.01,Medium,Cloudy,Completed,Unknown,1.8
B05387,C0279,D0108,2026-03-28 19:58:00,HSR Layout,Marathahalli,Bengaluru,Auto,UPI,3.91,9.2,95.19,1.51,Medium,Clear,Completed,Unknown,4.3
B05388,C0392,D0068,2026-02-02 08:19:00,Secunderabad,Banjara Hills,Hyderabad,Bike,UPI,1.51,3.3,49.06,1.46,Medium,Clear,Completed,Unknown,5.6
B05389,C0303,D0094,2026-03-25 19:21:00,Karol Bagh,Lajpat Nagar,Delhi,Bike,Card,6.4,18.1,78.4,1.46,Medium,Cloudy,Completed,Unknown,9.3
B05390,C0081,D0134,2026-02-25 14:06:00,Ameerpet,Kukatpally,Hyderabad,Auto,Card,15.07,31.3,195.63,1.04,Low,Clear,Cancelled,Customer,0.0
B05391,C0039,D0005,2026-01-24 19:36:00,Dadar,Andheri,Mumbai,Bike,UPI,1.36,4.6,48.16,2.04,High,Rain,Incomplete,Unknown,7.9
B05392,C0212,D0050,2026-03-06 02:16:00,Pitampura,Karol Bagh,Delhi,Auto,Cash,1.22,2.8,70.98,1.1,Low,Clear,Cancelled,Customer,3.8
B05393,C0108,D0134,2026-01-21 19:32:00,Andheri,Malad,Mumbai,Bike,Cash,14.36,46.5,126.16,1.96,High,Rain,Cancelled,Customer,2.7
B05394,C0373,D0098,2026-01-25 08:10:00,Powai,Borivali,Mumbai,Auto,UPI,15.19,57.8,196.71,1.82,High,Clear,Incomplete,Unknown,1.4
B05395,C0352,D0004,2026-03-26 15:17:00,Viman Nagar,Kharadi,Pune,Bike,UPI,6.65,15.3,79.9,1.08,Low,Clear,Completed,Unknown,10.3
B05396,C0346,D0026,2026-01-04 00:59:00,Banjara Hills,Madhapur,Hyderabad,Auto,UPI,16.31,27.3,206.79,1.02,Low,Cloudy,Completed,Unknown,1.4
B05397,C0046,D0044,2026-01-28 14:40:00,MG Road,Koramangala,Bengaluru,Auto,Wallet,20.78,77.4,247.02,1.36,High,Clear,Cancelled,Customer,6.4
B05398,C0195,D0076,2026-02-24 21:59:00,Wakad,Kothrud,Pune,Auto,Wallet,9.33,17.5,143.97,1.08,Low,Clear,Completed,Unknown,0.0
B05399,C0098,D0084,2026-03-13 06:40:00,Janakpuri,Pitampura,Delhi,Bike,UPI,1.07,1.7,46.42,1.03,Low,Clear,Completed,Unknown,7.6
B05400,C0282,D0083,2026-01-21 18:35:00,Viman Nagar,Kharadi,Pune,Bike,Cash,11.79,27.7,110.74,1.52,Medium,Smog,Completed,Unknown,0.0
B05401,C0186,D0008,2026-03-11 08:01:00,Gachibowli,Ameerpet,Hyderabad,Auto,Cash,6.18,18.0,115.62,1.53,Medium,Clear,Completed,Unknown,7.8
B05402,C0063,D0005,2026-02-04 13:01:00,Viman Nagar,Kharadi,Pune,Auto,UPI,3.33,5.9,89.97,1.25,Low,Rain,Completed,Unknown,13.1
B05403,C0264,D0115,2026-01-10 15:33:00,Kukatpally,Secunderabad,Hyderabad,Auto,Wallet,2.07,4.8,78.63,1.03,Low,Clear,Completed,Unknown,2.2
B05404,C0202,D0101,2026-02-09 19:04:00,Marathahalli,Koramangala,Bengaluru,Auto,Cash,4.16,15.8,97.44,1.76,High,Clear,Completed,Unknown,13.6
B05405,C0232,D0050,2026-02-15 05:19:00,Hinjewadi,Kharadi,Pune,Bike,UPI,3.2,5.7,59.2,1.14,Low,Clear,Completed,Unknown,4.1
B05406,C0387,D0113,2026-03-26 16:04:00,Jayanagar,Electronic City,Bengaluru,Cab,Card,2.75,5.0,128.5,1.06,Low,Clear,Completed,Unknown,3.8
B05407,C0043,D0102,2026-02-27 19:32:00,Koramangala,Marathahalli,Bengaluru,Cab,Cash,9.03,21.2,216.42,1.45,Low,Clear,Completed,Unknown,0.0
B05408,C0212,D0050,2026-03-06 00:38:00,Malad,Colaba,Mumbai,Auto,UPI,2.24,4.9,80.16,1.03,Low,Cloudy,Completed,Unknown,2.3
B05409,C0192,D0060,2026-03-24 12:11:00,Marathahalli,Electronic City,Bengaluru,Bike,Cash,1.28,3.5,47.68,1.03,Medium,Cloudy,Completed,Unknown,0.0
B05410,C0303,D0068,2026-01-31 13:08:00,Secunderabad,Banjara Hills,Hyderabad,Cab,UPI,4.0,8.9,146.0,1.02,Low,Clear,Cancelled,Driver,0.0
B05411,C0264,D0089,2026-01-24 01:09:00,Lajpat Nagar,Dwarka,Delhi,Bike,UPI,7.75,21.5,86.5,1.28,Medium,Rain,Completed,Unknown,6.2
B05412,C0380,D0022,2026-01-18 22:58:00,Madhapur,Secunderabad,Hyderabad,Bike,UPI,4.0,11.1,64.0,1.14,Medium,Clear,Cancelled,Customer,3.4
B05413,C0217,D0068,2026-03-15 01:09:00,Malad,Dadar,Mumbai,Cab,Cash,4.99,10.4,159.86,1.04,Low,Clear,Completed,Unknown,4.0
B05414,C0022,D0077,2026-01-20 11:28:00,Kharadi,Hinjewadi,Pune,Auto,UPI,7.86,15.4,130.74,1.0,Low,Cloudy,Completed,Unknown,3.9
B05415,C0234,D0085,2026-02-21 15:43:00,Madhapur,Secunderabad,Hyderabad,Auto,UPI,4.66,9.4,101.94,1.01,Low,Cloudy,Completed,Unknown,5.7
B05416,C0308,D0077,2026-02-01 11:14:00,Rohini,Dwarka,Delhi,Cab,Cash,7.96,23.5,201.44,1.38,High,Clear,Incomplete,Unknown,2.1
B05417,C0087,D0036,2026-02-18 05:02:00,Chembur,Andheri,Mumbai,Auto,Card,4.35,13.2,99.15,1.45,High,Cloudy,Cancelled,Customer,3.7
B05418,C0263,D0049,2026-02-04 07:45:00,Kukatpally,Secunderabad,Hyderabad,Auto,UPI,10.21,19.4,151.89,1.53,Low,Clear,Cancelled,Customer,8.7
B05419,C0023,D0123,2026-01-15 11:28:00,Kharadi,Hinjewadi,Pune,Auto,Cash,4.67,17.7,102.03,1.38,High,Clear,Completed,Unknown,7.7
B05420,C0398,D0085,2026-01-09 06:53:00,Pitampura,Dwarka,Delhi,Cab,Card,7.78,21.3,198.92,1.13,Medium,Clear,Cancelled,Customer,0.9
B05421,C0388,D0083,2026-03-15 05:29:00,Noida Sector 18,Lajpat Nagar,Delhi,Auto,Wallet,1.84,3.4,76.56,1.0,Low,Clear,Completed,Unknown,0.0
B05422,C0197,D0051,2026-02-05 13:43:00,Viman Nagar,Kharadi,Pune,Auto,UPI,1.89,3.4,77.01,1.02,Low,Clear,Completed,Unknown,6.4
B05423,C0290,D0131,2026-02-15 12:28:00,Powai,Borivali,Mumbai,Auto,UPI,2.21,5.9,79.89,1.05,Medium,Cloudy,Cancelled,Driver,3.2
B05424,C0220,D0141,2026-02-09 14:58:00,Chembur,Andheri,Mumbai,Auto,Cash,5.65,12.1,110.85,1.02,Low,Clear,Incomplete,Unknown,0.0
B05425,C0259,D0002,2026-02-13 17:47:00,Baner,Kharadi,Pune,Auto,Card,14.79,41.3,193.11,1.77,High,Cloudy,Completed,Unknown,6.4
B05426,C0266,D0008,2026-03-02 16:08:00,Dadar,Colaba,Mumbai,Cab,Card,4.86,9.7,158.04,1.1,Low,Cloudy,Cancelled,Driver,5.4
B05427,C0169,D0045,2026-02-22 11:44:00,Kothrud,Viman Nagar,Pune,Bike,UPI,16.21,40.9,137.26,1.32,Medium,Rain,Completed,Unknown,1.9
B05428,C0351,D0068,2026-03-10 15:08:00,Dadar,Borivali,Mumbai,Cab,UPI,5.65,12.6,169.1,1.09,Medium,Smog,Completed,Unknown,2.3
B05429,C0051,D0066,2026-01-15 01:32:00,Marathahalli,MG Road,Bengaluru,Cab,UPI,6.88,19.8,186.32,1.09,Medium,Clear,Incomplete,Unknown,7.3
B05430,C0052,D0137,2026-03-24 00:25:00,Electronic City,Jayanagar,Bengaluru,Cab,Card,7.0,15.3,188.0,1.11,Low,Clear,Incomplete,Unknown,4.7
B05431,C0362,D0040,2026-02-25 18:47:00,Viman Nagar,Wakad,Pune,Auto,UPI,10.57,31.0,155.13,1.79,High,Smog,Completed,Unknown,1.9
B05432,C0256,D0125,2026-02-23 01:59:00,Indiranagar,Whitefield,Bengaluru,Bike,Card,6.3,14.2,77.8,1.11,Low,Cloudy,Completed,Unknown,9.6
B05433,C0345,D0060,2026-03-13 15:32:00,Baner,Hinjewadi,Pune,Bike,Wallet,6.09,11.5,76.54,1.22,Low,Rain,Completed,Unknown,0.0
B05434,C0323,D0004,2026-01-26 16:02:00,Kukatpally,Ameerpet,Hyderabad,Auto,UPI,5.34,11.8,108.06,1.1,Medium,Clear,Completed,Unknown,13.6
B05435,C0102,D0113,2026-03-15 12:29:00,Electronic City,Koramangala,Bengaluru,Bike,Card,3.38,6.2,60.28,1.06,Low,Smog,Cancelled,Customer,4.5
B05436,C0038,D0128,2026-02-01 06:05:00,Banjara Hills,Ameerpet,Hyderabad,Bike,UPI,26.49,58.6,198.94,1.12,Low,Cloudy,Completed,Unknown,1.0
B05437,C0299,D0104,2026-02-11 04:30:00,Banjara Hills,Secunderabad,Hyderabad,Bike,UPI,3.61,8.4,61.66,1.09,Medium,Clear,Completed,Unknown,1.2
B05438,C0029,D0102,2026-03-22 11:43:00,Saket,Janakpuri,Delhi,Cab,Card,24.41,54.6,431.74,1.1,Low,Cloudy,Completed,Unknown,3.0
B05439,C0301,D0114,2026-02-13 01:11:00,Powai,Bandra,Mumbai,Bike,Card,3.45,8.4,60.7,1.11,Medium,Clear,Completed,Unknown,1.8
B05440,C0039,D0041,2026-02-04 23:06:00,Borivali,Dadar,Mumbai,Cab,UPI,16.92,46.4,326.88,1.15,Medium,Clear,Incomplete,Unknown,0.8
B05441,C0381,D0126,2026-03-03 23:48:00,Ameerpet,Secunderabad,Hyderabad,Bike,UPI,10.17,36.2,101.02,1.33,High,Clear,Completed,Unknown,6.0
B05442,C0123,D0099,2026-02-05 18:58:00,Karol Bagh,Noida Sector 18,Delhi,Bike,UPI,8.65,26.6,91.9,1.82,High,Clear,Cancelled,Customer,8.0
B05443,C0084,D0030,2026-03-11 19:19:00,Noida Sector 18,Connaught Place,Delhi,Cab,Card,1.41,5.1,109.74,1.8,High,Clear,Completed,Unknown,0.5
B05444,C0364,D0012,2026-03-07 20:27:00,Indiranagar,Whitefield,Bengaluru,Auto,Cash,1.09,2.4,69.81,1.08,Low,Clear,Completed,Unknown,0.0
B05445,C0381,D0030,2026-02-13 16:47:00,Noida Sector 18,Karol Bagh,Delhi,Auto,UPI,2.59,5.3,83.31,1.12,Low,Clear,Completed,Unknown,2.1
B05446,C0284,D0044,2026-02-28 12:40:00,Kothrud,Viman Nagar,Pune,Cab,Wallet,1.67,4.8,113.38,1.13,Medium,Cloudy,Completed,Unknown,4.2
B05447,C0390,D0031,2026-03-16 17:50:00,Noida Sector 18,Dwarka,Delhi,Auto,Cash,3.48,10.7,91.32,1.93,High,Rain,Cancelled,Driver,2.3
B05448,C0122,D0094,2026-02-09 11:35:00,Electronic City,Whitefield,Bengaluru,Cab,Wallet,2.12,3.6,119.68,1.35,Low,Rain,Cancelled,Customer,11.2
B05449,C0183,D0128,2026-01-10 05:58:00,Whitefield,Jayanagar,Bengaluru,Cab,UPI,13.77,31.1,282.78,1.03,Low,Clear,Completed,Unknown,2.6
B05450,C0078,D0125,2026-01-18 16:24:00,Dwarka,Karol Bagh,Delhi,Cab,Wallet,6.09,11.9,175.26,1.04,Low,Clear,Completed,Unknown,2.6
B05451,C0247,D0080,2026-01-11 15:43:00,Marathahalli,Jayanagar,Bengaluru,Bike,Cash,1.92,5.6,51.52,1.1,Medium,Clear,Completed,Unknown,0.0
B05452,C0034,D0144,2026-03-07 11:20:00,Dadar,Bandra,Mumbai,Cab,UPI,19.34,36.1,360.76,1.08,Low,Clear,Completed,Unknown,6.5
B05453,C0196,D0128,2026-01-19 16:18:00,Colaba,Dadar,Mumbai,Bike,UPI,17.2,51.4,143.2,1.02,Medium,Clear,Completed,Unknown,1.2
B05454,C0369,D0074,2026-03-02 09:26:00,Borivali,Andheri,Mumbai,Auto,Card,4.14,7.9,97.26,1.41,Low,Cloudy,Completed,Unknown,6.3
B05455,C0082,D0114,2026-01-12 14:06:00,Whitefield,Jayanagar,Bengaluru,Cab,Cash,7.26,25.7,191.64,1.6,High,Rain,Completed,Unknown,0.9
B05456,C0366,D0094,2026-03-06 07:19:00,Marathahalli,Indiranagar,Bengaluru,Bike,UPI,22.92,64.8,177.52,1.99,High,Rain,Completed,Unknown,10.3
B05457,C0320,D0008,2026-02-02 21:37:00,Madhapur,Ameerpet,Hyderabad,Bike,UPI,5.34,11.3,72.04,1.06,Low,Clear,Completed,Unknown,9.4
B05458,C0381,D0143,2026-03-11 17:19:00,Kothrud,Wakad,Pune,Auto,Cash,2.08,6.2,78.72,1.78,High,Cloudy,Completed,Unknown,2.0
B05459,C0376,D0137,2026-03-19 16:37:00,Indiranagar,Marathahalli,Bengaluru,Cab,UPI,7.86,24.2,200.04,1.13,Medium,Cloudy,Completed,Unknown,0.0
B05460,C0187,D0046,2026-02-13 09:07:00,Koramangala,Jayanagar,Bengaluru,Bike,Card,10.47,25.0,102.82,1.48,Medium,Clear,Completed,Unknown,1.3
B05461,C0158,D0136,2026-03-20 08:17:00,Marathahalli,Indiranagar,Bengaluru,Cab,UPI,7.64,16.2,196.96,1.5,Low,Clear,Completed,Unknown,1.4
B05462,C0163,D0060,2026-03-14 20:13:00,Baner,Wakad,Pune,Cab,Cash,4.52,10.5,153.28,1.06,Medium,Cloudy,Cancelled,Customer,2.6
B05463,C0067,D0002,2026-03-12 10:19:00,Lajpat Nagar,Janakpuri,Delhi,Auto,UPI,7.44,24.7,126.96,1.33,High,Cloudy,Incomplete,Unknown,11.8
B05464,C0260,D0074,2026-01-28 03:51:00,Powai,Colaba,Mumbai,Bike,UPI,1.66,3.7,49.96,1.14,Medium,Cloudy,Completed,Unknown,4.5
B05465,C0255,D0121,2026-02-25 13:36:00,Kharadi,Kothrud,Pune,Cab,UPI,4.42,14.6,151.88,1.59,High,Rain,Completed,Unknown,6.8
B05466,C0390,D0074,2026-03-21 15:41:00,Powai,Andheri,Mumbai,Cab,Card,4.31,11.9,150.34,1.09,Medium,Clear,Completed,Unknown,3.4
B05467,C0006,D0094,2026-02-14 06:38:00,Malad,Powai,Mumbai,Auto,Wallet,4.55,9.7,100.95,1.05,Low,Cloudy,Incomplete,Unknown,6.7
B05468,C0113,D0051,2026-01-15 20:31:00,Hinjewadi,Viman Nagar,Pune,Bike,UPI,9.39,24.9,96.34,1.03,Medium,Clear,Completed,Unknown,3.1
B05469,C0284,D0084,2026-01-16 20:49:00,Malad,Colaba,Mumbai,Auto,UPI,14.45,39.9,190.05,1.06,Medium,Clear,Completed,Unknown,0.6
B05470,C0308,D0090,2026-01-07 22:20:00,Indiranagar,Jayanagar,Bengaluru,Auto,Card,8.76,22.7,138.84,1.12,Medium,Clear,Cancelled,Customer,2.0
B05471,C0105,D0001,2026-03-13 05:08:00,Hinjewadi,Kothrud,Pune,Cab,UPI,1.02,2.3,104.28,1.14,Low,Cloudy,Completed,Unknown,3.1
B05472,C0345,D0098,2026-03-31 06:13:00,Pitampura,Lajpat Nagar,Delhi,Auto,Card,4.17,12.9,97.53,1.04,Medium,Clear,Completed,Unknown,3.5
B05473,C0003,D0129,2026-01-08 05:02:00,Koramangala,Marathahalli,Bengaluru,Auto,Cash,15.21,44.5,196.89,1.36,High,Cloudy,Cancelled,Customer,2.0
B05474,C0188,D0036,2026-01-29 12:07:00,Electronic City,Whitefield,Bengaluru,Auto,UPI,2.47,4.7,82.23,1.04,Low,Cloudy,Completed,Unknown,0.0
B05475,C0217,D0102,2026-02-19 12:16:00,Dwarka,Rohini,Delhi,Cab,Card,8.61,19.6,210.54,1.08,Low,Cloudy,Completed,Unknown,3.6
B05476,C0002,D0067,2026-01-08 05:18:00,Andheri,Dadar,Mumbai,Auto,UPI,3.23,9.2,89.07,1.32,High,Cloudy,Completed,Unknown,0.9
B05477,C0104,D0031,2026-03-10 00:18:00,Indiranagar,Koramangala,Bengaluru,Auto,UPI,16.73,63.9,210.57,1.4,High,Cloudy,Completed,Unknown,4.8
B05478,C0365,D0006,2026-02-10 03:38:00,Hinjewadi,Kothrud,Pune,Cab,UPI,2.92,6.3,130.88,1.24,Low,Rain,Completed,Unknown,4.6
B05479,C0097,D0133,2026-01-19 09:37:00,Baner,Viman Nagar,Pune,Cab,UPI,2.73,4.5,128.22,1.49,Low,Clear,Completed,Unknown,6.7
B05480,C0167,D0134,2026-01-16 10:55:00,MG Road,Marathahalli,Bengaluru,Bike,UPI,4.65,11.3,67.9,1.04,Medium,Clear,Completed,Unknown,6.1
B05481,C0273,D0093,2026-03-17 21:38:00,Malad,Bandra,Mumbai,Cab,UPI,16.28,37.7,317.92,1.11,Low,Clear,Completed,Unknown,11.0
B05482,C0335,D0037,2026-01-24 05:21:00,Madhapur,Secunderabad,Hyderabad,Bike,UPI,7.75,14.6,86.5,1.03,Low,Clear,Incomplete,Unknown,5.2
B05483,C0171,D0003,2026-01-24 08:36:00,Janakpuri,Lajpat Nagar,Delhi,Bike,UPI,1.91,5.3,51.46,1.84,High,Clear,Completed,Unknown,8.4
B05484,C0083,D0126,2026-02-25 03:29:00,Malad,Colaba,Mumbai,Cab,Wallet,4.14,9.9,147.96,1.01,Medium,Clear,Completed,Unknown,5.2
B05485,C0059,D0078,2026-03-31 08:22:00,Kharadi,Viman Nagar,Pune,Auto,UPI,1.78,6.4,76.02,1.84,High,Cloudy,Completed,Unknown,11.0
B05486,C0285,D0006,2026-01-24 23:33:00,Connaught Place,Saket,Delhi,Cab,UPI,3.58,11.1,140.12,1.4,High,Smog,Completed,Unknown,7.4
B05487,C0063,D0034,2026-03-27 01:40:00,Secunderabad,Banjara Hills,Hyderabad,Auto,UPI,4.89,15.8,104.01,1.65,High,Rain,Completed,Unknown,12.8
B05488,C0056,D0060,2026-01-25 16:18:00,Hauz Khas,Rohini,Delhi,Cab,Cash,6.05,13.5,174.7,1.11,Low,Clear,Completed,Unknown,1.1
B05489,C0083,D0089,2026-03-03 14:05:00,Electronic City,Marathahalli,Bengaluru,Bike,Card,5.56,9.2,73.36,1.05,Low,Cloudy,Cancelled,Customer,0.0
B05490,C0024,D0071,2026-02-15 01:00:00,Dwarka,Noida Sector 18,Delhi,Cab,Cash,1.71,3.0,113.94,1.12,Low,Clear,Completed,Unknown,1.3
B05491,C0047,D0124,2026-02-09 21:05:00,Viman Nagar,Kharadi,Pune,Bike,UPI,6.34,25.8,78.04,1.43,High,Smog,Cancelled,Customer,5.6
B05492,C0279,D0130,2026-01-07 14:57:00,Pitampura,Karol Bagh,Delhi,Auto,UPI,4.56,9.9,101.04,1.28,Low,Rain,Completed,Unknown,0.0
B05493,C0062,D0039,2026-02-12 23:45:00,Baner,Wakad,Pune,Cab,UPI,4.69,11.8,155.66,1.11,Medium,Clear,Completed,Unknown,3.7
B05494,C0380,D0083,2026-03-19 06:30:00,Kothrud,Wakad,Pune,Auto,UPI,1.42,3.1,72.78,1.1,Medium,Cloudy,Cancelled,Driver,0.3
B05495,C0381,D0125,2026-01-08 07:42:00,Kukatpally,Banjara Hills,Hyderabad,Auto,UPI,11.47,25.1,163.23,1.54,Low,Clear,Completed,Unknown,3.6
B05496,C0141,D0006,2026-02-24 10:31:00,Bandra,Colaba,Mumbai,Cab,UPI,5.0,9.0,160.0,1.06,Low,Clear,Completed,Unknown,6.0
B05497,C0253,D0134,2026-03-01 21:06:00,Dadar,Borivali,Mumbai,Bike,Cash,6.65,23.4,79.9,1.39,High,Clear,Completed,Unknown,0.7
B05498,C0020,D0095,2026-02-27 12:01:00,Electronic City,Marathahalli,Bengaluru,Auto,Card,9.63,22.7,146.67,1.01,Low,Clear,Completed,Unknown,0.4
B05499,C0141,D0018,2026-01-27 19:49:00,Madhapur,Banjara Hills,Hyderabad,Auto,Card,2.33,7.0,80.97,1.75,High,Clear,Completed,Unknown,2.7
B05500,C0398,D0126,2026-01-29 00:49:00,Kukatpally,Gachibowli,Hyderabad,Auto,UPI,1.64,4.6,74.76,1.34,Medium,Rain,Completed,Unknown,11.1
B05501,C0335,D0131,2026-02-14 12:53:00,Secunderabad,Kukatpally,Hyderabad,Cab,Card,4.48,13.5,152.72,1.01,Medium,Smog,Cancelled,Driver,4.6
B05502,C0083,D0031,2026-01-15 05:24:00,Gachibowli,Secunderabad,Hyderabad,Bike,Wallet,22.73,48.5,176.38,1.08,Low,Clear,Completed,Unknown,2.8
B05503,C0297,D0056,2026-03-10 22:18:00,Noida Sector 18,Rohini,Delhi,Cab,Card,3.51,8.4,139.14,1.08,Medium,Clear,Cancelled,Customer,5.6
B05504,C0350,D0001,2026-01-28 10:33:00,Viman Nagar,Baner,Pune,Bike,UPI,3.99,6.5,63.94,1.03,Low,Clear,Completed,Unknown,0.6
B05505,C0010,D0078,2026-02-10 01:43:00,Dadar,Colaba,Mumbai,Bike,Cash,8.34,15.3,90.04,1.09,Low,Cloudy,Completed,Unknown,3.7
B05506,C0136,D0056,2026-03-10 16:32:00,Saket,Dwarka,Delhi,Bike,UPI,4.58,11.6,67.48,1.27,Medium,Rain,Incomplete,Unknown,6.5
B05507,C0159,D0139,2026-03-08 23:30:00,Saket,Janakpuri,Delhi,Bike,Cash,1.79,5.1,50.74,1.13,Medium,Cloudy,Completed,Unknown,0.0
B05508,C0353,D0125,2026-03-20 16:15:00,Dadar,Andheri,Mumbai,Bike,Card,7.58,17.3,85.48,1.1,Low,Smog,Completed,Unknown,7.6
B05509,C0341,D0133,2026-02-04 01:49:00,Indiranagar,Koramangala,Bengaluru,Cab,Wallet,3.75,13.1,142.5,1.3,High,Smog,Cancelled,Customer,8.0
B05510,C0101,D0109,2026-01-23 01:42:00,Kharadi,Wakad,Pune,Auto,Wallet,10.07,21.0,150.63,1.26,Low,Rain,Completed,Unknown,0.0
B05511,C0116,D0041,2026-03-01 17:28:00,Connaught Place,Rohini,Delhi,Bike,UPI,7.97,29.8,87.82,1.76,High,Clear,Completed,Unknown,6.0
B05512,C0376,D0008,2026-03-06 06:29:00,Marathahalli,Whitefield,Bengaluru,Bike,UPI,14.4,29.4,126.4,1.1,Low,Clear,Completed,Unknown,5.7
B05513,C0326,D0099,2026-01-03 07:41:00,Kharadi,Kothrud,Pune,Auto,UPI,7.47,26.5,127.23,1.71,High,Clear,Completed,Unknown,5.8
B05514,C0400,D0027,2026-02-08 01:26:00,Andheri,Bandra,Mumbai,Bike,UPI,5.32,11.8,71.92,1.11,Medium,Clear,Completed,Unknown,1.7
B05515,C0224,D0067,2026-02-18 13:58:00,Kothrud,Hinjewadi,Pune,Auto,Wallet,1.8,3.2,76.2,1.03,Low,Clear,Cancelled,Customer,0.0
B05516,C0058,D0089,2026-02-25 22:09:00,Dadar,Bandra,Mumbai,Bike,UPI,1.87,4.8,51.22,1.14,Medium,Clear,Cancelled,Customer,4.6
B05517,C0142,D0131,2026-01-24 20:27:00,Janakpuri,Hauz Khas,Delhi,Bike,Cash,1.16,3.1,46.96,1.03,Medium,Clear,Completed,Unknown,0.0
B05518,C0123,D0102,2026-03-22 12:30:00,Janakpuri,Saket,Delhi,Cab,Wallet,1.85,3.5,115.9,1.04,Low,Clear,Completed,Unknown,0.0
B05519,C0130,D0050,2026-02-10 02:10:00,MG Road,Electronic City,Bengaluru,Auto,Card,4.14,9.2,97.26,1.1,Low,Clear,Completed,Unknown,1.6
B05520,C0166,D0077,2026-03-31 20:44:00,Kothrud,Hinjewadi,Pune,Bike,UPI,10.88,20.7,105.28,1.12,Low,Clear,Completed,Unknown,2.5
B05521,C0328,D0001,2026-03-29 01:32:00,Madhapur,Gachibowli,Hyderabad,Cab,Cash,2.5,5.4,125.0,1.06,Low,Clear,Cancelled,Driver,3.2
B05522,C0093,D0050,2026-01-13 05:37:00,MG Road,Marathahalli,Bengaluru,Cab,Card,2.65,5.5,127.1,1.03,Low,Clear,Completed,Unknown,1.1
B05523,C0388,D0030,2026-02-15 04:25:00,Baner,Viman Nagar,Pune,Auto,UPI,6.01,13.2,114.09,1.09,Low,Cloudy,Completed,Unknown,6.2
B05524,C0018,D0108,2026-01-29 21:01:00,Koramangala,HSR Layout,Bengaluru,Cab,Cash,2.8,8.4,129.2,1.02,Medium,Cloudy,Completed,Unknown,4.9
B05525,C0033,D0095,2026-02-26 16:29:00,Whitefield,MG Road,Bengaluru,Auto,Cash,1.88,4.7,76.92,1.03,Medium,Cloudy,Completed,Unknown,0.0
B05526,C0192,D0124,2026-02-17 22:45:00,Baner,Kothrud,Pune,Auto,Cash,3.34,9.7,90.06,1.36,High,Clear,Completed,Unknown,4.7
B05527,C0245,D0076,2026-02-22 18:23:00,Kothrud,Baner,Pune,Cab,UPI,2.89,5.2,130.46,1.53,Low,Clear,Completed,Unknown,0.0
B05528,C0078,D0128,2026-03-24 22:19:00,Gachibowli,Banjara Hills,Hyderabad,Bike,Card,11.3,24.2,107.8,1.04,Medium,Cloudy,Completed,Unknown,0.0
B05529,C0087,D0073,2026-02-05 17:59:00,Jayanagar,HSR Layout,Bengaluru,Cab,UPI,3.99,13.5,145.86,1.77,High,Clear,Completed,Unknown,3.8
B05530,C0308,D0001,2026-01-19 18:18:00,Wakad,Hinjewadi,Pune,Auto,Wallet,16.96,37.0,212.64,1.52,Low,Clear,Completed,Unknown,1.0
B05531,C0160,D0015,2026-01-09 15:44:00,Colaba,Chembur,Mumbai,Cab,Card,5.46,11.7,166.44,1.1,Low,Clear,Completed,Unknown,0.0
B05532,C0044,D0119,2026-01-04 21:25:00,Kothrud,Baner,Pune,Cab,UPI,6.34,24.4,178.76,1.41,High,Smog,Completed,Unknown,10.5
B05533,C0178,D0140,2026-02-05 18:54:00,Electronic City,MG Road,Bengaluru,Bike,UPI,6.18,19.3,77.08,1.54,Medium,Smog,Cancelled,Customer,0.0
B05534,C0307,D0066,2026-02-23 15:04:00,Jayanagar,MG Road,Bengaluru,Bike,Card,2.62,8.1,55.72,1.12,Medium,Cloudy,Cancelled,Customer,2.3
B05535,C0170,D0031,2026-02-14 22:53:00,Banjara Hills,Secunderabad,Hyderabad,Bike,Card,3.29,8.0,59.74,1.09,Medium,Clear,Completed,Unknown,2.3
B05536,C0379,D0124,2026-03-14 04:14:00,Whitefield,HSR Layout,Bengaluru,Auto,UPI,9.46,19.5,145.14,1.08,Low,Clear,Completed,Unknown,0.6
B05537,C0088,D0072,2026-03-01 06:48:00,Electronic City,Whitefield,Bengaluru,Auto,UPI,1.2,2.0,70.8,1.05,Low,Clear,Completed,Unknown,1.0
B05538,C0390,D0073,2026-02-25 19:19:00,Baner,Kharadi,Pune,Bike,UPI,3.24,6.9,59.44,1.45,Medium,Clear,Completed,Unknown,2.2
B05539,C0264,D0137,2026-02-28 14:52:00,Kharadi,Hinjewadi,Pune,Cab,UPI,1.51,3.3,111.14,1.03,Low,Cloudy,Completed,Unknown,3.3
B05540,C0325,D0105,2026-02-11 11:51:00,Rohini,Noida Sector 18,Delhi,Bike,Cash,1.67,3.9,50.02,1.02,Low,Clear,Completed,Unknown,0.9
B05541,C0180,D0104,2026-02-14 04:55:00,Kothrud,Baner,Pune,Auto,UPI,5.47,12.3,109.23,1.1,Low,Cloudy,Completed,Unknown,0.6
B05542,C0067,D0037,2026-03-27 04:44:00,Noida Sector 18,Pitampura,Delhi,Auto,Cash,2.48,4.9,82.32,1.04,Low,Clear,Completed,Unknown,8.2
B05543,C0049,D0019,2026-01-13 05:00:00,Indiranagar,MG Road,Bengaluru,Cab,UPI,7.98,18.4,201.72,1.08,Medium,Clear,Completed,Unknown,5.5
B05544,C0158,D0131,2026-03-30 08:35:00,Dadar,Powai,Mumbai,Cab,Card,7.8,16.9,199.2,1.69,Medium,Rain,Completed,Unknown,1.0
B05545,C0311,D0017,2026-02-12 02:59:00,Kothrud,Wakad,Pune,Auto,Card,1.72,3.7,75.48,1.27,Medium,Rain,Cancelled,Customer,8.5
B05546,C0092,D0085,2026-03-26 17:30:00,Whitefield,MG Road,Bengaluru,Bike,Card,1.97,6.0,51.82,1.81,High,Cloudy,Completed,Unknown,2.7
B05547,C0255,D0138,2026-01-12 05:12:00,Marathahalli,Indiranagar,Bengaluru,Bike,UPI,10.17,19.6,101.02,1.05,Low,Clear,Completed,Unknown,4.2
B05548,C0157,D0069,2026-03-23 10:03:00,Powai,Dadar,Mumbai,Auto,UPI,9.08,19.5,141.72,1.13,Medium,Clear,Completed,Unknown,9.1
B05549,C0381,D0118,2026-01-19 15:52:00,Secunderabad,Kukatpally,Hyderabad,Bike,UPI,5.69,10.7,74.14,1.11,Low,Clear,Incomplete,Unknown,8.4
B05550,C0192,D0007,2026-01-05 19:50:00,Kharadi,Hinjewadi,Pune,Cab,Cash,2.33,5.4,122.62,1.45,Medium,Clear,Completed,Unknown,0.0
B05551,C0033,D0109,2026-01-01 14:07:00,Whitefield,Electronic City,Bengaluru,Auto,Cash,4.78,9.2,103.02,1.02,Low,Clear,Completed,Unknown,0.6
B05552,C0209,D0092,2026-03-23 06:26:00,Powai,Malad,Mumbai,Cab,UPI,14.16,25.6,288.24,1.01,Low,Clear,Cancelled,Customer,2.5
B05553,C0089,D0087,2026-03-16 15:22:00,Malad,Andheri,Mumbai,Cab,Wallet,23.09,49.4,413.26,1.26,Low,Rain,Completed,Unknown,13.8
B05554,C0105,D0074,2026-01-07 01:29:00,Jayanagar,HSR Layout,Bengaluru,Bike,Card,9.49,16.0,96.94,1.14,Low,Clear,Cancelled,Customer,9.7
B05555,C0274,D0084,2026-01-15 13:23:00,Hinjewadi,Wakad,Pune,Bike,UPI,3.82,11.1,62.92,1.0,Medium,Cloudy,Completed,Unknown,0.6
B05556,C0002,D0008,2026-02-20 18:31:00,Hinjewadi,Viman Nagar,Pune,Cab,UPI,4.09,11.3,147.26,1.71,High,Smog,Cancelled,Customer,6.5
B05557,C0320,D0120,2026-01-18 06:28:00,Whitefield,Indiranagar,Bengaluru,Bike,Cash,1.18,2.8,47.08,1.05,Medium,Clear,Completed,Unknown,4.9
B05558,C0356,D0049,2026-01-01 11:29:00,Lajpat Nagar,Noida Sector 18,Delhi,Auto,UPI,12.12,42.8,169.08,1.34,High,Cloudy,Completed,Unknown,12.6
B05559,C0054,D0035,2026-01-10 18:45:00,Connaught Place,Dwarka,Delhi,Auto,UPI,3.24,8.4,89.16,1.67,Medium,Rain,Completed,Unknown,4.3
B05560,C0362,D0087,2026-03-13 01:54:00,Malad,Bandra,Mumbai,Cab,Card,6.43,11.1,180.02,1.21,Low,Rain,Completed,Unknown,7.0
B05561,C0234,D0122,2026-01-07 16:11:00,Malad,Powai,Mumbai,Cab,UPI,1.35,2.8,108.9,1.14,Low,Clear,Completed,Unknown,0.0
B05562,C0346,D0016,2026-02-28 01:21:00,Baner,Viman Nagar,Pune,Bike,Card,2.8,6.0,56.8,1.08,Low,Clear,Completed,Unknown,1.7
B05563,C0119,D0137,2026-01-22 02:03:00,Karol Bagh,Saket,Delhi,Auto,Cash,4.33,12.4,98.97,1.56,High,Rain,Completed,Unknown,6.9
B05564,C0253,D0017,2026-01-11 13:36:00,Indiranagar,MG Road,Bengaluru,Auto,Card,25.9,67.9,293.1,1.01,Medium,Clear,Incomplete,Unknown,4.5
B05565,C0281,D0133,2026-01-21 04:38:00,Malad,Borivali,Mumbai,Cab,UPI,27.27,43.7,471.78,1.22,Low,Rain,Cancelled,Driver,4.3
B05566,C0146,D0003,2026-02-13 01:44:00,MG Road,Marathahalli,Bengaluru,Bike,Wallet,5.07,11.5,70.42,1.01,Medium,Clear,Completed,Unknown,2.6
B05567,C0013,D0017,2026-01-03 21:03:00,Kharadi,Kothrud,Pune,Auto,Card,6.26,19.8,116.34,1.4,High,Clear,Completed,Unknown,10.5
B05568,C0358,D0014,2026-01-09 22:16:00,Hinjewadi,Baner,Pune,Auto,Cash,1.46,3.0,73.14,1.13,Low,Clear,Cancelled,Driver,1.5
B05569,C0157,D0107,2026-03-14 10:41:00,Chembur,Borivali,Mumbai,Bike,Card,4.1,11.1,64.6,1.25,Medium,Rain,Completed,Unknown,1.5
B05570,C0269,D0124,2026-03-30 10:19:00,Chembur,Andheri,Mumbai,Bike,UPI,7.62,18.0,85.72,1.08,Medium,Cloudy,Completed,Unknown,1.4
B05571,C0371,D0095,2026-02-13 22:09:00,Hauz Khas,Janakpuri,Delhi,Bike,Card,1.01,2.2,46.06,1.22,Low,Rain,Completed,Unknown,1.1
B05572,C0264,D0011,2026-01-13 08:28:00,Noida Sector 18,Rohini,Delhi,Bike,Wallet,1.13,2.5,46.78,1.5,Low,Clear,Completed,Unknown,0.0
B05573,C0087,D0142,2026-01-22 00:27:00,Karol Bagh,Janakpuri,Delhi,Bike,UPI,1.62,3.3,49.72,1.03,Low,Clear,Completed,Unknown,0.0
B05574,C0098,D0051,2026-02-13 11:05:00,Noida Sector 18,Saket,Delhi,Bike,Card,1.79,3.2,50.74,1.01,Low,Clear,Completed,Unknown,0.0
B05575,C0092,D0062,2026-01-02 10:06:00,Secunderabad,Madhapur,Hyderabad,Cab,UPI,13.54,39.2,279.56,1.31,Medium,Rain,Incomplete,Unknown,6.6
B05576,C0010,D0147,2026-01-30 03:03:00,Colaba,Chembur,Mumbai,Cab,Cash,3.42,5.8,137.88,1.0,Low,Clear,Completed,Unknown,6.6
B05577,C0077,D0056,2026-02-24 11:12:00,Marathahalli,HSR Layout,Bengaluru,Cab,UPI,2.4,7.3,123.6,1.04,Medium,Smog,Cancelled,Driver,10.2
B05578,C0023,D0143,2026-02-19 20:21:00,Andheri,Powai,Mumbai,Bike,Card,3.09,6.7,58.54,1.14,Low,Clear,Completed,Unknown,0.0
B05579,C0085,D0033,2026-02-03 03:12:00,Gachibowli,Secunderabad,Hyderabad,Bike,UPI,12.4,38.3,114.4,1.02,Medium,Cloudy,Completed,Unknown,0.0
B05580,C0006,D0094,2026-01-02 00:55:00,Janakpuri,Rohini,Delhi,Cab,UPI,22.37,36.2,403.18,1.12,Low,Cloudy,Cancelled,Driver,6.9
B05581,C0176,D0040,2026-02-15 23:13:00,Dadar,Andheri,Mumbai,Auto,UPI,4.69,14.3,102.21,1.07,Medium,Cloudy,Completed,Unknown,3.2
B05582,C0084,D0090,2026-03-11 21:48:00,Noida Sector 18,Pitampura,Delhi,Auto,Cash,4.43,13.7,99.87,1.02,Medium,Clear,Completed,Unknown,0.0
B05583,C0156,D0023,2026-01-22 13:10:00,Ameerpet,Kukatpally,Hyderabad,Cab,UPI,3.57,8.1,139.98,1.27,Medium,Rain,Completed,Unknown,5.7
B05584,C0090,D0087,2026-02-27 23:12:00,Dwarka,Karol Bagh,Delhi,Bike,UPI,5.91,11.8,75.46,1.01,Low,Clear,Cancelled,Driver,10.3
B05585,C0060,D0093,2026-03-31 01:39:00,Borivali,Colaba,Mumbai,Cab,UPI,6.87,11.5,186.18,1.12,Low,Smog,Completed,Unknown,10.2
B05586,C0390,D0068,2026-02-04 23:56:00,Bandra,Chembur,Mumbai,Bike,UPI,1.04,2.2,46.24,1.09,Low,Smog,Completed,Unknown,3.8
B05587,C0278,D0130,2026-02-26 20:00:00,Janakpuri,Dwarka,Delhi,Cab,Card,3.48,9.9,138.72,1.06,Medium,Cloudy,Completed,Unknown,0.0
B05588,C0021,D0022,2026-01-30 19:34:00,Bandra,Chembur,Mumbai,Bike,Wallet,8.78,31.8,92.68,1.7,High,Clear,Cancelled,Driver,8.1
B05589,C0356,D0026,2026-01-05 16:19:00,Viman Nagar,Hinjewadi,Pune,Auto,Card,7.95,14.4,131.55,1.08,Low,Clear,Completed,Unknown,2.9
B05590,C0219,D0034,2026-02-06 14:42:00,Kothrud,Hinjewadi,Pune,Cab,UPI,1.96,4.9,117.44,1.01,Medium,Smog,Cancelled,Customer,0.0
B05591,C0098,D0054,2026-02-25 10:52:00,HSR Layout,MG Road,Bengaluru,Auto,Card,17.41,44.4,216.69,1.05,Medium,Clear,Incomplete,Unknown,1.9
B05592,C0269,D0074,2026-02-09 04:25:00,Banjara Hills,Ameerpet,Hyderabad,Bike,UPI,1.98,6.7,51.88,1.37,High,Clear,Incomplete,Unknown,0.7
B05593,C0277,D0010,2026-02-21 02:56:00,Malad,Bandra,Mumbai,Auto,Card,3.99,9.1,95.91,1.02,Low,Clear,Completed,Unknown,5.1
B05594,C0345,D0099,2026-02-24 03:00:00,Connaught Place,Lajpat Nagar,Delhi,Auto,UPI,33.32,80.1,359.88,1.01,Medium,Clear,Completed,Unknown,12.7
B05595,C0042,D0126,2026-03-03 22:43:00,Andheri,Powai,Mumbai,Auto,UPI,23.24,49.1,269.16,1.06,Low,Cloudy,Cancelled,Driver,3.7
B05596,C0125,D0027,2026-03-04 11:23:00,Indiranagar,Electronic City,Bengaluru,Cab,UPI,17.07,41.6,328.98,1.14,Medium,Clear,Incomplete,Unknown,2.4
B05597,C0189,D0053,2026-01-11 23:47:00,HSR Layout,MG Road,Bengaluru,Cab,Card,3.25,10.1,135.5,1.45,High,Clear,Completed,Unknown,6.3
B05598,C0157,D0105,2026-03-19 17:56:00,Kukatpally,Madhapur,Hyderabad,Auto,Wallet,9.76,23.2,147.84,1.47,Low,Cloudy,Completed,Unknown,8.7
B05599,C0257,D0079,2026-02-13 07:17:00,Andheri,Malad,Mumbai,Bike,UPI,2.92,6.4,57.52,1.55,Low,Clear,Cancelled,Driver,8.2
B05600,C0103,D0089,2026-03-23 17:52:00,Pitampura,Saket,Delhi,Auto,Wallet,8.55,17.4,136.95,1.5,Low,Clear,Cancelled,Driver,5.4
B05601,C0230,D0009,2026-02-18 22:04:00,Borivali,Malad,Mumbai,Bike,Cash,3.17,7.5,59.02,1.08,Low,Clear,Completed,Unknown,5.0
B05602,C0003,D0001,2026-01-10 04:49:00,Chembur,Colaba,Mumbai,Cab,Cash,1.69,4.0,113.66,1.02,Low,Cloudy,Completed,Unknown,4.9
B05603,C0038,D0072,2026-02-03 14:02:00,Rohini,Karol Bagh,Delhi,Auto,Cash,1.08,3.3,69.72,1.14,Medium,Clear,Incomplete,Unknown,1.1
B05604,C0071,D0041,2026-02-27 20:10:00,Rohini,Pitampura,Delhi,Auto,UPI,1.36,3.0,72.24,1.15,Low,Clear,Completed,Unknown,0.0
B05605,C0062,D0027,2026-01-12 17:22:00,Hauz Khas,Rohini,Delhi,Auto,UPI,11.83,36.8,166.47,1.48,Medium,Clear,Completed,Unknown,0.0
B05606,C0198,D0022,2026-03-30 10:45:00,Karol Bagh,Saket,Delhi,Auto,Wallet,23.72,56.1,273.48,1.12,Low,Cloudy,Cancelled,Customer,3.6
B05607,C0115,D0005,2026-01-07 05:26:00,Wakad,Viman Nagar,Pune,Auto,UPI,6.11,17.0,114.99,1.06,Medium,Clear,Completed,Unknown,8.1
B05608,C0176,D0080,2026-01-30 16:12:00,MG Road,HSR Layout,Bengaluru,Auto,Card,2.76,5.9,84.84,1.12,Low,Clear,Completed,Unknown,0.9
B05609,C0179,D0015,2026-02-25 23:19:00,Chembur,Andheri,Mumbai,Auto,Cash,8.6,18.9,137.4,1.07,Low,Clear,Completed,Unknown,0.0
B05610,C0285,D0075,2026-02-24 19:31:00,Secunderabad,Banjara Hills,Hyderabad,Cab,Card,4.62,9.0,154.68,1.67,Low,Rain,Completed,Unknown,6.6
B05611,C0077,D0033,2026-03-14 14:11:00,Wakad,Viman Nagar,Pune,Bike,Cash,2.42,7.6,54.52,1.33,High,Clear,Cancelled,Customer,8.7
B05612,C0373,D0067,2026-02-21 05:58:00,Kukatpally,Gachibowli,Hyderabad,Bike,UPI,5.97,17.6,75.82,1.14,Medium,Clear,Completed,Unknown,3.9
B05613,C0081,D0008,2026-02-09 15:03:00,Madhapur,Gachibowli,Hyderabad,Bike,UPI,4.53,12.3,67.18,1.06,Medium,Clear,Completed,Unknown,7.1
B05614,C0166,D0102,2026-03-25 00:33:00,Kharadi,Kothrud,Pune,Bike,Card,4.97,15.5,69.82,1.29,Medium,Rain,Cancelled,Driver,2.0
B05615,C0046,D0096,2026-01-07 18:13:00,Malad,Powai,Mumbai,Auto,UPI,4.63,16.4,101.67,1.85,High,Clear,Completed,Unknown,0.4
B05616,C0400,D0039,2026-01-06 19:18:00,Baner,Wakad,Pune,Cab,Card,1.39,5.5,109.46,1.83,High,Smog,Completed,Unknown,4.9
B05617,C0373,D0026,2026-02-22 00:59:00,Malad,Andheri,Mumbai,Auto,UPI,2.66,6.3,83.94,1.28,Medium,Rain,Cancelled,Customer,7.0
B05618,C0103,D0141,2026-01-05 23:21:00,Whitefield,Marathahalli,Bengaluru,Bike,UPI,15.49,32.7,132.94,1.07,Low,Clear,Completed,Unknown,0.0
B05619,C0082,D0093,2026-03-22 11:16:00,Viman Nagar,Kharadi,Pune,Cab,UPI,13.35,34.6,276.9,1.11,Medium,Smog,Incomplete,Unknown,15.7
B05620,C0234,D0073,2026-01-08 22:06:00,Madhapur,Secunderabad,Hyderabad,Bike,Card,9.97,22.5,99.82,1.04,Low,Cloudy,Completed,Unknown,0.0
B05621,C0031,D0068,2026-03-29 03:31:00,Noida Sector 18,Pitampura,Delhi,Cab,Card,5.61,10.6,168.54,1.11,Low,Cloudy,Completed,Unknown,1.6
B05622,C0112,D0105,2026-02-01 02:07:00,Wakad,Kothrud,Pune,Cab,UPI,10.66,36.1,239.24,1.51,High,Rain,Completed,Unknown,4.5
B05623,C0217,D0092,2026-01-29 04:31:00,Banjara Hills,Madhapur,Hyderabad,Cab,UPI,5.75,22.4,170.5,1.31,High,Clear,Completed,Unknown,1.8
B05624,C0222,D0041,2026-03-31 20:12:00,Connaught Place,Lajpat Nagar,Delhi,Cab,UPI,5.22,9.4,163.08,1.01,Low,Cloudy,Completed,Unknown,2.5
B05625,C0332,D0015,2026-03-19 11:20:00,Andheri,Bandra,Mumbai,Auto,UPI,2.92,5.5,86.28,1.1,Low,Cloudy,Completed,Unknown,6.5
B05626,C0272,D0105,2026-01-20 04:25:00,Electronic City,MG Road,Bengaluru,Cab,Cash,7.32,28.6,192.48,1.51,High,Rain,Cancelled,Customer,2.6
B05627,C0147,D0004,2026-03-18 14:48:00,Marathahalli,MG Road,Bengaluru,Cab,Cash,5.21,8.8,162.94,1.03,Low,Clear,Completed,Unknown,13.9
B05628,C0245,D0034,2026-01-24 05:47:00,Connaught Place,Karol Bagh,Delhi,Cab,Card,5.1,9.6,161.4,1.04,Low,Clear,Completed,Unknown,4.7
B05629,C0067,D0128,2026-02-03 13:15:00,Kukatpally,Secunderabad,Hyderabad,Bike,Cash,4.3,9.3,65.8,1.3,Low,Rain,Cancelled,Customer,1.7
B05630,C0302,D0142,2026-03-29 10:23:00,Rohini,Lajpat Nagar,Delhi,Bike,UPI,4.79,8.8,68.74,1.22,Low,Rain,Completed,Unknown,4.9
B05631,C0065,D0003,2026-01-15 04:01:00,Chembur,Bandra,Mumbai,Auto,UPI,4.52,9.3,100.68,1.06,Low,Clear,Completed,Unknown,0.0
B05632,C0006,D0122,2026-03-07 22:38:00,Viman Nagar,Kothrud,Pune,Auto,Card,1.83,7.0,76.47,1.36,High,Clear,Completed,Unknown,6.3
B05633,C0071,D0136,2026-03-10 20:30:00,Jayanagar,Indiranagar,Bengaluru,Auto,UPI,14.82,27.2,193.38,1.22,Low,Rain,Completed,Unknown,6.4
B05634,C0155,D0105,2026-03-15 03:24:00,Powai,Andheri,Mumbai,Cab,UPI,9.51,26.7,223.14,1.09,Medium,Clear,Incomplete,Unknown,2.3
B05635,C0338,D0060,2026-03-07 00:28:00,Kharadi,Baner,Pune,Bike,Cash,1.22,2.1,47.32,1.09,Low,Cloudy,Completed,Unknown,3.3
B05636,C0187,D0088,2026-02-19 08:46:00,Hinjewadi,Wakad,Pune,Auto,UPI,2.42,9.2,81.78,1.71,High,Clear,Completed,Unknown,0.2
B05637,C0088,D0022,2026-03-11 10:15:00,Wakad,Baner,Pune,Auto,UPI,8.09,15.5,132.81,1.09,Low,Clear,Completed,Unknown,3.7
B05638,C0198,D0067,2026-03-12 10:45:00,Connaught Place,Saket,Delhi,Auto,Card,9.63,26.2,146.67,1.04,Medium,Clear,Completed,Unknown,3.1
B05639,C0394,D0030,2026-03-25 03:34:00,Indiranagar,Electronic City,Bengaluru,Cab,Card,1.17,3.8,106.38,1.4,High,Clear,Completed,Unknown,12.6
B05640,C0212,D0126,2026-02-19 17:58:00,Banjara Hills,Ameerpet,Hyderabad,Cab,UPI,6.64,16.1,182.96,1.55,Medium,Clear,Cancelled,Customer,6.5
B05641,C0213,D0036,2026-03-03 17:01:00,Rohini,Dwarka,Delhi,Auto,UPI,3.18,8.0,88.62,1.41,Medium,Clear,Completed,Unknown,0.0
B05642,C0392,D0095,2026-03-31 01:58:00,Karol Bagh,Rohini,Delhi,Bike,UPI,6.51,24.8,79.06,1.32,High,Clear,Completed,Unknown,7.2
B05643,C0012,D0062,2026-02-09 23:37:00,Indiranagar,Marathahalli,Bengaluru,Bike,Cash,1.39,3.8,48.34,1.1,Medium,Cloudy,Completed,Unknown,5.2
B05644,C0046,D0052,2026-02-18 19:37:00,Hinjewadi,Kharadi,Pune,Bike,Card,3.06,11.5,58.36,1.83,High,Clear,Completed,Unknown,2.6
B05645,C0155,D0068,2026-01-07 09:25:00,Bandra,Dadar,Mumbai,Bike,UPI,4.38,10.4,66.28,1.54,Medium,Smog,Completed,Unknown,0.8
B05646,C0189,D0121,2026-01-26 14:51:00,Baner,Wakad,Pune,Cab,Cash,9.9,22.6,228.6,1.04,Low,Clear,Cancelled,Customer,2.6
B05647,C0186,D0023,2026-03-07 01:32:00,Indiranagar,Whitefield,Bengaluru,Bike,UPI,4.61,9.2,67.66,1.05,Low,Clear,Completed,Unknown,6.2
B05648,C0049,D0105,2026-03-25 00:02:00,Kukatpally,Secunderabad,Hyderabad,Bike,Card,3.34,5.7,60.04,1.13,Low,Clear,Completed,Unknown,2.8
B05649,C0094,D0084,2026-03-08 01:59:00,Rohini,Saket,Delhi,Cab,UPI,2.32,5.3,122.48,1.14,Low,Clear,Cancelled,Customer,1.1
B05650,C0369,D0026,2026-02-28 07:38:00,Baner,Kothrud,Pune,Cab,Cash,12.52,21.7,265.28,1.42,Low,Cloudy,Completed,Unknown,0.0
B05651,C0080,D0070,2026-02-16 03:52:00,Saket,Dwarka,Delhi,Cab,Card,18.94,43.2,355.16,1.13,Medium,Clear,Completed,Unknown,7.8
B05652,C0285,D0041,2026-01-11 17:29:00,Kharadi,Viman Nagar,Pune,Cab,UPI,2.7,7.7,127.8,1.49,Medium,Clear,Completed,Unknown,1.7
B05653,C0120,D0072,2026-02-24 21:27:00,Secunderabad,Ameerpet,Hyderabad,Auto,Card,11.32,29.7,161.88,1.02,Medium,Cloudy,Completed,Unknown,3.4
B05654,C0371,D0084,2026-01-14 07:58:00,Kharadi,Kothrud,Pune,Bike,UPI,21.93,61.9,171.58,1.75,High,Clear,Completed,Unknown,3.4
B05655,C0359,D0018,2026-02-19 05:00:00,Marathahalli,Electronic City,Bengaluru,Auto,UPI,2.43,5.4,81.87,1.12,Medium,Clear,Completed,Unknown,0.0
B05656,C0007,D0058,2026-02-19 09:15:00,Hauz Khas,Karol Bagh,Delhi,Cab,Cash,1.73,7.0,114.22,1.77,High,Clear,Completed,Unknown,5.2
B05657,C0240,D0053,2026-02-17 14:59:00,Secunderabad,Gachibowli,Hyderabad,Auto,UPI,4.68,8.3,102.12,1.09,Low,Clear,Completed,Unknown,6.7
B05658,C0081,D0124,2026-02-23 17:52:00,HSR Layout,Electronic City,Bengaluru,Auto,Card,6.6,18.2,119.4,1.5,Medium,Clear,Completed,Unknown,0.0
B05659,C0049,D0014,2026-01-25 01:58:00,Kothrud,Hinjewadi,Pune,Cab,UPI,2.34,4.0,122.76,1.01,Low,Clear,Completed,Unknown,2.3
B05660,C0150,D0027,2026-02-10 02:15:00,Ameerpet,Madhapur,Hyderabad,Bike,Card,14.63,35.3,127.78,1.06,Medium,Clear,Incomplete,Unknown,8.7
B05661,C0188,D0099,2026-03-24 09:32:00,Gachibowli,Madhapur,Hyderabad,Auto,Cash,19.03,74.6,231.27,1.82,High,Cloudy,Completed,Unknown,10.7
B05662,C0049,D0072,2026-02-15 02:40:00,Secunderabad,Banjara Hills,Hyderabad,Bike,Cash,13.91,22.6,123.46,1.01,Low,Clear,Cancelled,Customer,1.1
B05663,C0204,D0044,2026-01-08 11:03:00,Kharadi,Viman Nagar,Pune,Bike,Wallet,12.05,36.3,112.3,1.11,Medium,Cloudy,Incomplete,Unknown,12.8
B05664,C0248,D0018,2026-01-03 07:03:00,Malad,Chembur,Mumbai,Cab,Card,11.57,26.3,251.98,1.48,Medium,Clear,Completed,Unknown,0.0
B05665,C0069,D0013,2026-02-28 08:05:00,Baner,Kharadi,Pune,Cab,Cash,9.88,35.2,228.32,1.82,High,Cloudy,Cancelled,Customer,9.7
B05666,C0265,D0032,2026-02-21 20:14:00,Dwarka,Pitampura,Delhi,Cab,Cash,5.01,10.6,160.14,1.23,Medium,Rain,Cancelled,Driver,0.0
B05667,C0067,D0022,2026-03-27 18:17:00,Connaught Place,Saket,Delhi,Cab,UPI,1.64,4.9,112.96,1.45,Medium,Clear,Cancelled,Customer,7.4
B05668,C0208,D0083,2026-02-15 12:52:00,Electronic City,MG Road,Bengaluru,Cab,Card,14.5,33.8,293.0,1.11,Low,Clear,Cancelled,Driver,0.4
B05669,C0169,D0074,2026-02-12 19:08:00,Kharadi,Kothrud,Pune,Auto,Card,8.09,21.4,132.81,1.43,Medium,Cloudy,Completed,Unknown,2.0
B05670,C0004,D0132,2026-01-17 10:52:00,Dadar,Malad,Mumbai,Bike,UPI,1.15,3.4,46.9,1.21,Medium,Rain,Cancelled,Customer,0.7
B05671,C0179,D0003,2026-01-17 16:30:00,HSR Layout,Koramangala,Bengaluru,Auto,UPI,3.76,14.4,93.84,1.45,High,Cloudy,Completed,Unknown,1.0
B05672,C0344,D0098,2026-02-28 11:44:00,Malad,Andheri,Mumbai,Bike,UPI,3.19,6.8,59.14,1.0,Low,Clear,Completed,Unknown,5.7
B05673,C0311,D0026,2026-03-10 14:48:00,Madhapur,Secunderabad,Hyderabad,Cab,Card,8.99,19.7,215.86,1.14,Medium,Clear,Incomplete,Unknown,0.0
B05674,C0354,D0007,2026-03-15 00:19:00,Electronic City,Jayanagar,Bengaluru,Cab,Cash,8.48,20.1,208.72,1.26,Low,Rain,Completed,Unknown,0.0
B05675,C0207,D0096,2026-02-05 21:30:00,Secunderabad,Ameerpet,Hyderabad,Cab,UPI,5.91,12.3,172.74,1.22,Low,Rain,Completed,Unknown,0.0
B05676,C0084,D0107,2026-02-06 10:42:00,Pitampura,Saket,Delhi,Bike,Cash,5.29,12.3,71.74,1.03,Low,Clear,Completed,Unknown,10.0
B05677,C0150,D0011,2026-03-21 22:36:00,Malad,Colaba,Mumbai,Cab,Cash,6.13,11.8,175.82,1.28,Low,Rain,Cancelled,Driver,6.8
B05678,C0029,D0080,2026-03-20 14:59:00,Banjara Hills,Gachibowli,Hyderabad,Bike,Card,2.9,10.5,57.4,1.58,High,Rain,Completed,Unknown,0.6
B05679,C0133,D0095,2026-03-22 03:24:00,Baner,Kharadi,Pune,Cab,UPI,1.79,3.5,115.06,1.29,Low,Rain,Completed,Unknown,0.7
B05680,C0385,D0114,2026-01-10 04:09:00,MG Road,Koramangala,Bengaluru,Cab,Card,5.92,19.5,172.88,1.51,High,Rain,Incomplete,Unknown,6.3
B05681,C0113,D0095,2026-01-21 19:38:00,Wakad,Kothrud,Pune,Auto,UPI,1.85,4.2,76.65,1.4,Medium,Cloudy,Completed,Unknown,0.0
B05682,C0213,D0087,2026-02-12 09:56:00,Hinjewadi,Wakad,Pune,Bike,Card,2.58,5.9,55.48,1.46,Medium,Clear,Cancelled,Driver,10.8
B05683,C0176,D0093,2026-02-16 14:04:00,HSR Layout,Indiranagar,Bengaluru,Bike,UPI,26.6,60.0,199.6,1.2,Low,Rain,Completed,Unknown,0.9
B05684,C0273,D0069,2026-02-09 02:23:00,Noida Sector 18,Pitampura,Delhi,Bike,UPI,10.7,32.7,104.2,1.04,Medium,Cloudy,Completed,Unknown,3.8
B05685,C0189,D0090,2026-02-10 12:46:00,Viman Nagar,Kharadi,Pune,Bike,Cash,8.39,20.0,90.34,1.12,Medium,Clear,Completed,Unknown,0.0
B05686,C0064,D0098,2026-03-05 08:23:00,Koramangala,Whitefield,Bengaluru,Auto,Cash,24.38,69.7,279.42,1.91,High,Rain,Cancelled,Driver,3.8
B05687,C0345,D0041,2026-03-06 09:04:00,Malad,Borivali,Mumbai,Auto,UPI,3.44,11.5,90.96,1.75,High,Smog,Completed,Unknown,2.5
B05688,C0162,D0076,2026-02-04 03:32:00,Hinjewadi,Kothrud,Pune,Auto,Cash,6.89,12.4,122.01,1.07,Low,Cloudy,Completed,Unknown,0.0
B05689,C0062,D0099,2026-03-06 12:08:00,Powai,Colaba,Mumbai,Cab,UPI,6.78,26.7,184.92,1.42,High,Clear,Cancelled,Customer,13.2
B05690,C0055,D0112,2026-02-24 07:38:00,Koramangala,MG Road,Bengaluru,Auto,UPI,4.22,9.5,97.98,1.54,Low,Cloudy,Incomplete,Unknown,2.2
B05691,C0075,D0025,2026-03-04 08:02:00,Lajpat Nagar,Karol Bagh,Delhi,Bike,Card,4.39,7.9,66.34,1.55,Low,Clear,Cancelled,Customer,0.0
B05692,C0118,D0087,2026-03-31 15:04:00,Kharadi,Viman Nagar,Pune,Auto,UPI,7.65,13.1,128.85,1.09,Low,Clear,Completed,Unknown,10.3
B05693,C0366,D0139,2026-02-22 14:39:00,Dwarka,Noida Sector 18,Delhi,Auto,UPI,5.06,12.1,105.54,1.31,Low,Rain,Completed,Unknown,6.8
B05694,C0196,D0096,2026-01-14 21:10:00,Noida Sector 18,Saket,Delhi,Bike,Card,2.37,5.4,54.22,1.3,Medium,Rain,Cancelled,Driver,1.0
B05695,C0126,D0005,2026-01-11 16:47:00,Hauz Khas,Noida Sector 18,Delhi,Auto,Card,4.42,7.9,99.78,1.06,Low,Clear,Incomplete,Unknown,11.6
B05696,C0161,D0142,2026-01-20 18:44:00,Baner,Kothrud,Pune,Auto,Wallet,11.07,20.2,159.63,1.64,Low,Rain,Cancelled,Customer,0.0
B05697,C0017,D0047,2026-02-06 19:07:00,Malad,Chembur,Mumbai,Cab,UPI,2.06,5.8,118.84,1.42,Medium,Clear,Completed,Unknown,3.4
B05698,C0045,D0085,2026-02-17 14:18:00,Banjara Hills,Kukatpally,Hyderabad,Bike,Wallet,12.88,22.8,117.28,1.05,Low,Cloudy,Cancelled,Customer,1.4
B05699,C0230,D0120,2026-01-22 16:14:00,Madhapur,Banjara Hills,Hyderabad,Bike,Cash,7.26,13.8,83.56,1.02,Low,Clear,Cancelled,Customer,4.6
B05700,C0122,D0027,2026-01-14 17:00:00,MG Road,Koramangala,Bengaluru,Cab,UPI,7.12,22.2,189.68,1.51,Medium,Cloudy,Completed,Unknown,3.7
B05701,C0010,D0085,2026-02-25 12:09:00,HSR Layout,Marathahalli,Bengaluru,Bike,Wallet,3.41,6.3,60.46,1.14,Low,Cloudy,Completed,Unknown,0.3
B05702,C0024,D0004,2026-01-03 23:41:00,Kothrud,Baner,Pune,Auto,UPI,9.94,25.6,149.46,1.01,Medium,Cloudy,Completed,Unknown,12.6
B05703,C0043,D0027,2026-01-06 16:22:00,Ameerpet,Kukatpally,Hyderabad,Auto,UPI,2.56,4.1,83.04,1.06,Low,Clear,Incomplete,Unknown,7.5
B05704,C0099,D0027,2026-03-24 20:14:00,Bandra,Malad,Mumbai,Auto,UPI,8.1,15.7,132.9,1.0,Low,Cloudy,Completed,Unknown,0.0
B05705,C0351,D0093,2026-02-09 10:16:00,Malad,Powai,Mumbai,Auto,Card,8.27,15.0,134.43,1.05,Low,Clear,Completed,Unknown,8.9
B05706,C0307,D0132,2026-03-27 23:14:00,Electronic City,MG Road,Bengaluru,Cab,Cash,3.11,7.2,133.54,1.15,Medium,Clear,Incomplete,Unknown,8.0
B05707,C0037,D0131,2026-02-19 04:54:00,Ameerpet,Madhapur,Hyderabad,Auto,Card,1.22,2.4,70.98,1.09,Low,Clear,Incomplete,Unknown,3.3
B05708,C0255,D0131,2026-03-06 22:48:00,Whitefield,Jayanagar,Bengaluru,Cab,Card,1.73,5.0,114.22,1.54,High,Rain,Completed,Unknown,1.9
B05709,C0031,D0034,2026-02-26 21:56:00,Madhapur,Banjara Hills,Hyderabad,Auto,Cash,1.43,5.5,72.87,1.37,High,Clear,Cancelled,Customer,4.9
B05710,C0143,D0131,2026-01-23 18:21:00,Indiranagar,Electronic City,Bengaluru,Cab,Cash,1.45,4.2,110.3,1.78,High,Clear,Completed,Unknown,7.2
B05711,C0327,D0066,2026-01-13 02:35:00,MG Road,Whitefield,Bengaluru,Bike,Cash,7.82,15.8,86.92,1.08,Low,Clear,Completed,Unknown,2.1
B05712,C0165,D0099,2026-03-25 06:43:00,Dwarka,Pitampura,Delhi,Auto,UPI,7.14,16.4,124.26,1.15,Low,Cloudy,Completed,Unknown,9.2
B05713,C0222,D0074,2026-03-09 21:42:00,Koramangala,Marathahalli,Bengaluru,Bike,UPI,1.99,5.4,51.94,1.08,Medium,Clear,Cancelled,Customer,2.4
B05714,C0264,D0022,2026-01-03 13:22:00,Kothrud,Wakad,Pune,Bike,Cash,8.37,23.6,90.22,1.0,Medium,Clear,Completed,Unknown,1.7
B05715,C0079,D0021,2026-02-10 21:06:00,Jayanagar,Indiranagar,Bengaluru,Auto,Cash,4.47,9.2,100.23,1.03,Low,Clear,Completed,Unknown,0.0
B05716,C0394,D0137,2026-03-28 09:38:00,Noida Sector 18,Saket,Delhi,Bike,UPI,1.49,3.4,48.94,1.45,Medium,Clear,Completed,Unknown,7.0
B05717,C0302,D0092,2026-01-03 19:16:00,Chembur,Malad,Mumbai,Cab,UPI,1.03,2.6,104.42,1.43,Medium,Cloudy,Completed,Unknown,1.5
B05718,C0185,D0083,2026-01-19 00:38:00,Gachibowli,Ameerpet,Hyderabad,Bike,UPI,3.01,5.4,58.06,1.01,Low,Cloudy,Completed,Unknown,4.5
B05719,C0197,D0050,2026-03-16 05:43:00,Marathahalli,Indiranagar,Bengaluru,Cab,UPI,7.47,19.8,194.58,1.09,Medium,Clear,Incomplete,Unknown,2.5
B05720,C0372,D0080,2026-03-31 04:05:00,Hauz Khas,Janakpuri,Delhi,Auto,UPI,18.95,61.8,230.55,1.41,High,Cloudy,Incomplete,Unknown,2.7
B05721,C0002,D0015,2026-02-09 06:12:00,Kothrud,Wakad,Pune,Auto,UPI,2.4,9.8,81.6,1.3,High,Smog,Completed,Unknown,0.1
B05722,C0241,D0045,2026-01-26 02:00:00,Marathahalli,Whitefield,Bengaluru,Bike,Card,10.38,24.2,102.28,1.07,Medium,Clear,Cancelled,Driver,0.0
B05723,C0121,D0050,2026-03-01 06:18:00,Marathahalli,HSR Layout,Bengaluru,Auto,UPI,2.12,6.1,79.08,1.03,Medium,Cloudy,Completed,Unknown,0.5
B05724,C0106,D0147,2026-02-12 09:57:00,Madhapur,Gachibowli,Hyderabad,Auto,UPI,11.11,39.2,159.99,1.8,High,Clear,Completed,Unknown,3.4
B05725,C0271,D0019,2026-02-25 18:40:00,Borivali,Malad,Mumbai,Auto,UPI,6.11,15.6,114.99,1.55,Medium,Clear,Cancelled,Customer,5.7
B05726,C0029,D0096,2026-02-27 06:48:00,Malad,Powai,Mumbai,Bike,Wallet,2.15,3.7,52.9,1.1,Low,Clear,Completed,Unknown,0.0
B05727,C0149,D0062,2026-01-19 03:54:00,Kharadi,Viman Nagar,Pune,Cab,UPI,1.82,5.6,115.48,1.01,Medium,Clear,Completed,Unknown,7.7
B05728,C0384,D0120,2026-01-15 16:07:00,Banjara Hills,Madhapur,Hyderabad,Cab,Card,3.29,10.0,136.06,1.12,Medium,Clear,Completed,Unknown,5.7
B05729,C0399,D0124,2026-02-05 08:38:00,Wakad,Kothrud,Pune,Bike,Cash,20.98,54.7,165.88,1.53,Medium,Cloudy,Completed,Unknown,4.0
B05730,C0022,D0036,2026-02-20 18:12:00,Banjara Hills,Secunderabad,Hyderabad,Auto,UPI,2.86,6.2,85.74,1.54,Medium,Cloudy,Completed,Unknown,0.0
B05731,C0082,D0114,2026-02-10 11:58:00,MG Road,HSR Layout,Bengaluru,Auto,Card,1.98,3.7,77.82,1.11,Low,Clear,Completed,Unknown,6.8
B05732,C0367,D0050,2026-02-04 08:40:00,Kharadi,Viman Nagar,Pune,Bike,UPI,7.4,21.9,84.4,1.72,High,Smog,Incomplete,Unknown,2.7
B05733,C0072,D0052,2026-03-18 16:22:00,Banjara Hills,Gachibowli,Hyderabad,Bike,UPI,10.18,30.2,101.08,1.32,Medium,Rain,Completed,Unknown,5.3
B05734,C0031,D0132,2026-01-27 04:47:00,Kothrud,Viman Nagar,Pune,Auto,Wallet,1.12,4.0,70.08,1.39,High,Clear,Completed,Unknown,3.7
B05735,C0392,D0116,2026-01-22 12:07:00,Colaba,Borivali,Mumbai,Auto,Card,13.1,31.7,177.9,1.11,Medium,Clear,Completed,Unknown,0.4
B05736,C0329,D0074,2026-03-27 21:37:00,Chembur,Borivali,Mumbai,Auto,UPI,14.25,39.1,188.25,1.31,High,Cloudy,Completed,Unknown,12.9
B05737,C0340,D0087,2026-03-29 04:29:00,Rohini,Connaught Place,Delhi,Cab,Cash,19.33,57.7,360.62,1.5,High,Rain,Completed,Unknown,7.5
B05738,C0299,D0136,2026-03-04 22:03:00,Bandra,Dadar,Mumbai,Auto,Cash,9.63,27.0,146.67,1.12,Medium,Clear,Cancelled,Customer,5.5
B05739,C0361,D0087,2026-03-13 23:25:00,HSR Layout,Jayanagar,Bengaluru,Cab,UPI,5.7,10.8,169.8,1.12,Low,Cloudy,Completed,Unknown,5.0
B05740,C0224,D0132,2026-03-28 04:37:00,Electronic City,Jayanagar,Bengaluru,Cab,Card,8.45,24.7,208.3,1.05,Medium,Cloudy,Completed,Unknown,9.5
B05741,C0257,D0056,2026-03-28 10:58:00,Saket,Pitampura,Delhi,Auto,UPI,3.03,7.8,87.27,1.11,Medium,Clear,Incomplete,Unknown,0.0
B05742,C0150,D0014,2026-03-17 01:05:00,Marathahalli,Koramangala,Bengaluru,Bike,UPI,1.3,2.7,47.8,1.24,Low,Rain,Cancelled,Customer,2.3
B05743,C0092,D0116,2026-02-24 03:19:00,Kukatpally,Madhapur,Hyderabad,Auto,UPI,10.87,21.6,157.83,1.06,Low,Clear,Completed,Unknown,3.4
B05744,C0345,D0039,2026-03-03 12:41:00,Baner,Viman Nagar,Pune,Cab,Wallet,3.11,5.1,133.54,1.07,Low,Cloudy,Completed,Unknown,4.8
B05745,C0031,D0126,2026-01-14 03:20:00,Pitampura,Lajpat Nagar,Delhi,Bike,UPI,10.91,39.4,105.46,1.34,High,Cloudy,Incomplete,Unknown,8.2
B05746,C0295,D0115,2026-01-24 06:07:00,Andheri,Dadar,Mumbai,Cab,UPI,4.57,8.9,153.98,1.07,Low,Cloudy,Cancelled,Driver,0.2
B05747,C0009,D0098,2026-02-18 09:14:00,Connaught Place,Rohini,Delhi,Bike,UPI,4.29,14.9,65.74,1.82,High,Cloudy,Completed,Unknown,3.7
B05748,C0043,D0126,2026-01-29 02:01:00,Pitampura,Lajpat Nagar,Delhi,Bike,Card,7.08,15.6,82.48,1.04,Medium,Cloudy,Completed,Unknown,10.3
B05749,C0034,D0038,2026-03-23 17:00:00,Gachibowli,Secunderabad,Hyderabad,Bike,UPI,10.62,29.2,103.72,1.84,High,Clear,Completed,Unknown,9.3
B05750,C0093,D0011,2026-03-25 06:53:00,Andheri,Powai,Mumbai,Bike,Card,7.33,21.3,83.98,1.02,Medium,Clear,Completed,Unknown,6.9
B05751,C0016,D0146,2026-03-02 13:32:00,Kharadi,Viman Nagar,Pune,Cab,UPI,8.34,16.1,206.76,1.24,Low,Rain,Completed,Unknown,0.0
B05752,C0106,D0002,2026-02-23 21:21:00,Saket,Lajpat Nagar,Delhi,Auto,Cash,3.5,5.9,91.5,1.15,Low,Clear,Cancelled,Customer,7.1
B05753,C0207,D0041,2026-01-27 21:40:00,Hinjewadi,Viman Nagar,Pune,Bike,UPI,2.03,6.1,52.18,1.01,Medium,Clear,Completed,Unknown,0.0
B05754,C0022,D0084,2026-02-13 05:09:00,Indiranagar,Koramangala,Bengaluru,Bike,Card,3.64,9.2,61.84,1.08,Medium,Clear,Completed,Unknown,0.0
B05755,C0142,D0128,2026-02-14 01:14:00,Electronic City,Koramangala,Bengaluru,Cab,Wallet,8.19,19.2,204.66,1.14,Low,Cloudy,Completed,Unknown,1.1
B05756,C0212,D0050,2026-01-26 00:53:00,Kharadi,Kothrud,Pune,Cab,Card,2.57,6.9,125.98,1.04,Medium,Clear,Completed,Unknown,1.2
B05757,C0224,D0060,2026-02-21 23:06:00,Baner,Wakad,Pune,Cab,UPI,2.12,6.0,119.68,1.62,High,Rain,Cancelled,Customer,4.3
B05758,C0264,D0055,2026-02-08 19:04:00,Malad,Borivali,Mumbai,Auto,UPI,17.78,34.5,220.02,1.43,Low,Cloudy,Completed,Unknown,6.8
B05759,C0250,D0132,2026-01-04 23:58:00,Marathahalli,MG Road,Bengaluru,Auto,Card,2.46,5.2,82.14,1.28,Low,Rain,Incomplete,Unknown,4.8
B05760,C0063,D0077,2026-03-06 19:35:00,Ameerpet,Madhapur,Hyderabad,Auto,UPI,1.37,4.6,72.33,1.84,High,Cloudy,Completed,Unknown,3.4
B05761,C0381,D0097,2026-01-29 07:00:00,Banjara Hills,Ameerpet,Hyderabad,Bike,UPI,7.38,14.3,84.28,1.42,Low,Clear,Completed,Unknown,3.2
B05762,C0101,D0093,2026-01-08 02:25:00,Chembur,Bandra,Mumbai,Auto,UPI,16.13,32.1,205.17,1.07,Low,Smog,Completed,Unknown,10.7
B05763,C0382,D0098,2026-02-18 09:40:00,Koramangala,MG Road,Bengaluru,Cab,Wallet,1.76,3.8,114.64,1.47,Low,Cloudy,Cancelled,Customer,2.2
B05764,C0044,D0025,2026-01-21 21:02:00,Ameerpet,Madhapur,Hyderabad,Bike,UPI,5.21,14.7,71.26,1.45,High,Clear,Completed,Unknown,1.7
B05765,C0018,D0129,2026-01-15 19:13:00,Secunderabad,Banjara Hills,Hyderabad,Cab,Wallet,2.98,5.2,131.72,1.6,Low,Rain,Cancelled,Customer,0.0
B05766,C0302,D0131,2026-03-28 12:05:00,Koramangala,Marathahalli,Bengaluru,Auto,Card,4.67,14.4,102.03,1.1,Medium,Smog,Completed,Unknown,1.0
B05767,C0073,D0114,2026-02-18 20:17:00,Saket,Hauz Khas,Delhi,Cab,UPI,3.85,7.2,143.9,1.03,Low,Clear,Completed,Unknown,4.7
B05768,C0384,D0137,2026-02-09 09:51:00,Viman Nagar,Hinjewadi,Pune,Bike,UPI,5.79,17.5,74.74,1.79,High,Clear,Completed,Unknown,2.2
B05769,C0233,D0045,2026-01-03 23:28:00,Secunderabad,Madhapur,Hyderabad,Auto,UPI,4.34,9.2,99.06,1.13,Medium,Cloudy,Completed,Unknown,0.0
B05770,C0390,D0093,2026-02-02 19:33:00,Powai,Borivali,Mumbai,Auto,Wallet,9.48,21.6,145.32,1.53,Low,Clear,Completed,Unknown,4.8
B05771,C0122,D0060,2026-03-19 12:50:00,Kharadi,Kothrud,Pune,Auto,Cash,4.73,17.5,102.57,1.32,High,Clear,Completed,Unknown,7.0
B05772,C0146,D0132,2026-03-04 12:31:00,Chembur,Dadar,Mumbai,Bike,UPI,5.08,9.6,70.48,1.14,Low,Clear,Cancelled,Customer,5.7
B05773,C0327,D0120,2026-01-02 03:33:00,Colaba,Borivali,Mumbai,Bike,Card,6.2,11.1,77.2,1.14,Low,Smog,Completed,Unknown,4.1
B05774,C0119,D0084,2026-01-28 20:13:00,Saket,Lajpat Nagar,Delhi,Auto,UPI,7.35,26.4,126.15,1.41,High,Cloudy,Completed,Unknown,4.5
B05775,C0320,D0050,2026-01-21 02:38:00,Dwarka,Connaught Place,Delhi,Auto,UPI,3.62,8.2,92.58,1.12,Medium,Clear,Completed,Unknown,2.0
B05776,C0279,D0053,2026-03-29 16:45:00,Pitampura,Janakpuri,Delhi,Bike,Cash,5.45,10.2,72.7,1.13,Low,Cloudy,Completed,Unknown,4.5
B05777,C0269,D0131,2026-01-30 11:39:00,Kharadi,Wakad,Pune,Auto,UPI,7.16,17.1,124.44,1.09,Low,Cloudy,Completed,Unknown,0.2
B05778,C0327,D0131,2026-03-21 20:47:00,Bandra,Borivali,Mumbai,Cab,Card,7.6,16.6,196.4,1.02,Medium,Cloudy,Completed,Unknown,1.9
B05779,C0099,D0137,2026-01-31 18:05:00,Madhapur,Kukatpally,Hyderabad,Auto,Wallet,10.63,25.4,155.67,1.53,Low,Clear,Cancelled,Customer,6.1
B05780,C0206,D0067,2026-01-10 03:52:00,Kharadi,Wakad,Pune,Bike,Cash,20.88,57.6,165.28,1.54,High,Rain,Completed,Unknown,0.6
B05781,C0052,D0063,2026-03-08 14:37:00,Andheri,Bandra,Mumbai,Bike,UPI,8.04,19.3,88.24,1.08,Medium,Cloudy,Completed,Unknown,0.8
B05782,C0158,D0023,2026-01-01 18:44:00,Madhapur,Secunderabad,Hyderabad,Cab,UPI,3.68,7.0,141.52,1.44,Low,Clear,Completed,Unknown,4.2
B05783,C0074,D0058,2026-03-02 13:13:00,Lajpat Nagar,Rohini,Delhi,Bike,Cash,2.14,3.9,52.84,1.15,Low,Clear,Completed,Unknown,7.6
B05784,C0008,D0133,2026-03-28 05:32:00,Powai,Chembur,Mumbai,Cab,UPI,19.11,43.8,357.54,1.1,Low,Clear,Completed,Unknown,0.0
B05785,C0022,D0034,2026-01-19 01:55:00,Bandra,Powai,Mumbai,Bike,Card,17.38,68.9,144.28,1.37,High,Cloudy,Completed,Unknown,4.7
B05786,C0100,D0124,2026-01-20 12:58:00,Indiranagar,Koramangala,Bengaluru,Auto,UPI,2.81,6.3,85.29,1.15,Low,Clear,Cancelled,Driver,0.0
B05787,C0076,D0130,2026-02-11 15:29:00,Baner,Kothrud,Pune,Bike,UPI,1.5,2.5,49.0,1.13,Low,Clear,Completed,Unknown,3.4
B05788,C0099,D0093,2026-03-30 18:08:00,Colaba,Bandra,Mumbai,Bike,UPI,6.38,10.8,78.28,1.52,Low,Clear,Completed,Unknown,1.7
B05789,C0335,D0021,2026-03-24 12:19:00,HSR Layout,Koramangala,Bengaluru,Bike,Cash,7.69,18.0,86.14,1.02,Medium,Clear,Cancelled,Customer,2.5
B05790,C0279,D0031,2026-03-24 08:16:00,Hinjewadi,Viman Nagar,Pune,Bike,Cash,4.87,17.4,69.22,1.99,High,Rain,Completed,Unknown,9.9
B05791,C0124,D0003,2026-02-11 02:05:00,Andheri,Bandra,Mumbai,Cab,Cash,1.73,3.7,114.22,1.02,Low,Cloudy,Completed,Unknown,0.0
B05792,C0185,D0144,2026-01-10 14:38:00,Malad,Bandra,Mumbai,Bike,UPI,5.94,11.2,75.64,1.09,Low,Clear,Completed,Unknown,7.9
B05793,C0087,D0126,2026-02-24 23:22:00,Lajpat Nagar,Noida Sector 18,Delhi,Cab,Cash,14.47,29.1,292.58,1.1,Low,Clear,Completed,Unknown,8.1
B05794,C0230,D0116,2026-02-02 07:37:00,Noida Sector 18,Hauz Khas,Delhi,Auto,Cash,1.75,6.3,75.75,1.74,High,Clear,Incomplete,Unknown,2.0
B05795,C0183,D0069,2026-03-30 14:08:00,Gachibowli,Banjara Hills,Hyderabad,Cab,UPI,16.78,37.4,324.92,1.02,Low,Clear,Completed,Unknown,11.1
B05796,C0084,D0099,2026-01-14 11:38:00,Secunderabad,Madhapur,Hyderabad,Auto,Card,1.6,3.6,74.4,1.03,Medium,Cloudy,Completed,Unknown,7.3
B05797,C0198,D0004,2026-03-01 19:53:00,Viman Nagar,Wakad,Pune,Bike,Wallet,1.28,2.8,47.68,1.51,Low,Clear,Cancelled,Driver,13.9
B05798,C0292,D0145,2026-01-05 22:46:00,Ameerpet,Kukatpally,Hyderabad,Cab,Card,3.81,8.4,143.34,1.12,Low,Cloudy,Completed,Unknown,1.4
B05799,C0178,D0118,2026-02-01 05:34:00,Whitefield,Koramangala,Bengaluru,Auto,UPI,5.82,10.4,112.38,1.11,Low,Clear,Completed,Unknown,6.1
B05800,C0135,D0015,2026-02-22 03:45:00,Secunderabad,Madhapur,Hyderabad,Bike,Cash,8.42,19.2,90.52,1.14,Low,Cloudy,Completed,Unknown,6.8
B05801,C0094,D0123,2026-01-04 01:08:00,Hinjewadi,Viman Nagar,Pune,Auto,Card,6.85,13.7,121.65,1.07,Low,Clear,Completed,Unknown,6.5
B05802,C0367,D0040,2026-01-10 08:10:00,Wakad,Hinjewadi,Pune,Bike,Card,5.86,13.5,75.16,1.5,Medium,Clear,Cancelled,Customer,1.8
B05803,C0281,D0147,2026-02-20 12:49:00,Bandra,Dadar,Mumbai,Bike,UPI,3.49,8.2,60.94,1.07,Medium,Cloudy,Completed,Unknown,3.6
B05804,C0169,D0058,2026-02-20 21:00:00,Noida Sector 18,Connaught Place,Delhi,Cab,UPI,4.27,10.5,149.78,1.27,Medium,Rain,Completed,Unknown,1.6
B05805,C0211,D0136,2026-01-11 04:03:00,MG Road,Whitefield,Bengaluru,Cab,UPI,3.84,9.1,143.76,1.32,Low,Rain,Cancelled,Driver,4.9
B05806,C0348,D0018,2026-03-08 02:47:00,Lajpat Nagar,Noida Sector 18,Delhi,Bike,Card,5.55,12.2,73.3,1.1,Low,Cloudy,Completed,Unknown,1.5
B05807,C0045,D0042,2026-01-28 06:43:00,Madhapur,Banjara Hills,Hyderabad,Auto,Card,4.64,7.9,101.76,1.11,Low,Clear,Completed,Unknown,0.0
B05808,C0197,D0002,2026-01-22 08:10:00,Koramangala,Marathahalli,Bengaluru,Cab,UPI,11.94,46.2,257.16,1.75,High,Cloudy,Cancelled,Customer,12.0
B05809,C0308,D0090,2026-02-19 18:13:00,Kharadi,Kothrud,Pune,Bike,Cash,22.35,62.3,174.1,1.73,High,Clear,Completed,Unknown,6.0
B05810,C0066,D0078,2026-01-29 10:13:00,Banjara Hills,Ameerpet,Hyderabad,Bike,UPI,6.78,14.0,80.68,1.03,Low,Clear,Cancelled,Customer,4.0
B05811,C0072,D0095,2026-01-12 18:57:00,Saket,Connaught Place,Delhi,Auto,Card,10.82,31.5,157.38,2.0,High,Rain,Incomplete,Unknown,4.3
B05812,C0046,D0015,2026-01-03 05:45:00,Andheri,Bandra,Mumbai,Cab,Card,2.68,5.2,127.52,1.29,Low,Rain,Completed,Unknown,4.2
B05813,C0309,D0041,2026-03-26 09:45:00,Viman Nagar,Hinjewadi,Pune,Cab,UPI,1.46,4.7,110.44,2.0,High,Rain,Completed,Unknown,4.6
B05814,C0265,D0036,2026-01-02 04:08:00,Whitefield,Marathahalli,Bengaluru,Auto,UPI,20.42,77.3,243.78,1.34,High,Clear,Completed,Unknown,2.9
B05815,C0103,D0058,2026-03-19 05:21:00,Electronic City,Jayanagar,Bengaluru,Bike,Cash,7.67,14.1,86.02,1.07,Low,Smog,Completed,Unknown,9.9
B05816,C0253,D0032,2026-02-14 12:12:00,Jayanagar,HSR Layout,Bengaluru,Bike,UPI,1.48,3.6,48.88,1.02,Medium,Clear,Incomplete,Unknown,0.0
B05817,C0209,D0107,2026-03-31 19:27:00,Electronic City,HSR Layout,Bengaluru,Auto,Wallet,7.28,14.4,125.52,1.46,Low,Cloudy,Completed,Unknown,11.0
B05818,C0003,D0108,2026-01-25 05:13:00,Powai,Borivali,Mumbai,Auto,Card,3.69,7.1,93.21,1.12,Low,Cloudy,Completed,Unknown,1.4
B05819,C0393,D0051,2026-03-01 08:44:00,Viman Nagar,Kharadi,Pune,Cab,Cash,6.66,22.0,183.24,1.95,High,Rain,Completed,Unknown,8.3
B05820,C0345,D0085,2026-03-23 06:43:00,Baner,Hinjewadi,Pune,Cab,Wallet,3.29,7.8,136.06,1.24,Low,Rain,Cancelled,Customer,1.0
B05821,C0045,D0023,2026-03-09 07:17:00,Malad,Bandra,Mumbai,Cab,UPI,6.52,22.8,181.28,1.8,High,Clear,Cancelled,Driver,7.6
B05822,C0003,D0107,2026-01-03 08:55:00,Wakad,Viman Nagar,Pune,Auto,UPI,13.67,40.5,183.03,1.48,Medium,Clear,Completed,Unknown,6.8
B05823,C0050,D0142,2026-03-28 23:04:00,Borivali,Andheri,Mumbai,Cab,Card,8.03,15.5,202.42,1.01,Low,Cloudy,Completed,Unknown,6.2
B05824,C0011,D0094,2026-01-11 16:27:00,Saket,Rohini,Delhi,Bike,UPI,1.13,2.7,46.78,1.0,Low,Clear,Cancelled,Customer,2.5
B05825,C0044,D0031,2026-03-24 20:56:00,Gachibowli,Ameerpet,Hyderabad,Auto,UPI,2.54,7.5,82.86,1.04,Medium,Clear,Completed,Unknown,4.7
B05826,C0166,D0058,2026-02-19 04:05:00,HSR Layout,Indiranagar,Bengaluru,Bike,UPI,2.23,4.0,53.38,1.05,Low,Cloudy,Completed,Unknown,8.5
B05827,C0192,D0056,2026-02-22 02:18:00,Gachibowli,Ameerpet,Hyderabad,Cab,Card,15.52,31.2,307.28,1.14,Low,Clear,Completed,Unknown,5.4
B05828,C0328,D0122,2026-02-28 15:10:00,Janakpuri,Saket,Delhi,Auto,UPI,3.69,10.6,93.21,1.01,Medium,Cloudy,Completed,Unknown,0.0
B05829,C0278,D0125,2026-01-10 06:05:00,Bandra,Chembur,Mumbai,Auto,Card,13.13,23.4,178.17,1.14,Low,Cloudy,Completed,Unknown,3.9
B05830,C0006,D0089,2026-02-02 22:06:00,Hauz Khas,Connaught Place,Delhi,Cab,Card,7.96,15.2,201.44,1.05,Low,Clear,Completed,Unknown,4.0
B05831,C0102,D0003,2026-03-07 00:59:00,Banjara Hills,Madhapur,Hyderabad,Bike,Cash,4.53,10.2,67.18,1.07,Low,Clear,Completed,Unknown,0.5
B05832,C0062,D0122,2026-02-03 08:20:00,Gachibowli,Madhapur,Hyderabad,Bike,Cash,1.92,3.4,51.52,1.44,Low,Cloudy,Completed,Unknown,1.3
B05833,C0059,D0094,2026-02-21 03:24:00,Colaba,Dadar,Mumbai,Auto,Wallet,5.96,17.6,113.64,1.04,Medium,Clear,Completed,Unknown,7.5
B05834,C0071,D0067,2026-02-23 14:11:00,Borivali,Colaba,Mumbai,Bike,UPI,14.64,26.7,127.84,1.07,Low,Smog,Incomplete,Unknown,2.6
B05835,C0283,D0070,2026-03-07 21:47:00,Dadar,Borivali,Mumbai,Bike,Card,2.07,4.9,52.42,1.09,Low,Smog,Completed,Unknown,10.4
B05836,C0189,D0096,2026-02-10 19:34:00,Viman Nagar,Hinjewadi,Pune,Auto,Card,5.65,15.5,110.85,1.51,Medium,Clear,Completed,Unknown,0.0
B05837,C0158,D0015,2026-03-06 16:55:00,Colaba,Dadar,Mumbai,Auto,UPI,1.36,3.2,72.24,1.13,Low,Clear,Completed,Unknown,10.0
B05838,C0197,D0096,2026-01-10 06:33:00,Malad,Borivali,Mumbai,Cab,Card,6.44,14.7,180.16,1.02,Low,Smog,Completed,Unknown,2.1
B05839,C0301,D0089,2026-01-05 13:07:00,Connaught Place,Saket,Delhi,Bike,UPI,8.9,21.3,93.4,1.15,Low,Cloudy,Cancelled,Customer,0.0
B05840,C0261,D0023,2026-03-17 02:55:00,Dwarka,Saket,Delhi,Auto,UPI,2.33,6.9,80.97,1.01,Medium,Clear,Completed,Unknown,4.9
B05841,C0276,D0055,2026-01-01 11:38:00,Baner,Kharadi,Pune,Bike,Cash,3.21,7.9,59.26,1.07,Medium,Clear,Completed,Unknown,3.8
B05842,C0353,D0045,2026-01-29 02:29:00,Chembur,Malad,Mumbai,Auto,UPI,2.43,6.2,81.87,1.05,Medium,Cloudy,Cancelled,Customer,0.0
B05843,C0123,D0004,2026-02-25 06:46:00,Borivali,Chembur,Mumbai,Auto,Cash,1.72,3.1,75.48,1.13,Low,Clear,Completed,Unknown,9.4
B05844,C0312,D0039,2026-03-15 07:05:00,Banjara Hills,Madhapur,Hyderabad,Auto,UPI,2.15,8.5,79.35,1.85,High,Cloudy,Completed,Unknown,9.6
B05845,C0262,D0143,2026-01-30 10:45:00,Baner,Wakad,Pune,Cab,UPI,7.25,27.2,191.5,1.33,High,Cloudy,Incomplete,Unknown,1.6
B05846,C0246,D0078,2026-02-09 17:20:00,Saket,Lajpat Nagar,Delhi,Cab,UPI,1.17,4.7,106.38,1.83,High,Clear,Completed,Unknown,8.9
B05847,C0108,D0133,2026-01-25 07:37:00,Pitampura,Rohini,Delhi,Cab,UPI,8.93,31.9,215.02,1.76,High,Clear,Cancelled,Customer,3.8
B05848,C0147,D0131,2026-03-04 12:37:00,Powai,Colaba,Mumbai,Cab,UPI,4.66,12.9,155.24,1.41,High,Clear,Completed,Unknown,2.7
B05849,C0124,D0125,2026-03-28 08:45:00,Connaught Place,Janakpuri,Delhi,Auto,Card,14.97,40.9,194.73,2.04,High,Rain,Completed,Unknown,8.3
B05850,C0262,D0036,2026-01-27 17:37:00,Malad,Powai,Mumbai,Bike,UPI,17.9,66.6,147.4,1.83,High,Cloudy,Completed,Unknown,5.8
B05851,C0387,D0069,2026-01-28 05:09:00,Secunderabad,Kukatpally,Hyderabad,Bike,Card,4.51,10.7,67.06,1.08,Medium,Clear,Completed,Unknown,2.0
B05852,C0306,D0121,2026-01-18 07:44:00,Indiranagar,MG Road,Bengaluru,Bike,UPI,6.39,17.0,78.34,1.43,Medium,Cloudy,Cancelled,Customer,0.0
B05853,C0081,D0020,2026-01-31 13:43:00,Koramangala,Whitefield,Bengaluru,Bike,UPI,1.71,3.9,50.26,1.02,Low,Clear,Completed,Unknown,0.9
B05854,C0335,D0076,2026-02-15 11:26:00,Borivali,Chembur,Mumbai,Cab,UPI,6.46,14.3,180.44,1.02,Low,Clear,Incomplete,Unknown,0.0
B05855,C0376,D0062,2026-03-23 06:17:00,Koramangala,Electronic City,Bengaluru,Bike,UPI,5.08,11.7,70.48,1.14,Medium,Cloudy,Completed,Unknown,3.1
B05856,C0193,D0006,2026-02-15 11:53:00,Kharadi,Viman Nagar,Pune,Auto,UPI,7.34,22.2,126.06,1.08,Medium,Clear,Completed,Unknown,2.3
B05857,C0088,D0133,2026-01-05 20:45:00,Janakpuri,Saket,Delhi,Auto,Card,22.46,51.9,262.14,1.05,Medium,Clear,Completed,Unknown,9.2
B05858,C0303,D0050,2026-01-01 11:40:00,Hinjewadi,Kharadi,Pune,Bike,Card,10.23,17.2,101.38,1.01,Low,Smog,Cancelled,Customer,0.0
B05859,C0376,D0084,2026-01-10 08:19:00,Electronic City,Koramangala,Bengaluru,Auto,UPI,27.11,60.3,303.99,1.41,Low,Clear,Cancelled,Customer,0.0
B05860,C0010,D0041,2026-03-14 00:09:00,Borivali,Chembur,Mumbai,Bike,UPI,1.39,2.7,48.34,1.11,Low,Clear,Cancelled,Driver,0.0
B05861,C0253,D0077,2026-02-14 17:03:00,Chembur,Andheri,Mumbai,Bike,Card,7.69,26.3,86.14,1.84,High,Cloudy,Completed,Unknown,1.8
B05862,C0046,D0131,2026-02-01 06:03:00,Wakad,Viman Nagar,Pune,Cab,Card,13.29,38.2,276.06,1.04,Medium,Cloudy,Completed,Unknown,0.0
B05863,C0011,D0051,2026-01-03 00:29:00,Hinjewadi,Kothrud,Pune,Auto,UPI,2.08,8.2,78.72,1.43,High,Clear,Cancelled,Driver,8.5
B05864,C0295,D0051,2026-03-02 20:21:00,Janakpuri,Noida Sector 18,Delhi,Cab,Card,1.91,7.6,116.74,1.43,High,Cloudy,Cancelled,Driver,4.7
B05865,C0139,D0028,2026-03-24 17:09:00,Secunderabad,Madhapur,Hyderabad,Bike,UPI,7.71,30.4,86.26,2.01,High,Rain,Cancelled,Customer,8.3
B05866,C0246,D0060,2026-02-02 13:38:00,Kothrud,Baner,Pune,Cab,UPI,2.37,4.9,123.18,1.05,Low,Clear,Completed,Unknown,5.5
B05867,C0007,D0005,2026-03-16 18:20:00,Pitampura,Janakpuri,Delhi,Bike,UPI,5.13,17.9,70.78,1.83,High,Clear,Completed,Unknown,3.8
B05868,C0379,D0132,2026-01-30 00:58:00,Janakpuri,Dwarka,Delhi,Auto,Card,8.91,17.2,140.19,1.07,Low,Clear,Cancelled,Customer,0.0
B05869,C0269,D0022,2026-03-04 17:28:00,Viman Nagar,Kharadi,Pune,Bike,Cash,1.22,2.4,47.32,1.41,Low,Clear,Completed,Unknown,2.5
B05870,C0138,D0031,2026-01-28 16:50:00,Secunderabad,Banjara Hills,Hyderabad,Auto,UPI,10.5,21.7,154.5,1.08,Low,Clear,Completed,Unknown,9.0
B05871,C0271,D0096,2026-03-12 23:31:00,Baner,Hinjewadi,Pune,Auto,UPI,9.44,17.6,144.96,1.08,Low,Clear,Completed,Unknown,4.0
B05872,C0194,D0045,2026-03-22 20:37:00,Chembur,Colaba,Mumbai,Bike,UPI,5.68,15.9,74.08,1.07,Medium,Cloudy,Completed,Unknown,4.4
B05873,C0106,D0120,2026-01-09 10:21:00,Saket,Dwarka,Delhi,Cab,Card,1.54,4.2,111.56,1.01,Medium,Cloudy,Completed,Unknown,7.3
B05874,C0115,D0093,2026-03-17 11:23:00,MG Road,Indiranagar,Bengaluru,Bike,UPI,9.83,26.6,98.98,1.14,Medium,Cloudy,Completed,Unknown,2.0
B05875,C0026,D0090,2026-01-26 22:25:00,MG Road,Jayanagar,Bengaluru,Cab,Card,1.66,3.9,113.24,1.09,Low,Clear,Completed,Unknown,6.5
B05876,C0336,D0034,2026-03-11 12:43:00,Ameerpet,Secunderabad,Hyderabad,Bike,Card,3.08,6.9,58.48,1.2,Medium,Rain,Completed,Unknown,0.0
B05877,C0109,D0140,2026-03-18 05:52:00,Bandra,Chembur,Mumbai,Bike,UPI,1.86,3.9,51.16,1.11,Low,Cloudy,Cancelled,Customer,7.1
B05878,C0391,D0067,2026-01-28 13:18:00,Wakad,Kothrud,Pune,Bike,UPI,8.67,21.3,92.02,1.1,Medium,Clear,Completed,Unknown,0.2
B05879,C0065,D0011,2026-03-19 10:07:00,Wakad,Baner,Pune,Bike,UPI,11.77,35.5,110.62,1.06,Medium,Cloudy,Completed,Unknown,2.3
B05880,C0059,D0076,2026-03-01 18:25:00,Pitampura,Noida Sector 18,Delhi,Cab,Cash,5.35,11.4,164.9,1.48,Low,Cloudy,Completed,Unknown,0.0
B05881,C0037,D0127,2026-03-01 19:22:00,Kukatpally,Ameerpet,Hyderabad,Auto,Cash,21.1,67.4,249.9,1.78,High,Clear,Completed,Unknown,3.8
B05882,C0098,D0056,2026-02-01 07:34:00,Dadar,Borivali,Mumbai,Bike,Cash,1.82,5.2,50.92,1.79,High,Smog,Cancelled,Customer,5.1
B05883,C0122,D0133,2026-03-08 09:52:00,Hinjewadi,Viman Nagar,Pune,Auto,Card,5.14,15.0,106.26,1.5,Medium,Clear,Cancelled,Driver,1.1
B05884,C0345,D0094,2026-01-29 23:02:00,Wakad,Hinjewadi,Pune,Cab,UPI,2.35,4.5,122.9,1.11,Low,Clear,Completed,Unknown,5.9
B05885,C0212,D0127,2026-03-11 08:54:00,Dwarka,Hauz Khas,Delhi,Auto,Card,1.56,4.3,74.04,1.78,High,Clear,Completed,Unknown,3.5
B05886,C0148,D0063,2026-02-07 01:24:00,Karol Bagh,Noida Sector 18,Delhi,Bike,Cash,4.15,9.5,64.9,1.12,Medium,Clear,Cancelled,Driver,0.0
B05887,C0121,D0124,2026-02-19 07:58:00,Gachibowli,Kukatpally,Hyderabad,Auto,Cash,5.73,18.2,111.57,2.03,High,Rain,Completed,Unknown,2.6
B05888,C0217,D0100,2026-02-09 10:07:00,Hinjewadi,Kothrud,Pune,Bike,Cash,7.06,14.8,82.36,1.07,Low,Clear,Completed,Unknown,0.0
B05889,C0102,D0095,2026-02-28 18:10:00,Dwarka,Rohini,Delhi,Cab,UPI,16.72,41.4,324.08,1.52,Medium,Clear,Completed,Unknown,2.7
B05890,C0065,D0026,2026-03-08 02:49:00,Madhapur,Gachibowli,Hyderabad,Bike,UPI,7.64,17.6,85.84,1.14,Low,Clear,Completed,Unknown,1.1
B05891,C0236,D0105,2026-03-10 07:42:00,Wakad,Baner,Pune,Cab,UPI,12.92,38.6,270.88,1.44,Medium,Clear,Completed,Unknown,0.0
B05892,C0002,D0049,2026-01-18 12:35:00,Jayanagar,Indiranagar,Bengaluru,Auto,UPI,6.75,14.3,120.75,1.22,Medium,Rain,Cancelled,Customer,8.6
B05893,C0400,D0120,2026-01-18 13:08:00,Hauz Khas,Noida Sector 18,Delhi,Auto,UPI,17.47,48.2,217.23,1.33,High,Cloudy,Completed,Unknown,4.0
B05894,C0055,D0036,2026-02-25 22:06:00,Wakad,Hinjewadi,Pune,Bike,Card,4.86,11.1,69.16,1.06,Medium,Clear,Completed,Unknown,0.0
B05895,C0037,D0007,2026-01-09 06:31:00,Kothrud,Wakad,Pune,Auto,Cash,3.71,8.9,93.39,1.07,Medium,Clear,Cancelled,Customer,0.1
B05896,C0335,D0052,2026-03-12 16:19:00,Dadar,Colaba,Mumbai,Bike,Card,1.08,3.3,46.48,1.34,Medium,Rain,Incomplete,Unknown,7.3
B05897,C0136,D0063,2026-02-14 04:17:00,Dadar,Borivali,Mumbai,Auto,UPI,4.74,11.6,102.66,1.21,Medium,Rain,Completed,Unknown,5.9
B05898,C0318,D0107,2026-03-21 02:14:00,Pitampura,Janakpuri,Delhi,Cab,UPI,3.13,8.4,133.82,1.11,Medium,Clear,Completed,Unknown,9.2
B05899,C0300,D0107,2026-02-15 21:05:00,Kharadi,Wakad,Pune,Cab,UPI,8.33,19.2,206.62,1.02,Medium,Cloudy,Completed,Unknown,10.2
B05900,C0076,D0135,2026-02-17 16:43:00,Andheri,Borivali,Mumbai,Bike,Cash,3.63,5.9,61.78,1.09,Low,Clear,Completed,Unknown,5.8
B05901,C0163,D0069,2026-01-03 09:27:00,Ameerpet,Madhapur,Hyderabad,Cab,Cash,5.75,21.3,170.5,1.75,High,Clear,Cancelled,Customer,3.4
B05902,C0249,D0045,2026-01-02 03:02:00,Hinjewadi,Wakad,Pune,Cab,UPI,27.87,57.1,480.18,1.05,Low,Cloudy,Completed,Unknown,0.0
B05903,C0359,D0114,2026-01-14 09:21:00,Whitefield,Marathahalli,Bengaluru,Auto,Wallet,3.57,12.0,92.13,1.9,High,Rain,Completed,Unknown,9.4
B05904,C0111,D0136,2026-03-30 06:15:00,Whitefield,Koramangala,Bengaluru,Cab,Cash,11.45,27.5,250.3,1.02,Medium,Clear,Completed,Unknown,3.2
B05905,C0195,D0029,2026-01-07 08:29:00,Viman Nagar,Hinjewadi,Pune,Auto,UPI,2.6,6.4,83.4,1.48,Medium,Smog,Incomplete,Unknown,1.1
B05906,C0144,D0079,2026-03-06 12:16:00,Andheri,Colaba,Mumbai,Bike,UPI,5.06,18.2,70.36,1.34,High,Clear,Cancelled,Customer,1.5
B05907,C0335,D0078,2026-03-28 05:09:00,Secunderabad,Banjara Hills,Hyderabad,Bike,Wallet,23.27,51.5,179.62,1.11,Medium,Clear,Cancelled,Customer,6.4
B05908,C0291,D0004,2026-02-06 14:02:00,MG Road,Whitefield,Bengaluru,Cab,Cash,10.21,22.2,232.94,1.04,Low,Clear,Completed,Unknown,7.9
B05909,C0383,D0135,2026-03-19 14:43:00,Lajpat Nagar,Pitampura,Delhi,Cab,UPI,6.61,19.9,182.54,1.34,High,Clear,Completed,Unknown,5.5
B05910,C0236,D0057,2026-02-16 00:24:00,Kharadi,Baner,Pune,Auto,UPI,1.4,2.5,72.6,1.29,Low,Rain,Completed,Unknown,0.0
B05911,C0345,D0046,2026-02-26 22:59:00,Karol Bagh,Dwarka,Delhi,Bike,Card,3.71,9.0,62.26,1.11,Medium,Clear,Completed,Unknown,2.1
B05912,C0159,D0060,2026-01-15 04:48:00,Pitampura,Connaught Place,Delhi,Auto,UPI,3.14,6.3,88.26,1.11,Low,Clear,Cancelled,Customer,0.0
B05913,C0062,D0028,2026-03-30 13:09:00,Andheri,Borivali,Mumbai,Bike,UPI,9.54,21.6,97.24,1.29,Medium,Rain,Completed,Unknown,7.2
B05914,C0046,D0027,2026-03-03 04:21:00,Kharadi,Baner,Pune,Bike,Wallet,6.66,17.1,79.96,1.04,Medium,Clear,Completed,Unknown,4.9
B05915,C0049,D0130,2026-01-29 02:59:00,Kothrud,Wakad,Pune,Bike,Card,4.03,10.9,64.18,1.33,Medium,Rain,Cancelled,Driver,0.0
B05916,C0397,D0079,2026-01-02 21:12:00,Kharadi,Hinjewadi,Pune,Auto,Card,1.92,4.0,77.28,1.29,Medium,Rain,Completed,Unknown,6.4
B05917,C0309,D0127,2026-03-01 11:28:00,Kukatpally,Madhapur,Hyderabad,Auto,UPI,7.15,21.2,124.35,1.05,Medium,Cloudy,Completed,Unknown,0.0
B05918,C0008,D0029,2026-01-26 20:24:00,Wakad,Kharadi,Pune,Bike,Card,1.27,2.3,47.62,1.13,Low,Cloudy,Cancelled,Customer,10.3
B05919,C0364,D0100,2026-03-30 01:19:00,Baner,Kharadi,Pune,Auto,Cash,3.06,12.0,87.54,1.38,High,Clear,Completed,Unknown,4.3
B05920,C0037,D0045,2026-02-09 15:17:00,Kukatpally,Madhapur,Hyderabad,Auto,UPI,11.42,32.0,162.78,1.1,Medium,Clear,Incomplete,Unknown,0.0
B05921,C0174,D0112,2026-01-26 02:02:00,Kukatpally,Secunderabad,Hyderabad,Bike,Card,5.47,17.5,72.82,1.43,High,Clear,Cancelled,Customer,8.9
B05922,C0227,D0027,2026-03-22 13:55:00,Electronic City,Jayanagar,Bengaluru,Auto,Card,14.34,34.1,189.06,1.13,Medium,Clear,Completed,Unknown,6.1
B05923,C0264,D0018,2026-01-11 18:22:00,Chembur,Dadar,Mumbai,Auto,UPI,3.56,7.9,92.04,1.45,Low,Cloudy,Completed,Unknown,0.0
B05924,C0267,D0036,2026-02-13 03:35:00,Banjara Hills,Gachibowli,Hyderabad,Bike,Wallet,1.88,3.6,51.28,1.28,Low,Rain,Completed,Unknown,0.0
B05925,C0246,D0044,2026-03-21 13:56:00,Marathahalli,HSR Layout,Bengaluru,Auto,UPI,1.77,4.4,75.93,1.33,Medium,Rain,Incomplete,Unknown,8.0
B05926,C0236,D0017,2026-01-24 13:51:00,Jayanagar,Indiranagar,Bengaluru,Cab,Wallet,7.66,22.9,197.24,1.13,Medium,Clear,Completed,Unknown,4.9
B05927,C0367,D0126,2026-01-28 00:25:00,Kharadi,Kothrud,Pune,Cab,UPI,3.58,8.2,140.12,1.23,Medium,Rain,Cancelled,Driver,5.4
B05928,C0207,D0093,2026-03-15 02:32:00,Bandra,Dadar,Mumbai,Bike,Card,7.37,15.6,84.22,1.09,Low,Clear,Completed,Unknown,5.2
B05929,C0043,D0126,2026-03-24 14:48:00,Chembur,Malad,Mumbai,Bike,Cash,20.93,46.6,165.58,1.09,Low,Clear,Completed,Unknown,7.5
B05930,C0372,D0015,2026-03-05 18:28:00,Dwarka,Hauz Khas,Delhi,Auto,UPI,3.11,11.5,87.99,1.84,High,Cloudy,Completed,Unknown,1.3
B05931,C0094,D0021,2026-01-20 18:37:00,Wakad,Kothrud,Pune,Cab,UPI,7.2,19.7,190.8,1.75,High,Smog,Completed,Unknown,4.1
B05932,C0006,D0076,2026-02-27 10:22:00,MG Road,Marathahalli,Bengaluru,Auto,Card,5.66,9.3,110.94,1.09,Low,Clear,Completed,Unknown,0.0
B05933,C0008,D0131,2026-03-26 09:45:00,Madhapur,Gachibowli,Hyderabad,Auto,UPI,3.88,10.1,94.92,1.4,Medium,Clear,Completed,Unknown,0.0
B05934,C0027,D0122,2026-03-19 15:58:00,Dadar,Borivali,Mumbai,Bike,UPI,5.74,13.6,74.44,1.01,Low,Cloudy,Completed,Unknown,4.0
B05935,C0253,D0045,2026-01-29 03:27:00,MG Road,Koramangala,Bengaluru,Bike,Card,4.12,9.8,64.72,1.15,Low,Cloudy,Completed,Unknown,1.3
B05936,C0059,D0031,2026-03-21 16:00:00,Whitefield,Jayanagar,Bengaluru,Cab,Wallet,6.49,23.9,180.86,1.31,High,Cloudy,Completed,Unknown,4.7
B05937,C0289,D0107,2026-02-26 21:15:00,Kukatpally,Secunderabad,Hyderabad,Bike,Cash,2.56,5.5,55.36,1.05,Medium,Smog,Completed,Unknown,4.6
B05938,C0139,D0108,2026-03-28 08:07:00,Colaba,Powai,Mumbai,Auto,UPI,2.62,10.2,83.58,1.77,High,Clear,Cancelled,Driver,4.6
B05939,C0011,D0114,2026-01-19 01:12:00,Chembur,Powai,Mumbai,Bike,UPI,1.51,3.5,49.06,1.32,Low,Rain,Completed,Unknown,4.9
B05940,C0363,D0095,2026-01-19 10:09:00,Borivali,Bandra,Mumbai,Auto,Cash,2.22,4.5,79.98,1.07,Low,Cloudy,Completed,Unknown,2.1
B05941,C0118,D0120,2026-03-25 17:11:00,Dwarka,Karol Bagh,Delhi,Auto,UPI,3.03,9.6,87.27,1.73,High,Smog,Cancelled,Driver,3.2
B05942,C0391,D0093,2026-01-02 23:34:00,Wakad,Baner,Pune,Bike,Wallet,3.47,7.1,60.82,1.14,Low,Clear,Incomplete,Unknown,3.0
B05943,C0099,D0012,2026-01-09 01:01:00,Janakpuri,Rohini,Delhi,Bike,UPI,10.15,18.9,100.9,1.04,Low,Clear,Cancelled,Customer,0.0
B05944,C0011,D0073,2026-02-14 18:37:00,Wakad,Kothrud,Pune,Auto,Cash,10.22,33.6,151.98,1.79,High,Clear,Cancelled,Customer,0.8
B05945,C0212,D0089,2026-03-24 15:54:00,Kukatpally,Gachibowli,Hyderabad,Bike,UPI,1.22,2.3,47.32,1.11,Low,Cloudy,Completed,Unknown,5.1
B05946,C0209,D0144,2026-02-14 08:53:00,Hinjewadi,Kharadi,Pune,Bike,UPI,6.7,19.6,80.2,1.8,High,Cloudy,Completed,Unknown,10.5
B05947,C0038,D0132,2026-01-25 14:54:00,Jayanagar,HSR Layout,Bengaluru,Bike,Cash,3.02,11.4,58.12,1.43,High,Clear,Cancelled,Driver,7.6
B05948,C0213,D0126,2026-02-22 12:51:00,Chembur,Powai,Mumbai,Bike,UPI,8.35,17.6,90.1,1.03,Medium,Clear,Completed,Unknown,7.9
B05949,C0337,D0093,2026-02-19 14:08:00,Madhapur,Kukatpally,Hyderabad,Auto,Card,2.89,6.7,86.01,1.13,Low,Clear,Completed,Unknown,0.5
B05950,C0192,D0107,2026-02-23 06:21:00,Andheri,Dadar,Mumbai,Bike,Cash,5.38,15.7,72.28,1.41,High,Clear,Completed,Unknown,7.5
B05951,C0152,D0114,2026-03-13 12:32:00,Kharadi,Hinjewadi,Pune,Auto,Wallet,6.18,20.2,115.62,1.6,High,Rain,Incomplete,Unknown,5.7
B05952,C0028,D0140,2026-03-11 12:17:00,Whitefield,Marathahalli,Bengaluru,Cab,Card,8.84,18.6,213.76,1.3,Medium,Rain,Completed,Unknown,6.6
B05953,C0013,D0103,2026-02-19 21:40:00,Powai,Borivali,Mumbai,Auto,Wallet,6.26,14.2,116.34,1.02,Low,Clear,Completed,Unknown,6.1
B05954,C0157,D0092,2026-03-29 01:41:00,Viman Nagar,Baner,Pune,Auto,Cash,19.61,62.7,236.49,1.36,High,Clear,Completed,Unknown,3.8
B05955,C0245,D0098,2026-02-04 17:57:00,Kukatpally,Banjara Hills,Hyderabad,Auto,UPI,14.87,44.9,193.83,1.51,Medium,Cloudy,Completed,Unknown,8.2
B05956,C0195,D0120,2026-02-13 17:53:00,Kukatpally,Gachibowli,Hyderabad,Bike,UPI,6.62,15.1,79.72,1.46,Low,Clear,Cancelled,Customer,3.5
B05957,C0024,D0107,2026-02-09 18:01:00,Jayanagar,MG Road,Bengaluru,Auto,Card,4.91,13.6,104.19,1.69,Medium,Rain,Completed,Unknown,5.0
B05958,C0133,D0001,2026-01-11 12:15:00,Kharadi,Viman Nagar,Pune,Bike,Card,6.51,15.4,79.06,1.11,Low,Clear,Cancelled,Customer,0.3
B05959,C0246,D0125,2026-02-09 17:35:00,Electronic City,Koramangala,Bengaluru,Cab,UPI,12.86,49.7,270.04,1.77,High,Cloudy,Completed,Unknown,1.3
B05960,C0262,D0093,2026-02-22 20:34:00,Andheri,Colaba,Mumbai,Bike,Wallet,2.67,6.4,56.02,1.09,Low,Clear,Completed,Unknown,3.5
B05961,C0324,D0094,2026-03-06 04:53:00,Indiranagar,Koramangala,Bengaluru,Cab,UPI,28.52,46.7,489.28,1.03,Low,Cloudy,Completed,Unknown,5.3
B05962,C0105,D0008,2026-02-08 11:07:00,Kharadi,Viman Nagar,Pune,Bike,UPI,5.17,12.7,71.02,1.12,Medium,Clear,Cancelled,Customer,5.1
B05963,C0245,D0016,2026-01-05 15:22:00,Malad,Bandra,Mumbai,Bike,UPI,3.85,9.1,63.1,1.04,Low,Clear,Completed,Unknown,0.4
B05964,C0045,D0105,2026-02-26 18:01:00,Bandra,Andheri,Mumbai,Bike,UPI,4.23,15.1,65.38,1.79,High,Clear,Cancelled,Customer,8.9
B05965,C0049,D0079,2026-02-06 20:45:00,Kharadi,Hinjewadi,Pune,Bike,Cash,4.71,11.2,68.26,1.06,Low,Clear,Completed,Unknown,0.0
B05966,C0227,D0045,2026-01-28 21:52:00,Wakad,Kharadi,Pune,Cab,Card,3.55,11.8,139.7,1.43,High,Cloudy,Cancelled,Customer,1.8
B05967,C0103,D0093,2026-01-19 15:36:00,Baner,Viman Nagar,Pune,Bike,UPI,4.79,8.4,68.74,1.02,Low,Clear,Completed,Unknown,8.8
B05968,C0264,D0126,2026-02-14 06:21:00,Hinjewadi,Kharadi,Pune,Cab,UPI,3.17,6.9,134.38,1.29,Low,Rain,Completed,Unknown,6.4
B05969,C0032,D0022,2026-03-30 16:51:00,Secunderabad,Ameerpet,Hyderabad,Auto,Card,3.51,9.5,91.59,1.0,Medium,Cloudy,Completed,Unknown,6.8
B05970,C0291,D0137,2026-02-16 22:18:00,Borivali,Malad,Mumbai,Auto,UPI,2.43,4.5,81.87,1.15,Low,Clear,Completed,Unknown,0.0
B05971,C0384,D0124,2026-02-03 23:48:00,Viman Nagar,Wakad,Pune,Bike,Card,6.98,14.4,81.88,1.09,Low,Cloudy,Completed,Unknown,3.8
B05972,C0283,D0018,2026-02-03 05:19:00,MG Road,Koramangala,Bengaluru,Bike,UPI,4.29,7.9,65.74,1.14,Low,Cloudy,Completed,Unknown,1.9
B05973,C0376,D0001,2026-03-25 03:45:00,Whitefield,Indiranagar,Bengaluru,Bike,Cash,4.02,11.6,64.12,1.1,Medium,Clear,Cancelled,Customer,0.0
B05974,C0166,D0109,2026-01-05 23:20:00,Viman Nagar,Hinjewadi,Pune,Bike,Card,7.23,16.1,83.38,1.03,Low,Cloudy,Completed,Unknown,2.7
B05975,C0060,D0038,2026-01-14 11:58:00,Powai,Malad,Mumbai,Cab,Card,2.81,8.9,129.34,1.52,High,Rain,Completed,Unknown,3.4
B05976,C0281,D0090,2026-01-28 05:02:00,Secunderabad,Madhapur,Hyderabad,Bike,UPI,3.16,5.9,58.96,1.02,Low,Clear,Completed,Unknown,1.5
B05977,C0118,D0034,2026-02-21 10:58:00,Ameerpet,Kukatpally,Hyderabad,Auto,UPI,1.58,3.5,74.22,1.26,Medium,Rain,Completed,Unknown,7.7
B05978,C0037,D0084,2026-02-02 15:59:00,Bandra,Borivali,Mumbai,Cab,UPI,2.06,5.7,118.84,1.14,Medium,Clear,Cancelled,Customer,3.5
B05979,C0362,D0012,2026-02-13 05:35:00,Saket,Lajpat Nagar,Delhi,Auto,Card,7.44,19.7,126.96,1.05,Medium,Clear,Completed,Unknown,3.4
B05980,C0043,D0034,2026-02-19 11:17:00,Secunderabad,Banjara Hills,Hyderabad,Bike,Cash,8.26,23.2,89.56,1.12,Medium,Clear,Completed,Unknown,1.1
B05981,C0235,D0078,2026-01-04 22:07:00,Koramangala,HSR Layout,Bengaluru,Bike,UPI,22.06,43.2,172.36,1.33,Low,Rain,Completed,Unknown,4.0
B05982,C0130,D0006,2026-03-24 23:08:00,Banjara Hills,Kukatpally,Hyderabad,Bike,Card,3.77,15.2,62.62,1.62,High,Rain,Cancelled,Driver,4.3
B05983,C0024,D0131,2026-02-16 04:14:00,Whitefield,MG Road,Bengaluru,Auto,Card,1.81,4.3,76.29,1.05,Low,Cloudy,Cancelled,Customer,2.6
B05984,C0369,D0077,2026-02-14 01:08:00,Madhapur,Gachibowli,Hyderabad,Auto,Card,1.74,3.2,75.66,1.13,Low,Cloudy,Incomplete,Unknown,0.0
B05985,C0276,D0019,2026-02-10 23:31:00,Koramangala,Indiranagar,Bengaluru,Auto,UPI,10.61,25.4,155.49,1.1,Medium,Clear,Completed,Unknown,9.5
B05986,C0039,D0093,2026-01-15 02:29:00,Chembur,Malad,Mumbai,Auto,Card,2.23,3.7,80.07,1.12,Low,Clear,Cancelled,Customer,1.3
B05987,C0147,D0136,2026-03-02 17:10:00,Baner,Wakad,Pune,Cab,Card,4.13,10.1,147.82,1.51,Medium,Clear,Completed,Unknown,0.0
B05988,C0355,D0005,2026-01-29 06:53:00,Baner,Kharadi,Pune,Auto,Card,1.35,2.9,72.15,1.02,Medium,Cloudy,Completed,Unknown,11.1
B05989,C0320,D0027,2026-03-30 23:09:00,Indiranagar,Marathahalli,Bengaluru,Auto,Cash,10.38,42.3,153.42,1.31,High,Cloudy,Completed,Unknown,5.6
B05990,C0355,D0122,2026-01-01 07:52:00,Gachibowli,Banjara Hills,Hyderabad,Bike,Card,6.26,17.9,77.56,1.82,High,Cloudy,Completed,Unknown,5.4
B05991,C0335,D0133,2026-01-16 21:47:00,Indiranagar,Jayanagar,Bengaluru,Auto,UPI,22.75,59.8,264.75,1.11,Medium,Cloudy,Completed,Unknown,3.1
B05992,C0230,D0072,2026-03-16 22:45:00,MG Road,Marathahalli,Bengaluru,Auto,Wallet,1.44,3.8,72.96,1.04,Medium,Clear,Completed,Unknown,7.6
B05993,C0334,D0096,2026-03-28 19:23:00,Wakad,Viman Nagar,Pune,Auto,Cash,2.23,5.5,80.07,1.48,Medium,Clear,Cancelled,Driver,3.1
B05994,C0031,D0030,2026-01-11 10:49:00,Gachibowli,Madhapur,Hyderabad,Auto,UPI,6.38,14.6,117.42,1.13,Low,Cloudy,Incomplete,Unknown,4.6
B05995,C0087,D0017,2026-01-20 16:04:00,Hinjewadi,Kharadi,Pune,Cab,Wallet,5.28,11.2,163.92,1.12,Low,Clear,Completed,Unknown,4.1
B05996,C0122,D0128,2026-03-16 15:45:00,HSR Layout,Indiranagar,Bengaluru,Cab,UPI,18.25,50.5,345.5,1.58,High,Rain,Completed,Unknown,4.5
B05997,C0213,D0096,2026-01-24 08:53:00,Noida Sector 18,Janakpuri,Delhi,Bike,Cash,4.23,14.8,65.38,1.82,High,Cloudy,Cancelled,Customer,2.4
B05998,C0173,D0083,2026-03-10 05:11:00,Secunderabad,Gachibowli,Hyderabad,Auto,UPI,2.19,6.1,79.71,1.31,High,Clear,Cancelled,Driver,13.0
B05999,C0309,D0131,2026-02-16 19:58:00,Viman Nagar,Kharadi,Pune,Bike,Wallet,8.63,16.3,91.78,1.4,Low,Cloudy,Cancelled,Customer,2.0
B06000,C0351,D0105,2026-03-04 07:02:00,Gachibowli,Secunderabad,Hyderabad,Auto,UPI,8.22,17.8,133.98,1.45,Low,Cloudy,Cancelled,Customer,0.0
